INFO:     Will watch for changes in these directories: ['/Users/hiralgandharva/Desktop/Hardik/OpsisTechnology/Nestora/backend']
INFO:     Uvicorn running on http://127.0.0.1:8000 (Press CTRL+C to quit)
INFO:     Started reloader process [7446] using StatReload
INFO:     Started server process [7449]
INFO:     Waiting for application startup.
/Users/hiralgandharva/Desktop/Hardik/OpsisTechnology/Nestora/backend/venv/lib/python3.14/site-packages/aiomysql/cursors.py:458: Warning: Integer display width is deprecated and will be removed in a future release.
  await self._do_get_result()
/Users/hiralgandharva/Desktop/Hardik/OpsisTechnology/Nestora/backend/venv/lib/python3.14/site-packages/aiomysql/cursors.py:458: Warning: Field 'id' doesn't have a default value
  await self._do_get_result()
2026-07-22 16:24:20,658 - nestora - INFO - Seeded test user for Super admin: superadmin@nestora.io
2026-07-22 16:24:20,660 - nestora - INFO - Seeded test user for Admin: admin@nestora.io
2026-07-22 16:24:20,661 - nestora - INFO - Seeded test user for CSR: csr@nestora.io
2026-07-22 16:24:20,662 - nestora - INFO - Seeded test user for Accountant: accountant@nestora.io
2026-07-22 16:24:20,663 - nestora - INFO - Seeded test user for Security: security@nestora.io
2026-07-22 16:24:20,664 - nestora - INFO - Seeded test user for Board member: boardmember@nestora.io
2026-07-22 16:24:20,665 - nestora - INFO - Seeded test user for Homeowner: homeowner@nestora.io
2026-07-22 16:24:20,666 - nestora - INFO - Seeded test user for Tenant: tenant@nestora.io
2026-07-22 16:24:20,671 - nestora - INFO - Seeded demo access codes: NST-DEMO1, NST-DEMO2, NST-DEMO3
2026-07-22 16:24:20,673 - nestora - INFO - Seeded demo announcements.
2026-07-22 16:24:20,676 - nestora - INFO - Seeded demo events.
2026-07-22 16:24:20,676 - nestora - INFO - Nestora API started (MySQL connected).
INFO:     Application startup complete.
INFO:     127.0.0.1:54921 - "OPTIONS /api/auth/me HTTP/1.1" 200 OK
INFO:     127.0.0.1:54922 - "OPTIONS /api/auth/me HTTP/1.1" 200 OK
/Users/hiralgandharva/Desktop/Hardik/OpsisTechnology/Nestora/backend/venv/lib/python3.14/site-packages/aiomysql/cursors.py:458: Warning: Truncated incorrect DOUBLE value: '03c00802-1ff9-44b5-9b7c-b16382bd7210'
  await self._do_get_result()
/Users/hiralgandharva/Desktop/Hardik/OpsisTechnology/Nestora/backend/venv/lib/python3.14/site-packages/aiomysql/cursors.py:458: Warning: Truncated incorrect DOUBLE value: '0f1a4634-6c3c-4141-ab43-fab0f7d55fc5'
  await self._do_get_result()
/Users/hiralgandharva/Desktop/Hardik/OpsisTechnology/Nestora/backend/venv/lib/python3.14/site-packages/aiomysql/cursors.py:458: Warning: Truncated incorrect DOUBLE value: '38898961-d94a-4d74-adc3-34c0e0dc54e1'
  await self._do_get_result()
/Users/hiralgandharva/Desktop/Hardik/OpsisTechnology/Nestora/backend/venv/lib/python3.14/site-packages/aiomysql/cursors.py:458: Warning: Truncated incorrect DOUBLE value: '3f5287f6-f4a4-464f-a48c-42dd330bdb22'
  await self._do_get_result()
/Users/hiralgandharva/Desktop/Hardik/OpsisTechnology/Nestora/backend/venv/lib/python3.14/site-packages/aiomysql/cursors.py:458: Warning: Truncated incorrect DOUBLE value: '7f02e402-9afe-4317-a541-e8f1cc6a01d5'
  await self._do_get_result()
/Users/hiralgandharva/Desktop/Hardik/OpsisTechnology/Nestora/backend/venv/lib/python3.14/site-packages/aiomysql/cursors.py:458: Warning: Truncated incorrect DOUBLE value: 'de2ea2d4-7fb1-46bf-8fb5-17473840efbd'
  await self._do_get_result()
/Users/hiralgandharva/Desktop/Hardik/OpsisTechnology/Nestora/backend/venv/lib/python3.14/site-packages/aiomysql/cursors.py:458: Warning: Truncated incorrect DOUBLE value: 'e61135e9-00da-48e8-9707-dd1c5887378d'
  await self._do_get_result()
/Users/hiralgandharva/Desktop/Hardik/OpsisTechnology/Nestora/backend/venv/lib/python3.14/site-packages/aiomysql/cursors.py:458: Warning: Truncated incorrect DOUBLE value: 'f73d47a4-2e55-4262-ac9d-6d49723eedd0'
  await self._do_get_result()
INFO:     127.0.0.1:54921 - "GET /api/auth/me HTTP/1.1" 200 OK
INFO:     127.0.0.1:54921 - "GET /api/auth/me HTTP/1.1" 200 OK
INFO:     127.0.0.1:54921 - "OPTIONS /api/profile/data HTTP/1.1" 200 OK
INFO:     127.0.0.1:54922 - "OPTIONS /api/profile/data HTTP/1.1" 200 OK
INFO:     127.0.0.1:54924 - "GET /api/profile/data HTTP/1.1" 500 Internal Server Error
ERROR:    Exception in ASGI application
Traceback (most recent call last):
  File "/Users/hiralgandharva/Desktop/Hardik/OpsisTechnology/Nestora/backend/venv/lib/python3.14/site-packages/uvicorn/protocols/http/h11_impl.py", line 408, in run_asgi
    result = await app(  # type: ignore[func-returns-value]
             ^^^^^^^^^^^^^^^^^^^^^^^^^^^^^^^^^^^^^^^^^^^^^^
        self.scope, self.receive, self.send
        ^^^^^^^^^^^^^^^^^^^^^^^^^^^^^^^^^^^
    )
    ^
  File "/Users/hiralgandharva/Desktop/Hardik/OpsisTechnology/Nestora/backend/venv/lib/python3.14/site-packages/uvicorn/middleware/proxy_headers.py", line 84, in __call__
    return await self.app(scope, receive, send)
           ^^^^^^^^^^^^^^^^^^^^^^^^^^^^^^^^^^^^
  File "/Users/hiralgandharva/Desktop/Hardik/OpsisTechnology/Nestora/backend/venv/lib/python3.14/site-packages/fastapi/applications.py", line 1054, in __call__
    await super().__call__(scope, receive, send)
  File "/Users/hiralgandharva/Desktop/Hardik/OpsisTechnology/Nestora/backend/venv/lib/python3.14/site-packages/starlette/applications.py", line 123, in __call__
    await self.middleware_stack(scope, receive, send)
  File "/Users/hiralgandharva/Desktop/Hardik/OpsisTechnology/Nestora/backend/venv/lib/python3.14/site-packages/starlette/middleware/errors.py", line 186, in __call__
    raise exc
  File "/Users/hiralgandharva/Desktop/Hardik/OpsisTechnology/Nestora/backend/venv/lib/python3.14/site-packages/starlette/middleware/errors.py", line 164, in __call__
    await self.app(scope, receive, _send)
  File "/Users/hiralgandharva/Desktop/Hardik/OpsisTechnology/Nestora/backend/venv/lib/python3.14/site-packages/starlette/middleware/cors.py", line 93, in __call__
    await self.simple_response(scope, receive, send, request_headers=headers)
  File "/Users/hiralgandharva/Desktop/Hardik/OpsisTechnology/Nestora/backend/venv/lib/python3.14/site-packages/starlette/middleware/cors.py", line 148, in simple_response
    await self.app(scope, receive, send)
  File "/Users/hiralgandharva/Desktop/Hardik/OpsisTechnology/Nestora/backend/venv/lib/python3.14/site-packages/starlette/middleware/exceptions.py", line 65, in __call__
    await wrap_app_handling_exceptions(self.app, conn)(scope, receive, send)
  File "/Users/hiralgandharva/Desktop/Hardik/OpsisTechnology/Nestora/backend/venv/lib/python3.14/site-packages/starlette/_exception_handler.py", line 64, in wrapped_app
    raise exc
  File "/Users/hiralgandharva/Desktop/Hardik/OpsisTechnology/Nestora/backend/venv/lib/python3.14/site-packages/starlette/_exception_handler.py", line 53, in wrapped_app
    await app(scope, receive, sender)
  File "/Users/hiralgandharva/Desktop/Hardik/OpsisTechnology/Nestora/backend/venv/lib/python3.14/site-packages/starlette/routing.py", line 756, in __call__
    await self.middleware_stack(scope, receive, send)
  File "/Users/hiralgandharva/Desktop/Hardik/OpsisTechnology/Nestora/backend/venv/lib/python3.14/site-packages/starlette/routing.py", line 776, in app
    await route.handle(scope, receive, send)
  File "/Users/hiralgandharva/Desktop/Hardik/OpsisTechnology/Nestora/backend/venv/lib/python3.14/site-packages/starlette/routing.py", line 297, in handle
    await self.app(scope, receive, send)
  File "/Users/hiralgandharva/Desktop/Hardik/OpsisTechnology/Nestora/backend/venv/lib/python3.14/site-packages/starlette/routing.py", line 77, in app
    await wrap_app_handling_exceptions(app, request)(scope, receive, send)
  File "/Users/hiralgandharva/Desktop/Hardik/OpsisTechnology/Nestora/backend/venv/lib/python3.14/site-packages/starlette/_exception_handler.py", line 64, in wrapped_app
    raise exc
  File "/Users/hiralgandharva/Desktop/Hardik/OpsisTechnology/Nestora/backend/venv/lib/python3.14/site-packages/starlette/_exception_handler.py", line 53, in wrapped_app
    await app(scope, receive, sender)
  File "/Users/hiralgandharva/Desktop/Hardik/OpsisTechnology/Nestora/backend/venv/lib/python3.14/site-packages/starlette/routing.py", line 72, in app
    response = await func(request)
               ^^^^^^^^^^^^^^^^^^^
  File "/Users/hiralgandharva/Desktop/Hardik/OpsisTechnology/Nestora/backend/venv/lib/python3.14/site-packages/fastapi/routing.py", line 278, in app
    raw_response = await run_endpoint_function(
                   ^^^^^^^^^^^^^^^^^^^^^^^^^^^^
        dependant=dependant, values=values, is_coroutine=is_coroutine
        ^^^^^^^^^^^^^^^^^^^^^^^^^^^^^^^^^^^^^^^^^^^^^^^^^^^^^^^^^^^^^
    )
    ^
  File "/Users/hiralgandharva/Desktop/Hardik/OpsisTechnology/Nestora/backend/venv/lib/python3.14/site-packages/fastapi/routing.py", line 191, in run_endpoint_function
    return await dependant.call(**values)
           ^^^^^^^^^^^^^^^^^^^^^^^^^^^^^^
  File "/Users/hiralgandharva/Desktop/Hardik/OpsisTechnology/Nestora/backend/server.py", line 1591, in get_profile_data
    family_members = await db_fetchall("SELECT * FROM family_members WHERE user_id=%s", (uid,))
                     ^^^^^^^^^^^^^^^^^^^^^^^^^^^^^^^^^^^^^^^^^^^^^^^^^^^^^^^^^^^^^^^^^^^^^^^^^^
  File "/Users/hiralgandharva/Desktop/Hardik/OpsisTechnology/Nestora/backend/server.py", line 107, in db_fetchall
    await cur.execute(sql, params)
  File "/Users/hiralgandharva/Desktop/Hardik/OpsisTechnology/Nestora/backend/venv/lib/python3.14/site-packages/aiomysql/cursors.py", line 239, in execute
    await self._query(query)
  File "/Users/hiralgandharva/Desktop/Hardik/OpsisTechnology/Nestora/backend/venv/lib/python3.14/site-packages/aiomysql/cursors.py", line 457, in _query
    await conn.query(q)
  File "/Users/hiralgandharva/Desktop/Hardik/OpsisTechnology/Nestora/backend/venv/lib/python3.14/site-packages/aiomysql/connection.py", line 469, in query
    await self._read_query_result(unbuffered=unbuffered)
  File "/Users/hiralgandharva/Desktop/Hardik/OpsisTechnology/Nestora/backend/venv/lib/python3.14/site-packages/aiomysql/connection.py", line 683, in _read_query_result
    await result.read()
  File "/Users/hiralgandharva/Desktop/Hardik/OpsisTechnology/Nestora/backend/venv/lib/python3.14/site-packages/aiomysql/connection.py", line 1164, in read
    first_packet = await self.connection._read_packet()
                   ^^^^^^^^^^^^^^^^^^^^^^^^^^^^^^^^^^^^
  File "/Users/hiralgandharva/Desktop/Hardik/OpsisTechnology/Nestora/backend/venv/lib/python3.14/site-packages/aiomysql/connection.py", line 652, in _read_packet
    packet.raise_for_error()
    ~~~~~~~~~~~~~~~~~~~~~~^^
  File "/Users/hiralgandharva/Desktop/Hardik/OpsisTechnology/Nestora/backend/venv/lib/python3.14/site-packages/pymysql/protocol.py", line 219, in raise_for_error
    err.raise_mysql_exception(self._data)
    ~~~~~~~~~~~~~~~~~~~~~~~~~^^^^^^^^^^^^
  File "/Users/hiralgandharva/Desktop/Hardik/OpsisTechnology/Nestora/backend/venv/lib/python3.14/site-packages/pymysql/err.py", line 154, in raise_mysql_exception
    raise errorclass(errno, errval, sqlstate=sqlstate)
pymysql.err.ProgrammingError: (1146, "Table 'nestora.family_members' doesn't exist")
INFO:     127.0.0.1:54922 - "GET /api/profile/data HTTP/1.1" 500 Internal Server Error
ERROR:    Exception in ASGI application
Traceback (most recent call last):
  File "/Users/hiralgandharva/Desktop/Hardik/OpsisTechnology/Nestora/backend/venv/lib/python3.14/site-packages/uvicorn/protocols/http/h11_impl.py", line 408, in run_asgi
    result = await app(  # type: ignore[func-returns-value]
             ^^^^^^^^^^^^^^^^^^^^^^^^^^^^^^^^^^^^^^^^^^^^^^
        self.scope, self.receive, self.send
        ^^^^^^^^^^^^^^^^^^^^^^^^^^^^^^^^^^^
    )
    ^
  File "/Users/hiralgandharva/Desktop/Hardik/OpsisTechnology/Nestora/backend/venv/lib/python3.14/site-packages/uvicorn/middleware/proxy_headers.py", line 84, in __call__
    return await self.app(scope, receive, send)
           ^^^^^^^^^^^^^^^^^^^^^^^^^^^^^^^^^^^^
  File "/Users/hiralgandharva/Desktop/Hardik/OpsisTechnology/Nestora/backend/venv/lib/python3.14/site-packages/fastapi/applications.py", line 1054, in __call__
    await super().__call__(scope, receive, send)
  File "/Users/hiralgandharva/Desktop/Hardik/OpsisTechnology/Nestora/backend/venv/lib/python3.14/site-packages/starlette/applications.py", line 123, in __call__
    await self.middleware_stack(scope, receive, send)
  File "/Users/hiralgandharva/Desktop/Hardik/OpsisTechnology/Nestora/backend/venv/lib/python3.14/site-packages/starlette/middleware/errors.py", line 186, in __call__
    raise exc
  File "/Users/hiralgandharva/Desktop/Hardik/OpsisTechnology/Nestora/backend/venv/lib/python3.14/site-packages/starlette/middleware/errors.py", line 164, in __call__
    await self.app(scope, receive, _send)
  File "/Users/hiralgandharva/Desktop/Hardik/OpsisTechnology/Nestora/backend/venv/lib/python3.14/site-packages/starlette/middleware/cors.py", line 93, in __call__
    await self.simple_response(scope, receive, send, request_headers=headers)
  File "/Users/hiralgandharva/Desktop/Hardik/OpsisTechnology/Nestora/backend/venv/lib/python3.14/site-packages/starlette/middleware/cors.py", line 148, in simple_response
    await self.app(scope, receive, send)
  File "/Users/hiralgandharva/Desktop/Hardik/OpsisTechnology/Nestora/backend/venv/lib/python3.14/site-packages/starlette/middleware/exceptions.py", line 65, in __call__
    await wrap_app_handling_exceptions(self.app, conn)(scope, receive, send)
  File "/Users/hiralgandharva/Desktop/Hardik/OpsisTechnology/Nestora/backend/venv/lib/python3.14/site-packages/starlette/_exception_handler.py", line 64, in wrapped_app
    raise exc
  File "/Users/hiralgandharva/Desktop/Hardik/OpsisTechnology/Nestora/backend/venv/lib/python3.14/site-packages/starlette/_exception_handler.py", line 53, in wrapped_app
    await app(scope, receive, sender)
  File "/Users/hiralgandharva/Desktop/Hardik/OpsisTechnology/Nestora/backend/venv/lib/python3.14/site-packages/starlette/routing.py", line 756, in __call__
    await self.middleware_stack(scope, receive, send)
  File "/Users/hiralgandharva/Desktop/Hardik/OpsisTechnology/Nestora/backend/venv/lib/python3.14/site-packages/starlette/routing.py", line 776, in app
    await route.handle(scope, receive, send)
  File "/Users/hiralgandharva/Desktop/Hardik/OpsisTechnology/Nestora/backend/venv/lib/python3.14/site-packages/starlette/routing.py", line 297, in handle
    await self.app(scope, receive, send)
  File "/Users/hiralgandharva/Desktop/Hardik/OpsisTechnology/Nestora/backend/venv/lib/python3.14/site-packages/starlette/routing.py", line 77, in app
    await wrap_app_handling_exceptions(app, request)(scope, receive, send)
  File "/Users/hiralgandharva/Desktop/Hardik/OpsisTechnology/Nestora/backend/venv/lib/python3.14/site-packages/starlette/_exception_handler.py", line 64, in wrapped_app
    raise exc
  File "/Users/hiralgandharva/Desktop/Hardik/OpsisTechnology/Nestora/backend/venv/lib/python3.14/site-packages/starlette/_exception_handler.py", line 53, in wrapped_app
    await app(scope, receive, sender)
  File "/Users/hiralgandharva/Desktop/Hardik/OpsisTechnology/Nestora/backend/venv/lib/python3.14/site-packages/starlette/routing.py", line 72, in app
    response = await func(request)
               ^^^^^^^^^^^^^^^^^^^
  File "/Users/hiralgandharva/Desktop/Hardik/OpsisTechnology/Nestora/backend/venv/lib/python3.14/site-packages/fastapi/routing.py", line 278, in app
    raw_response = await run_endpoint_function(
                   ^^^^^^^^^^^^^^^^^^^^^^^^^^^^
        dependant=dependant, values=values, is_coroutine=is_coroutine
        ^^^^^^^^^^^^^^^^^^^^^^^^^^^^^^^^^^^^^^^^^^^^^^^^^^^^^^^^^^^^^
    )
    ^
  File "/Users/hiralgandharva/Desktop/Hardik/OpsisTechnology/Nestora/backend/venv/lib/python3.14/site-packages/fastapi/routing.py", line 191, in run_endpoint_function
    return await dependant.call(**values)
           ^^^^^^^^^^^^^^^^^^^^^^^^^^^^^^
  File "/Users/hiralgandharva/Desktop/Hardik/OpsisTechnology/Nestora/backend/server.py", line 1591, in get_profile_data
    family_members = await db_fetchall("SELECT * FROM family_members WHERE user_id=%s", (uid,))
                     ^^^^^^^^^^^^^^^^^^^^^^^^^^^^^^^^^^^^^^^^^^^^^^^^^^^^^^^^^^^^^^^^^^^^^^^^^^
  File "/Users/hiralgandharva/Desktop/Hardik/OpsisTechnology/Nestora/backend/server.py", line 107, in db_fetchall
    await cur.execute(sql, params)
  File "/Users/hiralgandharva/Desktop/Hardik/OpsisTechnology/Nestora/backend/venv/lib/python3.14/site-packages/aiomysql/cursors.py", line 239, in execute
    await self._query(query)
  File "/Users/hiralgandharva/Desktop/Hardik/OpsisTechnology/Nestora/backend/venv/lib/python3.14/site-packages/aiomysql/cursors.py", line 457, in _query
    await conn.query(q)
  File "/Users/hiralgandharva/Desktop/Hardik/OpsisTechnology/Nestora/backend/venv/lib/python3.14/site-packages/aiomysql/connection.py", line 469, in query
    await self._read_query_result(unbuffered=unbuffered)
  File "/Users/hiralgandharva/Desktop/Hardik/OpsisTechnology/Nestora/backend/venv/lib/python3.14/site-packages/aiomysql/connection.py", line 683, in _read_query_result
    await result.read()
  File "/Users/hiralgandharva/Desktop/Hardik/OpsisTechnology/Nestora/backend/venv/lib/python3.14/site-packages/aiomysql/connection.py", line 1164, in read
    first_packet = await self.connection._read_packet()
                   ^^^^^^^^^^^^^^^^^^^^^^^^^^^^^^^^^^^^
  File "/Users/hiralgandharva/Desktop/Hardik/OpsisTechnology/Nestora/backend/venv/lib/python3.14/site-packages/aiomysql/connection.py", line 652, in _read_packet
    packet.raise_for_error()
    ~~~~~~~~~~~~~~~~~~~~~~^^
  File "/Users/hiralgandharva/Desktop/Hardik/OpsisTechnology/Nestora/backend/venv/lib/python3.14/site-packages/pymysql/protocol.py", line 219, in raise_for_error
    err.raise_mysql_exception(self._data)
    ~~~~~~~~~~~~~~~~~~~~~~~~~^^^^^^^^^^^^
  File "/Users/hiralgandharva/Desktop/Hardik/OpsisTechnology/Nestora/backend/venv/lib/python3.14/site-packages/pymysql/err.py", line 154, in raise_mysql_exception
    raise errorclass(errno, errval, sqlstate=sqlstate)
pymysql.err.ProgrammingError: (1146, "Table 'nestora.family_members' doesn't exist")
INFO:     127.0.0.1:54927 - "OPTIONS /api/service-requests HTTP/1.1" 200 OK
INFO:     127.0.0.1:54928 - "OPTIONS /api/service-requests HTTP/1.1" 200 OK
INFO:     127.0.0.1:54927 - "GET /api/service-requests HTTP/1.1" 200 OK
INFO:     127.0.0.1:54927 - "GET /api/service-requests HTTP/1.1" 200 OK
INFO:     127.0.0.1:54930 - "OPTIONS /api/auth/logout HTTP/1.1" 200 OK
INFO:     127.0.0.1:54930 - "POST /api/auth/logout HTTP/1.1" 200 OK
INFO:     127.0.0.1:54959 - "OPTIONS /api/auth/login HTTP/1.1" 200 OK
INFO:     127.0.0.1:54959 - "POST /api/auth/login HTTP/1.1" 401 Unauthorized
WARNING:  StatReload detected changes in 'seed_demo.py'. Reloading...
INFO:     Shutting down
INFO:     Waiting for application shutdown.
INFO:     Application shutdown complete.
INFO:     Finished server process [7449]
INFO:     Started server process [7730]
INFO:     Waiting for application startup.
/Users/hiralgandharva/Desktop/Hardik/OpsisTechnology/Nestora/backend/venv/lib/python3.14/site-packages/aiomysql/cursors.py:458: Warning: Table 'user_codes' already exists
  await self._do_get_result()
/Users/hiralgandharva/Desktop/Hardik/OpsisTechnology/Nestora/backend/venv/lib/python3.14/site-packages/aiomysql/cursors.py:458: Warning: Table 'user_details' already exists
  await self._do_get_result()
/Users/hiralgandharva/Desktop/Hardik/OpsisTechnology/Nestora/backend/venv/lib/python3.14/site-packages/aiomysql/cursors.py:458: Warning: Table 'entity_types' already exists
  await self._do_get_result()
/Users/hiralgandharva/Desktop/Hardik/OpsisTechnology/Nestora/backend/venv/lib/python3.14/site-packages/aiomysql/cursors.py:458: Warning: Table 'entities' already exists
  await self._do_get_result()
/Users/hiralgandharva/Desktop/Hardik/OpsisTechnology/Nestora/backend/venv/lib/python3.14/site-packages/aiomysql/cursors.py:458: Warning: Table 'roles' already exists
  await self._do_get_result()
/Users/hiralgandharva/Desktop/Hardik/OpsisTechnology/Nestora/backend/venv/lib/python3.14/site-packages/aiomysql/cursors.py:458: Warning: Table 'accounts' already exists
  await self._do_get_result()
/Users/hiralgandharva/Desktop/Hardik/OpsisTechnology/Nestora/backend/venv/lib/python3.14/site-packages/aiomysql/cursors.py:458: Warning: Table 'features' already exists
  await self._do_get_result()
/Users/hiralgandharva/Desktop/Hardik/OpsisTechnology/Nestora/backend/venv/lib/python3.14/site-packages/aiomysql/cursors.py:458: Warning: Integer display width is deprecated and will be removed in a future release.
  await self._do_get_result()
/Users/hiralgandharva/Desktop/Hardik/OpsisTechnology/Nestora/backend/venv/lib/python3.14/site-packages/aiomysql/cursors.py:458: Warning: Table 'role_feature_permissions' already exists
  await self._do_get_result()
/Users/hiralgandharva/Desktop/Hardik/OpsisTechnology/Nestora/backend/venv/lib/python3.14/site-packages/aiomysql/cursors.py:458: Warning: Table 'associations' already exists
  await self._do_get_result()
/Users/hiralgandharva/Desktop/Hardik/OpsisTechnology/Nestora/backend/venv/lib/python3.14/site-packages/aiomysql/cursors.py:458: Warning: Table 'admin_associations' already exists
  await self._do_get_result()
/Users/hiralgandharva/Desktop/Hardik/OpsisTechnology/Nestora/backend/venv/lib/python3.14/site-packages/aiomysql/cursors.py:458: Warning: Table 'code_requests' already exists
  await self._do_get_result()
/Users/hiralgandharva/Desktop/Hardik/OpsisTechnology/Nestora/backend/venv/lib/python3.14/site-packages/aiomysql/cursors.py:458: Warning: Table 'update_requests' already exists
  await self._do_get_result()
/Users/hiralgandharva/Desktop/Hardik/OpsisTechnology/Nestora/backend/venv/lib/python3.14/site-packages/aiomysql/cursors.py:458: Warning: Table 'email_log' already exists
  await self._do_get_result()
/Users/hiralgandharva/Desktop/Hardik/OpsisTechnology/Nestora/backend/venv/lib/python3.14/site-packages/aiomysql/cursors.py:458: Warning: Table 'announcements' already exists
  await self._do_get_result()
/Users/hiralgandharva/Desktop/Hardik/OpsisTechnology/Nestora/backend/venv/lib/python3.14/site-packages/aiomysql/cursors.py:458: Warning: Table 'events' already exists
  await self._do_get_result()
/Users/hiralgandharva/Desktop/Hardik/OpsisTechnology/Nestora/backend/venv/lib/python3.14/site-packages/aiomysql/cursors.py:458: Warning: Table 'event_rsvps' already exists
  await self._do_get_result()
/Users/hiralgandharva/Desktop/Hardik/OpsisTechnology/Nestora/backend/venv/lib/python3.14/site-packages/aiomysql/cursors.py:458: Warning: Field 'id' doesn't have a default value
  await self._do_get_result()
/Users/hiralgandharva/Desktop/Hardik/OpsisTechnology/Nestora/backend/venv/lib/python3.14/site-packages/aiomysql/cursors.py:458: Warning: Duplicate entry '' for key 'entity_types.PRIMARY'
  await self._do_get_result()
/Users/hiralgandharva/Desktop/Hardik/OpsisTechnology/Nestora/backend/venv/lib/python3.14/site-packages/aiomysql/cursors.py:458: Warning: Duplicate entry '' for key 'entities.PRIMARY'
  await self._do_get_result()
2026-07-22 16:35:01,293 - nestora - INFO - Nestora API started (MySQL connected).
INFO:     Application startup complete.
WARNING:  StatReload detected changes in 'seed_demo.py'. Reloading...
INFO:     Shutting down
INFO:     Waiting for application shutdown.
INFO:     Application shutdown complete.
INFO:     Finished server process [7730]
INFO:     Started server process [7752]
INFO:     Waiting for application startup.
/Users/hiralgandharva/Desktop/Hardik/OpsisTechnology/Nestora/backend/venv/lib/python3.14/site-packages/aiomysql/cursors.py:458: Warning: Table 'user_codes' already exists
  await self._do_get_result()
/Users/hiralgandharva/Desktop/Hardik/OpsisTechnology/Nestora/backend/venv/lib/python3.14/site-packages/aiomysql/cursors.py:458: Warning: Table 'user_details' already exists
  await self._do_get_result()
/Users/hiralgandharva/Desktop/Hardik/OpsisTechnology/Nestora/backend/venv/lib/python3.14/site-packages/aiomysql/cursors.py:458: Warning: Table 'entity_types' already exists
  await self._do_get_result()
/Users/hiralgandharva/Desktop/Hardik/OpsisTechnology/Nestora/backend/venv/lib/python3.14/site-packages/aiomysql/cursors.py:458: Warning: Table 'entities' already exists
  await self._do_get_result()
/Users/hiralgandharva/Desktop/Hardik/OpsisTechnology/Nestora/backend/venv/lib/python3.14/site-packages/aiomysql/cursors.py:458: Warning: Table 'roles' already exists
  await self._do_get_result()
/Users/hiralgandharva/Desktop/Hardik/OpsisTechnology/Nestora/backend/venv/lib/python3.14/site-packages/aiomysql/cursors.py:458: Warning: Table 'accounts' already exists
  await self._do_get_result()
/Users/hiralgandharva/Desktop/Hardik/OpsisTechnology/Nestora/backend/venv/lib/python3.14/site-packages/aiomysql/cursors.py:458: Warning: Table 'features' already exists
  await self._do_get_result()
/Users/hiralgandharva/Desktop/Hardik/OpsisTechnology/Nestora/backend/venv/lib/python3.14/site-packages/aiomysql/cursors.py:458: Warning: Integer display width is deprecated and will be removed in a future release.
  await self._do_get_result()
/Users/hiralgandharva/Desktop/Hardik/OpsisTechnology/Nestora/backend/venv/lib/python3.14/site-packages/aiomysql/cursors.py:458: Warning: Table 'role_feature_permissions' already exists
  await self._do_get_result()
/Users/hiralgandharva/Desktop/Hardik/OpsisTechnology/Nestora/backend/venv/lib/python3.14/site-packages/aiomysql/cursors.py:458: Warning: Table 'associations' already exists
  await self._do_get_result()
/Users/hiralgandharva/Desktop/Hardik/OpsisTechnology/Nestora/backend/venv/lib/python3.14/site-packages/aiomysql/cursors.py:458: Warning: Table 'admin_associations' already exists
  await self._do_get_result()
/Users/hiralgandharva/Desktop/Hardik/OpsisTechnology/Nestora/backend/venv/lib/python3.14/site-packages/aiomysql/cursors.py:458: Warning: Table 'code_requests' already exists
  await self._do_get_result()
/Users/hiralgandharva/Desktop/Hardik/OpsisTechnology/Nestora/backend/venv/lib/python3.14/site-packages/aiomysql/cursors.py:458: Warning: Table 'update_requests' already exists
  await self._do_get_result()
/Users/hiralgandharva/Desktop/Hardik/OpsisTechnology/Nestora/backend/venv/lib/python3.14/site-packages/aiomysql/cursors.py:458: Warning: Table 'email_log' already exists
  await self._do_get_result()
/Users/hiralgandharva/Desktop/Hardik/OpsisTechnology/Nestora/backend/venv/lib/python3.14/site-packages/aiomysql/cursors.py:458: Warning: Table 'announcements' already exists
  await self._do_get_result()
/Users/hiralgandharva/Desktop/Hardik/OpsisTechnology/Nestora/backend/venv/lib/python3.14/site-packages/aiomysql/cursors.py:458: Warning: Table 'events' already exists
  await self._do_get_result()
/Users/hiralgandharva/Desktop/Hardik/OpsisTechnology/Nestora/backend/venv/lib/python3.14/site-packages/aiomysql/cursors.py:458: Warning: Table 'event_rsvps' already exists
  await self._do_get_result()
/Users/hiralgandharva/Desktop/Hardik/OpsisTechnology/Nestora/backend/venv/lib/python3.14/site-packages/aiomysql/cursors.py:458: Warning: Field 'id' doesn't have a default value
  await self._do_get_result()
/Users/hiralgandharva/Desktop/Hardik/OpsisTechnology/Nestora/backend/venv/lib/python3.14/site-packages/aiomysql/cursors.py:458: Warning: Duplicate entry '' for key 'entity_types.PRIMARY'
  await self._do_get_result()
/Users/hiralgandharva/Desktop/Hardik/OpsisTechnology/Nestora/backend/venv/lib/python3.14/site-packages/aiomysql/cursors.py:458: Warning: Duplicate entry '' for key 'entities.PRIMARY'
  await self._do_get_result()
2026-07-22 16:35:28,472 - nestora - INFO - Nestora API started (MySQL connected).
INFO:     Application startup complete.
WARNING:  StatReload detected changes in 'seed_demo.py'. Reloading...
INFO:     Shutting down
INFO:     Waiting for application shutdown.
INFO:     Application shutdown complete.
INFO:     Finished server process [7752]
INFO:     Started server process [7766]
INFO:     Waiting for application startup.
/Users/hiralgandharva/Desktop/Hardik/OpsisTechnology/Nestora/backend/venv/lib/python3.14/site-packages/aiomysql/cursors.py:458: Warning: Table 'user_codes' already exists
  await self._do_get_result()
/Users/hiralgandharva/Desktop/Hardik/OpsisTechnology/Nestora/backend/venv/lib/python3.14/site-packages/aiomysql/cursors.py:458: Warning: Table 'user_details' already exists
  await self._do_get_result()
/Users/hiralgandharva/Desktop/Hardik/OpsisTechnology/Nestora/backend/venv/lib/python3.14/site-packages/aiomysql/cursors.py:458: Warning: Table 'entity_types' already exists
  await self._do_get_result()
/Users/hiralgandharva/Desktop/Hardik/OpsisTechnology/Nestora/backend/venv/lib/python3.14/site-packages/aiomysql/cursors.py:458: Warning: Table 'entities' already exists
  await self._do_get_result()
/Users/hiralgandharva/Desktop/Hardik/OpsisTechnology/Nestora/backend/venv/lib/python3.14/site-packages/aiomysql/cursors.py:458: Warning: Table 'roles' already exists
  await self._do_get_result()
/Users/hiralgandharva/Desktop/Hardik/OpsisTechnology/Nestora/backend/venv/lib/python3.14/site-packages/aiomysql/cursors.py:458: Warning: Table 'accounts' already exists
  await self._do_get_result()
/Users/hiralgandharva/Desktop/Hardik/OpsisTechnology/Nestora/backend/venv/lib/python3.14/site-packages/aiomysql/cursors.py:458: Warning: Table 'features' already exists
  await self._do_get_result()
/Users/hiralgandharva/Desktop/Hardik/OpsisTechnology/Nestora/backend/venv/lib/python3.14/site-packages/aiomysql/cursors.py:458: Warning: Integer display width is deprecated and will be removed in a future release.
  await self._do_get_result()
/Users/hiralgandharva/Desktop/Hardik/OpsisTechnology/Nestora/backend/venv/lib/python3.14/site-packages/aiomysql/cursors.py:458: Warning: Table 'role_feature_permissions' already exists
  await self._do_get_result()
/Users/hiralgandharva/Desktop/Hardik/OpsisTechnology/Nestora/backend/venv/lib/python3.14/site-packages/aiomysql/cursors.py:458: Warning: Table 'associations' already exists
  await self._do_get_result()
/Users/hiralgandharva/Desktop/Hardik/OpsisTechnology/Nestora/backend/venv/lib/python3.14/site-packages/aiomysql/cursors.py:458: Warning: Table 'admin_associations' already exists
  await self._do_get_result()
/Users/hiralgandharva/Desktop/Hardik/OpsisTechnology/Nestora/backend/venv/lib/python3.14/site-packages/aiomysql/cursors.py:458: Warning: Table 'code_requests' already exists
  await self._do_get_result()
/Users/hiralgandharva/Desktop/Hardik/OpsisTechnology/Nestora/backend/venv/lib/python3.14/site-packages/aiomysql/cursors.py:458: Warning: Table 'update_requests' already exists
  await self._do_get_result()
/Users/hiralgandharva/Desktop/Hardik/OpsisTechnology/Nestora/backend/venv/lib/python3.14/site-packages/aiomysql/cursors.py:458: Warning: Table 'email_log' already exists
  await self._do_get_result()
/Users/hiralgandharva/Desktop/Hardik/OpsisTechnology/Nestora/backend/venv/lib/python3.14/site-packages/aiomysql/cursors.py:458: Warning: Table 'announcements' already exists
  await self._do_get_result()
/Users/hiralgandharva/Desktop/Hardik/OpsisTechnology/Nestora/backend/venv/lib/python3.14/site-packages/aiomysql/cursors.py:458: Warning: Table 'events' already exists
  await self._do_get_result()
/Users/hiralgandharva/Desktop/Hardik/OpsisTechnology/Nestora/backend/venv/lib/python3.14/site-packages/aiomysql/cursors.py:458: Warning: Table 'event_rsvps' already exists
  await self._do_get_result()
/Users/hiralgandharva/Desktop/Hardik/OpsisTechnology/Nestora/backend/venv/lib/python3.14/site-packages/aiomysql/cursors.py:458: Warning: Field 'id' doesn't have a default value
  await self._do_get_result()
/Users/hiralgandharva/Desktop/Hardik/OpsisTechnology/Nestora/backend/venv/lib/python3.14/site-packages/aiomysql/cursors.py:458: Warning: Duplicate entry '' for key 'entity_types.PRIMARY'
  await self._do_get_result()
/Users/hiralgandharva/Desktop/Hardik/OpsisTechnology/Nestora/backend/venv/lib/python3.14/site-packages/aiomysql/cursors.py:458: Warning: Duplicate entry '' for key 'entities.PRIMARY'
  await self._do_get_result()
2026-07-22 16:35:52,325 - nestora - INFO - Nestora API started (MySQL connected).
INFO:     Application startup complete.
INFO:     127.0.0.1:55157 - "POST /api/auth/login HTTP/1.1" 401 Unauthorized
INFO:     127.0.0.1:55163 - "POST /api/auth/login HTTP/1.1" 401 Unauthorized
INFO:     127.0.0.1:55165 - "POST /api/auth/login HTTP/1.1" 500 Internal Server Error
ERROR:    Exception in ASGI application
Traceback (most recent call last):
  File "/Users/hiralgandharva/Desktop/Hardik/OpsisTechnology/Nestora/backend/venv/lib/python3.14/site-packages/uvicorn/protocols/http/h11_impl.py", line 408, in run_asgi
    result = await app(  # type: ignore[func-returns-value]
             ^^^^^^^^^^^^^^^^^^^^^^^^^^^^^^^^^^^^^^^^^^^^^^
        self.scope, self.receive, self.send
        ^^^^^^^^^^^^^^^^^^^^^^^^^^^^^^^^^^^
    )
    ^
  File "/Users/hiralgandharva/Desktop/Hardik/OpsisTechnology/Nestora/backend/venv/lib/python3.14/site-packages/uvicorn/middleware/proxy_headers.py", line 84, in __call__
    return await self.app(scope, receive, send)
           ^^^^^^^^^^^^^^^^^^^^^^^^^^^^^^^^^^^^
  File "/Users/hiralgandharva/Desktop/Hardik/OpsisTechnology/Nestora/backend/venv/lib/python3.14/site-packages/fastapi/applications.py", line 1054, in __call__
    await super().__call__(scope, receive, send)
  File "/Users/hiralgandharva/Desktop/Hardik/OpsisTechnology/Nestora/backend/venv/lib/python3.14/site-packages/starlette/applications.py", line 123, in __call__
    await self.middleware_stack(scope, receive, send)
  File "/Users/hiralgandharva/Desktop/Hardik/OpsisTechnology/Nestora/backend/venv/lib/python3.14/site-packages/starlette/middleware/errors.py", line 186, in __call__
    raise exc
  File "/Users/hiralgandharva/Desktop/Hardik/OpsisTechnology/Nestora/backend/venv/lib/python3.14/site-packages/starlette/middleware/errors.py", line 164, in __call__
    await self.app(scope, receive, _send)
  File "/Users/hiralgandharva/Desktop/Hardik/OpsisTechnology/Nestora/backend/venv/lib/python3.14/site-packages/starlette/middleware/cors.py", line 93, in __call__
    await self.simple_response(scope, receive, send, request_headers=headers)
  File "/Users/hiralgandharva/Desktop/Hardik/OpsisTechnology/Nestora/backend/venv/lib/python3.14/site-packages/starlette/middleware/cors.py", line 148, in simple_response
    await self.app(scope, receive, send)
  File "/Users/hiralgandharva/Desktop/Hardik/OpsisTechnology/Nestora/backend/venv/lib/python3.14/site-packages/starlette/middleware/exceptions.py", line 65, in __call__
    await wrap_app_handling_exceptions(self.app, conn)(scope, receive, send)
  File "/Users/hiralgandharva/Desktop/Hardik/OpsisTechnology/Nestora/backend/venv/lib/python3.14/site-packages/starlette/_exception_handler.py", line 64, in wrapped_app
    raise exc
  File "/Users/hiralgandharva/Desktop/Hardik/OpsisTechnology/Nestora/backend/venv/lib/python3.14/site-packages/starlette/_exception_handler.py", line 53, in wrapped_app
    await app(scope, receive, sender)
  File "/Users/hiralgandharva/Desktop/Hardik/OpsisTechnology/Nestora/backend/venv/lib/python3.14/site-packages/starlette/routing.py", line 756, in __call__
    await self.middleware_stack(scope, receive, send)
  File "/Users/hiralgandharva/Desktop/Hardik/OpsisTechnology/Nestora/backend/venv/lib/python3.14/site-packages/starlette/routing.py", line 776, in app
    await route.handle(scope, receive, send)
  File "/Users/hiralgandharva/Desktop/Hardik/OpsisTechnology/Nestora/backend/venv/lib/python3.14/site-packages/starlette/routing.py", line 297, in handle
    await self.app(scope, receive, send)
  File "/Users/hiralgandharva/Desktop/Hardik/OpsisTechnology/Nestora/backend/venv/lib/python3.14/site-packages/starlette/routing.py", line 77, in app
    await wrap_app_handling_exceptions(app, request)(scope, receive, send)
  File "/Users/hiralgandharva/Desktop/Hardik/OpsisTechnology/Nestora/backend/venv/lib/python3.14/site-packages/starlette/_exception_handler.py", line 64, in wrapped_app
    raise exc
  File "/Users/hiralgandharva/Desktop/Hardik/OpsisTechnology/Nestora/backend/venv/lib/python3.14/site-packages/starlette/_exception_handler.py", line 53, in wrapped_app
    await app(scope, receive, sender)
  File "/Users/hiralgandharva/Desktop/Hardik/OpsisTechnology/Nestora/backend/venv/lib/python3.14/site-packages/starlette/routing.py", line 72, in app
    response = await func(request)
               ^^^^^^^^^^^^^^^^^^^
  File "/Users/hiralgandharva/Desktop/Hardik/OpsisTechnology/Nestora/backend/venv/lib/python3.14/site-packages/fastapi/routing.py", line 278, in app
    raw_response = await run_endpoint_function(
                   ^^^^^^^^^^^^^^^^^^^^^^^^^^^^
        dependant=dependant, values=values, is_coroutine=is_coroutine
        ^^^^^^^^^^^^^^^^^^^^^^^^^^^^^^^^^^^^^^^^^^^^^^^^^^^^^^^^^^^^^
    )
    ^
  File "/Users/hiralgandharva/Desktop/Hardik/OpsisTechnology/Nestora/backend/venv/lib/python3.14/site-packages/fastapi/routing.py", line 191, in run_endpoint_function
    return await dependant.call(**values)
           ^^^^^^^^^^^^^^^^^^^^^^^^^^^^^^
  File "/Users/hiralgandharva/Desktop/Hardik/OpsisTechnology/Nestora/backend/server.py", line 892, in login
    if not row or not verify_password(payload.password, row["password_hash"]):
                      ~~~~~~~~~~~~~~~^^^^^^^^^^^^^^^^^^^^^^^^^^^^^^^^^^^^^^^^
  File "/Users/hiralgandharva/Desktop/Hardik/OpsisTechnology/Nestora/backend/server.py", line 305, in verify_password
    return bcrypt.checkpw(plain.encode("utf-8"), hashed.encode("utf-8"))
           ~~~~~~~~~~~~~~^^^^^^^^^^^^^^^^^^^^^^^^^^^^^^^^^^^^^^^^^^^^^^^
ValueError: Invalid salt
INFO:     127.0.0.1:55168 - "POST /api/auth/login HTTP/1.1" 500 Internal Server Error
ERROR:    Exception in ASGI application
Traceback (most recent call last):
  File "/Users/hiralgandharva/Desktop/Hardik/OpsisTechnology/Nestora/backend/venv/lib/python3.14/site-packages/uvicorn/protocols/http/h11_impl.py", line 408, in run_asgi
    result = await app(  # type: ignore[func-returns-value]
             ^^^^^^^^^^^^^^^^^^^^^^^^^^^^^^^^^^^^^^^^^^^^^^
        self.scope, self.receive, self.send
        ^^^^^^^^^^^^^^^^^^^^^^^^^^^^^^^^^^^
    )
    ^
  File "/Users/hiralgandharva/Desktop/Hardik/OpsisTechnology/Nestora/backend/venv/lib/python3.14/site-packages/uvicorn/middleware/proxy_headers.py", line 84, in __call__
    return await self.app(scope, receive, send)
           ^^^^^^^^^^^^^^^^^^^^^^^^^^^^^^^^^^^^
  File "/Users/hiralgandharva/Desktop/Hardik/OpsisTechnology/Nestora/backend/venv/lib/python3.14/site-packages/fastapi/applications.py", line 1054, in __call__
    await super().__call__(scope, receive, send)
  File "/Users/hiralgandharva/Desktop/Hardik/OpsisTechnology/Nestora/backend/venv/lib/python3.14/site-packages/starlette/applications.py", line 123, in __call__
    await self.middleware_stack(scope, receive, send)
  File "/Users/hiralgandharva/Desktop/Hardik/OpsisTechnology/Nestora/backend/venv/lib/python3.14/site-packages/starlette/middleware/errors.py", line 186, in __call__
    raise exc
  File "/Users/hiralgandharva/Desktop/Hardik/OpsisTechnology/Nestora/backend/venv/lib/python3.14/site-packages/starlette/middleware/errors.py", line 164, in __call__
    await self.app(scope, receive, _send)
  File "/Users/hiralgandharva/Desktop/Hardik/OpsisTechnology/Nestora/backend/venv/lib/python3.14/site-packages/starlette/middleware/cors.py", line 93, in __call__
    await self.simple_response(scope, receive, send, request_headers=headers)
  File "/Users/hiralgandharva/Desktop/Hardik/OpsisTechnology/Nestora/backend/venv/lib/python3.14/site-packages/starlette/middleware/cors.py", line 148, in simple_response
    await self.app(scope, receive, send)
  File "/Users/hiralgandharva/Desktop/Hardik/OpsisTechnology/Nestora/backend/venv/lib/python3.14/site-packages/starlette/middleware/exceptions.py", line 65, in __call__
    await wrap_app_handling_exceptions(self.app, conn)(scope, receive, send)
  File "/Users/hiralgandharva/Desktop/Hardik/OpsisTechnology/Nestora/backend/venv/lib/python3.14/site-packages/starlette/_exception_handler.py", line 64, in wrapped_app
    raise exc
  File "/Users/hiralgandharva/Desktop/Hardik/OpsisTechnology/Nestora/backend/venv/lib/python3.14/site-packages/starlette/_exception_handler.py", line 53, in wrapped_app
    await app(scope, receive, sender)
  File "/Users/hiralgandharva/Desktop/Hardik/OpsisTechnology/Nestora/backend/venv/lib/python3.14/site-packages/starlette/routing.py", line 756, in __call__
    await self.middleware_stack(scope, receive, send)
  File "/Users/hiralgandharva/Desktop/Hardik/OpsisTechnology/Nestora/backend/venv/lib/python3.14/site-packages/starlette/routing.py", line 776, in app
    await route.handle(scope, receive, send)
  File "/Users/hiralgandharva/Desktop/Hardik/OpsisTechnology/Nestora/backend/venv/lib/python3.14/site-packages/starlette/routing.py", line 297, in handle
    await self.app(scope, receive, send)
  File "/Users/hiralgandharva/Desktop/Hardik/OpsisTechnology/Nestora/backend/venv/lib/python3.14/site-packages/starlette/routing.py", line 77, in app
    await wrap_app_handling_exceptions(app, request)(scope, receive, send)
  File "/Users/hiralgandharva/Desktop/Hardik/OpsisTechnology/Nestora/backend/venv/lib/python3.14/site-packages/starlette/_exception_handler.py", line 64, in wrapped_app
    raise exc
  File "/Users/hiralgandharva/Desktop/Hardik/OpsisTechnology/Nestora/backend/venv/lib/python3.14/site-packages/starlette/_exception_handler.py", line 53, in wrapped_app
    await app(scope, receive, sender)
  File "/Users/hiralgandharva/Desktop/Hardik/OpsisTechnology/Nestora/backend/venv/lib/python3.14/site-packages/starlette/routing.py", line 72, in app
    response = await func(request)
               ^^^^^^^^^^^^^^^^^^^
  File "/Users/hiralgandharva/Desktop/Hardik/OpsisTechnology/Nestora/backend/venv/lib/python3.14/site-packages/fastapi/routing.py", line 278, in app
    raw_response = await run_endpoint_function(
                   ^^^^^^^^^^^^^^^^^^^^^^^^^^^^
        dependant=dependant, values=values, is_coroutine=is_coroutine
        ^^^^^^^^^^^^^^^^^^^^^^^^^^^^^^^^^^^^^^^^^^^^^^^^^^^^^^^^^^^^^
    )
    ^
  File "/Users/hiralgandharva/Desktop/Hardik/OpsisTechnology/Nestora/backend/venv/lib/python3.14/site-packages/fastapi/routing.py", line 191, in run_endpoint_function
    return await dependant.call(**values)
           ^^^^^^^^^^^^^^^^^^^^^^^^^^^^^^
  File "/Users/hiralgandharva/Desktop/Hardik/OpsisTechnology/Nestora/backend/server.py", line 892, in login
    if not row or not verify_password(payload.password, row["password_hash"]):
                      ~~~~~~~~~~~~~~~^^^^^^^^^^^^^^^^^^^^^^^^^^^^^^^^^^^^^^^^
  File "/Users/hiralgandharva/Desktop/Hardik/OpsisTechnology/Nestora/backend/server.py", line 305, in verify_password
    return bcrypt.checkpw(plain.encode("utf-8"), hashed.encode("utf-8"))
           ~~~~~~~~~~~~~~^^^^^^^^^^^^^^^^^^^^^^^^^^^^^^^^^^^^^^^^^^^^^^^
ValueError: Invalid salt
INFO:     127.0.0.1:55196 - "POST /api/auth/login HTTP/1.1" 500 Internal Server Error
ERROR:    Exception in ASGI application
Traceback (most recent call last):
  File "/Users/hiralgandharva/Desktop/Hardik/OpsisTechnology/Nestora/backend/venv/lib/python3.14/site-packages/uvicorn/protocols/http/h11_impl.py", line 408, in run_asgi
    result = await app(  # type: ignore[func-returns-value]
             ^^^^^^^^^^^^^^^^^^^^^^^^^^^^^^^^^^^^^^^^^^^^^^
        self.scope, self.receive, self.send
        ^^^^^^^^^^^^^^^^^^^^^^^^^^^^^^^^^^^
    )
    ^
  File "/Users/hiralgandharva/Desktop/Hardik/OpsisTechnology/Nestora/backend/venv/lib/python3.14/site-packages/uvicorn/middleware/proxy_headers.py", line 84, in __call__
    return await self.app(scope, receive, send)
           ^^^^^^^^^^^^^^^^^^^^^^^^^^^^^^^^^^^^
  File "/Users/hiralgandharva/Desktop/Hardik/OpsisTechnology/Nestora/backend/venv/lib/python3.14/site-packages/fastapi/applications.py", line 1054, in __call__
    await super().__call__(scope, receive, send)
  File "/Users/hiralgandharva/Desktop/Hardik/OpsisTechnology/Nestora/backend/venv/lib/python3.14/site-packages/starlette/applications.py", line 123, in __call__
    await self.middleware_stack(scope, receive, send)
  File "/Users/hiralgandharva/Desktop/Hardik/OpsisTechnology/Nestora/backend/venv/lib/python3.14/site-packages/starlette/middleware/errors.py", line 186, in __call__
    raise exc
  File "/Users/hiralgandharva/Desktop/Hardik/OpsisTechnology/Nestora/backend/venv/lib/python3.14/site-packages/starlette/middleware/errors.py", line 164, in __call__
    await self.app(scope, receive, _send)
  File "/Users/hiralgandharva/Desktop/Hardik/OpsisTechnology/Nestora/backend/venv/lib/python3.14/site-packages/starlette/middleware/cors.py", line 93, in __call__
    await self.simple_response(scope, receive, send, request_headers=headers)
  File "/Users/hiralgandharva/Desktop/Hardik/OpsisTechnology/Nestora/backend/venv/lib/python3.14/site-packages/starlette/middleware/cors.py", line 148, in simple_response
    await self.app(scope, receive, send)
  File "/Users/hiralgandharva/Desktop/Hardik/OpsisTechnology/Nestora/backend/venv/lib/python3.14/site-packages/starlette/middleware/exceptions.py", line 65, in __call__
    await wrap_app_handling_exceptions(self.app, conn)(scope, receive, send)
  File "/Users/hiralgandharva/Desktop/Hardik/OpsisTechnology/Nestora/backend/venv/lib/python3.14/site-packages/starlette/_exception_handler.py", line 64, in wrapped_app
    raise exc
  File "/Users/hiralgandharva/Desktop/Hardik/OpsisTechnology/Nestora/backend/venv/lib/python3.14/site-packages/starlette/_exception_handler.py", line 53, in wrapped_app
    await app(scope, receive, sender)
  File "/Users/hiralgandharva/Desktop/Hardik/OpsisTechnology/Nestora/backend/venv/lib/python3.14/site-packages/starlette/routing.py", line 756, in __call__
    await self.middleware_stack(scope, receive, send)
  File "/Users/hiralgandharva/Desktop/Hardik/OpsisTechnology/Nestora/backend/venv/lib/python3.14/site-packages/starlette/routing.py", line 776, in app
    await route.handle(scope, receive, send)
  File "/Users/hiralgandharva/Desktop/Hardik/OpsisTechnology/Nestora/backend/venv/lib/python3.14/site-packages/starlette/routing.py", line 297, in handle
    await self.app(scope, receive, send)
  File "/Users/hiralgandharva/Desktop/Hardik/OpsisTechnology/Nestora/backend/venv/lib/python3.14/site-packages/starlette/routing.py", line 77, in app
    await wrap_app_handling_exceptions(app, request)(scope, receive, send)
  File "/Users/hiralgandharva/Desktop/Hardik/OpsisTechnology/Nestora/backend/venv/lib/python3.14/site-packages/starlette/_exception_handler.py", line 64, in wrapped_app
    raise exc
  File "/Users/hiralgandharva/Desktop/Hardik/OpsisTechnology/Nestora/backend/venv/lib/python3.14/site-packages/starlette/_exception_handler.py", line 53, in wrapped_app
    await app(scope, receive, sender)
  File "/Users/hiralgandharva/Desktop/Hardik/OpsisTechnology/Nestora/backend/venv/lib/python3.14/site-packages/starlette/routing.py", line 72, in app
    response = await func(request)
               ^^^^^^^^^^^^^^^^^^^
  File "/Users/hiralgandharva/Desktop/Hardik/OpsisTechnology/Nestora/backend/venv/lib/python3.14/site-packages/fastapi/routing.py", line 278, in app
    raw_response = await run_endpoint_function(
                   ^^^^^^^^^^^^^^^^^^^^^^^^^^^^
        dependant=dependant, values=values, is_coroutine=is_coroutine
        ^^^^^^^^^^^^^^^^^^^^^^^^^^^^^^^^^^^^^^^^^^^^^^^^^^^^^^^^^^^^^
    )
    ^
  File "/Users/hiralgandharva/Desktop/Hardik/OpsisTechnology/Nestora/backend/venv/lib/python3.14/site-packages/fastapi/routing.py", line 191, in run_endpoint_function
    return await dependant.call(**values)
           ^^^^^^^^^^^^^^^^^^^^^^^^^^^^^^
  File "/Users/hiralgandharva/Desktop/Hardik/OpsisTechnology/Nestora/backend/server.py", line 892, in login
    if not row or not verify_password(payload.password, row["password_hash"]):
                      ~~~~~~~~~~~~~~~^^^^^^^^^^^^^^^^^^^^^^^^^^^^^^^^^^^^^^^^
  File "/Users/hiralgandharva/Desktop/Hardik/OpsisTechnology/Nestora/backend/server.py", line 305, in verify_password
    return bcrypt.checkpw(plain.encode("utf-8"), hashed.encode("utf-8"))
           ~~~~~~~~~~~~~~^^^^^^^^^^^^^^^^^^^^^^^^^^^^^^^^^^^^^^^^^^^^^^^
ValueError: Invalid salt
INFO:     127.0.0.1:55198 - "POST /api/auth/login HTTP/1.1" 500 Internal Server Error
ERROR:    Exception in ASGI application
Traceback (most recent call last):
  File "/Users/hiralgandharva/Desktop/Hardik/OpsisTechnology/Nestora/backend/venv/lib/python3.14/site-packages/uvicorn/protocols/http/h11_impl.py", line 408, in run_asgi
    result = await app(  # type: ignore[func-returns-value]
             ^^^^^^^^^^^^^^^^^^^^^^^^^^^^^^^^^^^^^^^^^^^^^^
        self.scope, self.receive, self.send
        ^^^^^^^^^^^^^^^^^^^^^^^^^^^^^^^^^^^
    )
    ^
  File "/Users/hiralgandharva/Desktop/Hardik/OpsisTechnology/Nestora/backend/venv/lib/python3.14/site-packages/uvicorn/middleware/proxy_headers.py", line 84, in __call__
    return await self.app(scope, receive, send)
           ^^^^^^^^^^^^^^^^^^^^^^^^^^^^^^^^^^^^
  File "/Users/hiralgandharva/Desktop/Hardik/OpsisTechnology/Nestora/backend/venv/lib/python3.14/site-packages/fastapi/applications.py", line 1054, in __call__
    await super().__call__(scope, receive, send)
  File "/Users/hiralgandharva/Desktop/Hardik/OpsisTechnology/Nestora/backend/venv/lib/python3.14/site-packages/starlette/applications.py", line 123, in __call__
    await self.middleware_stack(scope, receive, send)
  File "/Users/hiralgandharva/Desktop/Hardik/OpsisTechnology/Nestora/backend/venv/lib/python3.14/site-packages/starlette/middleware/errors.py", line 186, in __call__
    raise exc
  File "/Users/hiralgandharva/Desktop/Hardik/OpsisTechnology/Nestora/backend/venv/lib/python3.14/site-packages/starlette/middleware/errors.py", line 164, in __call__
    await self.app(scope, receive, _send)
  File "/Users/hiralgandharva/Desktop/Hardik/OpsisTechnology/Nestora/backend/venv/lib/python3.14/site-packages/starlette/middleware/cors.py", line 93, in __call__
    await self.simple_response(scope, receive, send, request_headers=headers)
  File "/Users/hiralgandharva/Desktop/Hardik/OpsisTechnology/Nestora/backend/venv/lib/python3.14/site-packages/starlette/middleware/cors.py", line 148, in simple_response
    await self.app(scope, receive, send)
  File "/Users/hiralgandharva/Desktop/Hardik/OpsisTechnology/Nestora/backend/venv/lib/python3.14/site-packages/starlette/middleware/exceptions.py", line 65, in __call__
    await wrap_app_handling_exceptions(self.app, conn)(scope, receive, send)
  File "/Users/hiralgandharva/Desktop/Hardik/OpsisTechnology/Nestora/backend/venv/lib/python3.14/site-packages/starlette/_exception_handler.py", line 64, in wrapped_app
    raise exc
  File "/Users/hiralgandharva/Desktop/Hardik/OpsisTechnology/Nestora/backend/venv/lib/python3.14/site-packages/starlette/_exception_handler.py", line 53, in wrapped_app
    await app(scope, receive, sender)
  File "/Users/hiralgandharva/Desktop/Hardik/OpsisTechnology/Nestora/backend/venv/lib/python3.14/site-packages/starlette/routing.py", line 756, in __call__
    await self.middleware_stack(scope, receive, send)
  File "/Users/hiralgandharva/Desktop/Hardik/OpsisTechnology/Nestora/backend/venv/lib/python3.14/site-packages/starlette/routing.py", line 776, in app
    await route.handle(scope, receive, send)
  File "/Users/hiralgandharva/Desktop/Hardik/OpsisTechnology/Nestora/backend/venv/lib/python3.14/site-packages/starlette/routing.py", line 297, in handle
    await self.app(scope, receive, send)
  File "/Users/hiralgandharva/Desktop/Hardik/OpsisTechnology/Nestora/backend/venv/lib/python3.14/site-packages/starlette/routing.py", line 77, in app
    await wrap_app_handling_exceptions(app, request)(scope, receive, send)
  File "/Users/hiralgandharva/Desktop/Hardik/OpsisTechnology/Nestora/backend/venv/lib/python3.14/site-packages/starlette/_exception_handler.py", line 64, in wrapped_app
    raise exc
  File "/Users/hiralgandharva/Desktop/Hardik/OpsisTechnology/Nestora/backend/venv/lib/python3.14/site-packages/starlette/_exception_handler.py", line 53, in wrapped_app
    await app(scope, receive, sender)
  File "/Users/hiralgandharva/Desktop/Hardik/OpsisTechnology/Nestora/backend/venv/lib/python3.14/site-packages/starlette/routing.py", line 72, in app
    response = await func(request)
               ^^^^^^^^^^^^^^^^^^^
  File "/Users/hiralgandharva/Desktop/Hardik/OpsisTechnology/Nestora/backend/venv/lib/python3.14/site-packages/fastapi/routing.py", line 278, in app
    raw_response = await run_endpoint_function(
                   ^^^^^^^^^^^^^^^^^^^^^^^^^^^^
        dependant=dependant, values=values, is_coroutine=is_coroutine
        ^^^^^^^^^^^^^^^^^^^^^^^^^^^^^^^^^^^^^^^^^^^^^^^^^^^^^^^^^^^^^
    )
    ^
  File "/Users/hiralgandharva/Desktop/Hardik/OpsisTechnology/Nestora/backend/venv/lib/python3.14/site-packages/fastapi/routing.py", line 191, in run_endpoint_function
    return await dependant.call(**values)
           ^^^^^^^^^^^^^^^^^^^^^^^^^^^^^^
  File "/Users/hiralgandharva/Desktop/Hardik/OpsisTechnology/Nestora/backend/server.py", line 892, in login
    if not row or not verify_password(payload.password, row["password_hash"]):
                      ~~~~~~~~~~~~~~~^^^^^^^^^^^^^^^^^^^^^^^^^^^^^^^^^^^^^^^^
  File "/Users/hiralgandharva/Desktop/Hardik/OpsisTechnology/Nestora/backend/server.py", line 305, in verify_password
    return bcrypt.checkpw(plain.encode("utf-8"), hashed.encode("utf-8"))
           ~~~~~~~~~~~~~~^^^^^^^^^^^^^^^^^^^^^^^^^^^^^^^^^^^^^^^^^^^^^^^
ValueError: Invalid salt
INFO:     127.0.0.1:55302 - "OPTIONS /api/auth/login HTTP/1.1" 200 OK
INFO:     127.0.0.1:55302 - "POST /api/auth/login HTTP/1.1" 200 OK
INFO:     127.0.0.1:55302 - "OPTIONS /api/auth/me HTTP/1.1" 200 OK
INFO:     127.0.0.1:55304 - "GET /api/auth/me HTTP/1.1" 500 Internal Server Error
ERROR:    Exception in ASGI application
Traceback (most recent call last):
  File "/Users/hiralgandharva/Desktop/Hardik/OpsisTechnology/Nestora/backend/venv/lib/python3.14/site-packages/uvicorn/protocols/http/h11_impl.py", line 408, in run_asgi
    result = await app(  # type: ignore[func-returns-value]
             ^^^^^^^^^^^^^^^^^^^^^^^^^^^^^^^^^^^^^^^^^^^^^^
        self.scope, self.receive, self.send
        ^^^^^^^^^^^^^^^^^^^^^^^^^^^^^^^^^^^
    )
    ^
  File "/Users/hiralgandharva/Desktop/Hardik/OpsisTechnology/Nestora/backend/venv/lib/python3.14/site-packages/uvicorn/middleware/proxy_headers.py", line 84, in __call__
    return await self.app(scope, receive, send)
           ^^^^^^^^^^^^^^^^^^^^^^^^^^^^^^^^^^^^
  File "/Users/hiralgandharva/Desktop/Hardik/OpsisTechnology/Nestora/backend/venv/lib/python3.14/site-packages/fastapi/applications.py", line 1054, in __call__
    await super().__call__(scope, receive, send)
  File "/Users/hiralgandharva/Desktop/Hardik/OpsisTechnology/Nestora/backend/venv/lib/python3.14/site-packages/starlette/applications.py", line 123, in __call__
    await self.middleware_stack(scope, receive, send)
  File "/Users/hiralgandharva/Desktop/Hardik/OpsisTechnology/Nestora/backend/venv/lib/python3.14/site-packages/starlette/middleware/errors.py", line 186, in __call__
    raise exc
  File "/Users/hiralgandharva/Desktop/Hardik/OpsisTechnology/Nestora/backend/venv/lib/python3.14/site-packages/starlette/middleware/errors.py", line 164, in __call__
    await self.app(scope, receive, _send)
  File "/Users/hiralgandharva/Desktop/Hardik/OpsisTechnology/Nestora/backend/venv/lib/python3.14/site-packages/starlette/middleware/cors.py", line 93, in __call__
    await self.simple_response(scope, receive, send, request_headers=headers)
  File "/Users/hiralgandharva/Desktop/Hardik/OpsisTechnology/Nestora/backend/venv/lib/python3.14/site-packages/starlette/middleware/cors.py", line 148, in simple_response
    await self.app(scope, receive, send)
  File "/Users/hiralgandharva/Desktop/Hardik/OpsisTechnology/Nestora/backend/venv/lib/python3.14/site-packages/starlette/middleware/exceptions.py", line 65, in __call__
    await wrap_app_handling_exceptions(self.app, conn)(scope, receive, send)
  File "/Users/hiralgandharva/Desktop/Hardik/OpsisTechnology/Nestora/backend/venv/lib/python3.14/site-packages/starlette/_exception_handler.py", line 64, in wrapped_app
    raise exc
  File "/Users/hiralgandharva/Desktop/Hardik/OpsisTechnology/Nestora/backend/venv/lib/python3.14/site-packages/starlette/_exception_handler.py", line 53, in wrapped_app
    await app(scope, receive, sender)
  File "/Users/hiralgandharva/Desktop/Hardik/OpsisTechnology/Nestora/backend/venv/lib/python3.14/site-packages/starlette/routing.py", line 756, in __call__
    await self.middleware_stack(scope, receive, send)
  File "/Users/hiralgandharva/Desktop/Hardik/OpsisTechnology/Nestora/backend/venv/lib/python3.14/site-packages/starlette/routing.py", line 776, in app
    await route.handle(scope, receive, send)
  File "/Users/hiralgandharva/Desktop/Hardik/OpsisTechnology/Nestora/backend/venv/lib/python3.14/site-packages/starlette/routing.py", line 297, in handle
    await self.app(scope, receive, send)
  File "/Users/hiralgandharva/Desktop/Hardik/OpsisTechnology/Nestora/backend/venv/lib/python3.14/site-packages/starlette/routing.py", line 77, in app
    await wrap_app_handling_exceptions(app, request)(scope, receive, send)
  File "/Users/hiralgandharva/Desktop/Hardik/OpsisTechnology/Nestora/backend/venv/lib/python3.14/site-packages/starlette/_exception_handler.py", line 64, in wrapped_app
    raise exc
  File "/Users/hiralgandharva/Desktop/Hardik/OpsisTechnology/Nestora/backend/venv/lib/python3.14/site-packages/starlette/_exception_handler.py", line 53, in wrapped_app
    await app(scope, receive, sender)
  File "/Users/hiralgandharva/Desktop/Hardik/OpsisTechnology/Nestora/backend/venv/lib/python3.14/site-packages/starlette/routing.py", line 72, in app
    response = await func(request)
               ^^^^^^^^^^^^^^^^^^^
  File "/Users/hiralgandharva/Desktop/Hardik/OpsisTechnology/Nestora/backend/venv/lib/python3.14/site-packages/fastapi/routing.py", line 269, in app
    solved_result = await solve_dependencies(
                    ^^^^^^^^^^^^^^^^^^^^^^^^^
    ...<5 lines>...
    )
    ^
  File "/Users/hiralgandharva/Desktop/Hardik/OpsisTechnology/Nestora/backend/venv/lib/python3.14/site-packages/fastapi/dependencies/utils.py", line 600, in solve_dependencies
    solved = await call(**sub_values)
             ^^^^^^^^^^^^^^^^^^^^^^^^
  File "/Users/hiralgandharva/Desktop/Hardik/OpsisTechnology/Nestora/backend/server.py", line 363, in get_current_account
    account_id = int(payload["sub"])
ValueError: invalid literal for int() with base 10: '7f02e402-9afe-4317-a541-e8f1cc6a01d5'
INFO:     127.0.0.1:55310 - "POST /api/auth/login HTTP/1.1" 200 OK
INFO:     127.0.0.1:55310 - "GET /api/auth/me HTTP/1.1" 500 Internal Server Error
ERROR:    Exception in ASGI application
Traceback (most recent call last):
  File "/Users/hiralgandharva/Desktop/Hardik/OpsisTechnology/Nestora/backend/venv/lib/python3.14/site-packages/uvicorn/protocols/http/h11_impl.py", line 408, in run_asgi
    result = await app(  # type: ignore[func-returns-value]
             ^^^^^^^^^^^^^^^^^^^^^^^^^^^^^^^^^^^^^^^^^^^^^^
        self.scope, self.receive, self.send
        ^^^^^^^^^^^^^^^^^^^^^^^^^^^^^^^^^^^
    )
    ^
  File "/Users/hiralgandharva/Desktop/Hardik/OpsisTechnology/Nestora/backend/venv/lib/python3.14/site-packages/uvicorn/middleware/proxy_headers.py", line 84, in __call__
    return await self.app(scope, receive, send)
           ^^^^^^^^^^^^^^^^^^^^^^^^^^^^^^^^^^^^
  File "/Users/hiralgandharva/Desktop/Hardik/OpsisTechnology/Nestora/backend/venv/lib/python3.14/site-packages/fastapi/applications.py", line 1054, in __call__
    await super().__call__(scope, receive, send)
  File "/Users/hiralgandharva/Desktop/Hardik/OpsisTechnology/Nestora/backend/venv/lib/python3.14/site-packages/starlette/applications.py", line 123, in __call__
    await self.middleware_stack(scope, receive, send)
  File "/Users/hiralgandharva/Desktop/Hardik/OpsisTechnology/Nestora/backend/venv/lib/python3.14/site-packages/starlette/middleware/errors.py", line 186, in __call__
    raise exc
  File "/Users/hiralgandharva/Desktop/Hardik/OpsisTechnology/Nestora/backend/venv/lib/python3.14/site-packages/starlette/middleware/errors.py", line 164, in __call__
    await self.app(scope, receive, _send)
  File "/Users/hiralgandharva/Desktop/Hardik/OpsisTechnology/Nestora/backend/venv/lib/python3.14/site-packages/starlette/middleware/cors.py", line 93, in __call__
    await self.simple_response(scope, receive, send, request_headers=headers)
  File "/Users/hiralgandharva/Desktop/Hardik/OpsisTechnology/Nestora/backend/venv/lib/python3.14/site-packages/starlette/middleware/cors.py", line 148, in simple_response
    await self.app(scope, receive, send)
  File "/Users/hiralgandharva/Desktop/Hardik/OpsisTechnology/Nestora/backend/venv/lib/python3.14/site-packages/starlette/middleware/exceptions.py", line 65, in __call__
    await wrap_app_handling_exceptions(self.app, conn)(scope, receive, send)
  File "/Users/hiralgandharva/Desktop/Hardik/OpsisTechnology/Nestora/backend/venv/lib/python3.14/site-packages/starlette/_exception_handler.py", line 64, in wrapped_app
    raise exc
  File "/Users/hiralgandharva/Desktop/Hardik/OpsisTechnology/Nestora/backend/venv/lib/python3.14/site-packages/starlette/_exception_handler.py", line 53, in wrapped_app
    await app(scope, receive, sender)
  File "/Users/hiralgandharva/Desktop/Hardik/OpsisTechnology/Nestora/backend/venv/lib/python3.14/site-packages/starlette/routing.py", line 756, in __call__
    await self.middleware_stack(scope, receive, send)
  File "/Users/hiralgandharva/Desktop/Hardik/OpsisTechnology/Nestora/backend/venv/lib/python3.14/site-packages/starlette/routing.py", line 776, in app
    await route.handle(scope, receive, send)
  File "/Users/hiralgandharva/Desktop/Hardik/OpsisTechnology/Nestora/backend/venv/lib/python3.14/site-packages/starlette/routing.py", line 297, in handle
    await self.app(scope, receive, send)
  File "/Users/hiralgandharva/Desktop/Hardik/OpsisTechnology/Nestora/backend/venv/lib/python3.14/site-packages/starlette/routing.py", line 77, in app
    await wrap_app_handling_exceptions(app, request)(scope, receive, send)
  File "/Users/hiralgandharva/Desktop/Hardik/OpsisTechnology/Nestora/backend/venv/lib/python3.14/site-packages/starlette/_exception_handler.py", line 64, in wrapped_app
    raise exc
  File "/Users/hiralgandharva/Desktop/Hardik/OpsisTechnology/Nestora/backend/venv/lib/python3.14/site-packages/starlette/_exception_handler.py", line 53, in wrapped_app
    await app(scope, receive, sender)
  File "/Users/hiralgandharva/Desktop/Hardik/OpsisTechnology/Nestora/backend/venv/lib/python3.14/site-packages/starlette/routing.py", line 72, in app
    response = await func(request)
               ^^^^^^^^^^^^^^^^^^^
  File "/Users/hiralgandharva/Desktop/Hardik/OpsisTechnology/Nestora/backend/venv/lib/python3.14/site-packages/fastapi/routing.py", line 269, in app
    solved_result = await solve_dependencies(
                    ^^^^^^^^^^^^^^^^^^^^^^^^^
    ...<5 lines>...
    )
    ^
  File "/Users/hiralgandharva/Desktop/Hardik/OpsisTechnology/Nestora/backend/venv/lib/python3.14/site-packages/fastapi/dependencies/utils.py", line 600, in solve_dependencies
    solved = await call(**sub_values)
             ^^^^^^^^^^^^^^^^^^^^^^^^
  File "/Users/hiralgandharva/Desktop/Hardik/OpsisTechnology/Nestora/backend/server.py", line 363, in get_current_account
    account_id = int(payload["sub"])
ValueError: invalid literal for int() with base 10: '7f02e402-9afe-4317-a541-e8f1cc6a01d5'
INFO:     127.0.0.1:55326 - "POST /api/auth/login HTTP/1.1" 200 OK
INFO:     127.0.0.1:55326 - "GET /api/auth/me HTTP/1.1" 500 Internal Server Error
ERROR:    Exception in ASGI application
Traceback (most recent call last):
  File "/Users/hiralgandharva/Desktop/Hardik/OpsisTechnology/Nestora/backend/venv/lib/python3.14/site-packages/uvicorn/protocols/http/h11_impl.py", line 408, in run_asgi
    result = await app(  # type: ignore[func-returns-value]
             ^^^^^^^^^^^^^^^^^^^^^^^^^^^^^^^^^^^^^^^^^^^^^^
        self.scope, self.receive, self.send
        ^^^^^^^^^^^^^^^^^^^^^^^^^^^^^^^^^^^
    )
    ^
  File "/Users/hiralgandharva/Desktop/Hardik/OpsisTechnology/Nestora/backend/venv/lib/python3.14/site-packages/uvicorn/middleware/proxy_headers.py", line 84, in __call__
    return await self.app(scope, receive, send)
           ^^^^^^^^^^^^^^^^^^^^^^^^^^^^^^^^^^^^
  File "/Users/hiralgandharva/Desktop/Hardik/OpsisTechnology/Nestora/backend/venv/lib/python3.14/site-packages/fastapi/applications.py", line 1054, in __call__
    await super().__call__(scope, receive, send)
  File "/Users/hiralgandharva/Desktop/Hardik/OpsisTechnology/Nestora/backend/venv/lib/python3.14/site-packages/starlette/applications.py", line 123, in __call__
    await self.middleware_stack(scope, receive, send)
  File "/Users/hiralgandharva/Desktop/Hardik/OpsisTechnology/Nestora/backend/venv/lib/python3.14/site-packages/starlette/middleware/errors.py", line 186, in __call__
    raise exc
  File "/Users/hiralgandharva/Desktop/Hardik/OpsisTechnology/Nestora/backend/venv/lib/python3.14/site-packages/starlette/middleware/errors.py", line 164, in __call__
    await self.app(scope, receive, _send)
  File "/Users/hiralgandharva/Desktop/Hardik/OpsisTechnology/Nestora/backend/venv/lib/python3.14/site-packages/starlette/middleware/cors.py", line 93, in __call__
    await self.simple_response(scope, receive, send, request_headers=headers)
  File "/Users/hiralgandharva/Desktop/Hardik/OpsisTechnology/Nestora/backend/venv/lib/python3.14/site-packages/starlette/middleware/cors.py", line 148, in simple_response
    await self.app(scope, receive, send)
  File "/Users/hiralgandharva/Desktop/Hardik/OpsisTechnology/Nestora/backend/venv/lib/python3.14/site-packages/starlette/middleware/exceptions.py", line 65, in __call__
    await wrap_app_handling_exceptions(self.app, conn)(scope, receive, send)
  File "/Users/hiralgandharva/Desktop/Hardik/OpsisTechnology/Nestora/backend/venv/lib/python3.14/site-packages/starlette/_exception_handler.py", line 64, in wrapped_app
    raise exc
  File "/Users/hiralgandharva/Desktop/Hardik/OpsisTechnology/Nestora/backend/venv/lib/python3.14/site-packages/starlette/_exception_handler.py", line 53, in wrapped_app
    await app(scope, receive, sender)
  File "/Users/hiralgandharva/Desktop/Hardik/OpsisTechnology/Nestora/backend/venv/lib/python3.14/site-packages/starlette/routing.py", line 756, in __call__
    await self.middleware_stack(scope, receive, send)
  File "/Users/hiralgandharva/Desktop/Hardik/OpsisTechnology/Nestora/backend/venv/lib/python3.14/site-packages/starlette/routing.py", line 776, in app
    await route.handle(scope, receive, send)
  File "/Users/hiralgandharva/Desktop/Hardik/OpsisTechnology/Nestora/backend/venv/lib/python3.14/site-packages/starlette/routing.py", line 297, in handle
    await self.app(scope, receive, send)
  File "/Users/hiralgandharva/Desktop/Hardik/OpsisTechnology/Nestora/backend/venv/lib/python3.14/site-packages/starlette/routing.py", line 77, in app
    await wrap_app_handling_exceptions(app, request)(scope, receive, send)
  File "/Users/hiralgandharva/Desktop/Hardik/OpsisTechnology/Nestora/backend/venv/lib/python3.14/site-packages/starlette/_exception_handler.py", line 64, in wrapped_app
    raise exc
  File "/Users/hiralgandharva/Desktop/Hardik/OpsisTechnology/Nestora/backend/venv/lib/python3.14/site-packages/starlette/_exception_handler.py", line 53, in wrapped_app
    await app(scope, receive, sender)
  File "/Users/hiralgandharva/Desktop/Hardik/OpsisTechnology/Nestora/backend/venv/lib/python3.14/site-packages/starlette/routing.py", line 72, in app
    response = await func(request)
               ^^^^^^^^^^^^^^^^^^^
  File "/Users/hiralgandharva/Desktop/Hardik/OpsisTechnology/Nestora/backend/venv/lib/python3.14/site-packages/fastapi/routing.py", line 269, in app
    solved_result = await solve_dependencies(
                    ^^^^^^^^^^^^^^^^^^^^^^^^^
    ...<5 lines>...
    )
    ^
  File "/Users/hiralgandharva/Desktop/Hardik/OpsisTechnology/Nestora/backend/venv/lib/python3.14/site-packages/fastapi/dependencies/utils.py", line 600, in solve_dependencies
    solved = await call(**sub_values)
             ^^^^^^^^^^^^^^^^^^^^^^^^
  File "/Users/hiralgandharva/Desktop/Hardik/OpsisTechnology/Nestora/backend/server.py", line 363, in get_current_account
    account_id = int(payload["sub"])
ValueError: invalid literal for int() with base 10: '03c00802-1ff9-44b5-9b7c-b16382bd7210'
WARNING:  StatReload detected changes in 'server.py'. Reloading...
INFO:     Shutting down
INFO:     Waiting for application shutdown.
INFO:     Application shutdown complete.
INFO:     Finished server process [7766]
INFO:     Started server process [8189]
INFO:     Waiting for application startup.
/Users/hiralgandharva/Desktop/Hardik/OpsisTechnology/Nestora/backend/venv/lib/python3.14/site-packages/aiomysql/cursors.py:458: Warning: Table 'user_codes' already exists
  await self._do_get_result()
/Users/hiralgandharva/Desktop/Hardik/OpsisTechnology/Nestora/backend/venv/lib/python3.14/site-packages/aiomysql/cursors.py:458: Warning: Table 'user_details' already exists
  await self._do_get_result()
/Users/hiralgandharva/Desktop/Hardik/OpsisTechnology/Nestora/backend/venv/lib/python3.14/site-packages/aiomysql/cursors.py:458: Warning: Table 'entity_types' already exists
  await self._do_get_result()
/Users/hiralgandharva/Desktop/Hardik/OpsisTechnology/Nestora/backend/venv/lib/python3.14/site-packages/aiomysql/cursors.py:458: Warning: Table 'entities' already exists
  await self._do_get_result()
/Users/hiralgandharva/Desktop/Hardik/OpsisTechnology/Nestora/backend/venv/lib/python3.14/site-packages/aiomysql/cursors.py:458: Warning: Table 'roles' already exists
  await self._do_get_result()
/Users/hiralgandharva/Desktop/Hardik/OpsisTechnology/Nestora/backend/venv/lib/python3.14/site-packages/aiomysql/cursors.py:458: Warning: Table 'accounts' already exists
  await self._do_get_result()
/Users/hiralgandharva/Desktop/Hardik/OpsisTechnology/Nestora/backend/venv/lib/python3.14/site-packages/aiomysql/cursors.py:458: Warning: Table 'features' already exists
  await self._do_get_result()
/Users/hiralgandharva/Desktop/Hardik/OpsisTechnology/Nestora/backend/venv/lib/python3.14/site-packages/aiomysql/cursors.py:458: Warning: Integer display width is deprecated and will be removed in a future release.
  await self._do_get_result()
/Users/hiralgandharva/Desktop/Hardik/OpsisTechnology/Nestora/backend/venv/lib/python3.14/site-packages/aiomysql/cursors.py:458: Warning: Table 'role_feature_permissions' already exists
  await self._do_get_result()
/Users/hiralgandharva/Desktop/Hardik/OpsisTechnology/Nestora/backend/venv/lib/python3.14/site-packages/aiomysql/cursors.py:458: Warning: Table 'associations' already exists
  await self._do_get_result()
/Users/hiralgandharva/Desktop/Hardik/OpsisTechnology/Nestora/backend/venv/lib/python3.14/site-packages/aiomysql/cursors.py:458: Warning: Table 'admin_associations' already exists
  await self._do_get_result()
/Users/hiralgandharva/Desktop/Hardik/OpsisTechnology/Nestora/backend/venv/lib/python3.14/site-packages/aiomysql/cursors.py:458: Warning: Table 'code_requests' already exists
  await self._do_get_result()
/Users/hiralgandharva/Desktop/Hardik/OpsisTechnology/Nestora/backend/venv/lib/python3.14/site-packages/aiomysql/cursors.py:458: Warning: Table 'update_requests' already exists
  await self._do_get_result()
/Users/hiralgandharva/Desktop/Hardik/OpsisTechnology/Nestora/backend/venv/lib/python3.14/site-packages/aiomysql/cursors.py:458: Warning: Table 'email_log' already exists
  await self._do_get_result()
/Users/hiralgandharva/Desktop/Hardik/OpsisTechnology/Nestora/backend/venv/lib/python3.14/site-packages/aiomysql/cursors.py:458: Warning: Table 'announcements' already exists
  await self._do_get_result()
/Users/hiralgandharva/Desktop/Hardik/OpsisTechnology/Nestora/backend/venv/lib/python3.14/site-packages/aiomysql/cursors.py:458: Warning: Table 'events' already exists
  await self._do_get_result()
/Users/hiralgandharva/Desktop/Hardik/OpsisTechnology/Nestora/backend/venv/lib/python3.14/site-packages/aiomysql/cursors.py:458: Warning: Table 'event_rsvps' already exists
  await self._do_get_result()
/Users/hiralgandharva/Desktop/Hardik/OpsisTechnology/Nestora/backend/venv/lib/python3.14/site-packages/aiomysql/cursors.py:458: Warning: Field 'id' doesn't have a default value
  await self._do_get_result()
/Users/hiralgandharva/Desktop/Hardik/OpsisTechnology/Nestora/backend/venv/lib/python3.14/site-packages/aiomysql/cursors.py:458: Warning: Duplicate entry '' for key 'entity_types.PRIMARY'
  await self._do_get_result()
/Users/hiralgandharva/Desktop/Hardik/OpsisTechnology/Nestora/backend/venv/lib/python3.14/site-packages/aiomysql/cursors.py:458: Warning: Duplicate entry '' for key 'entities.PRIMARY'
  await self._do_get_result()
2026-07-22 16:51:28,310 - nestora - INFO - Nestora API started (MySQL connected).
INFO:     Application startup complete.
INFO:     127.0.0.1:55460 - "POST /api/auth/login HTTP/1.1" 200 OK
INFO:     127.0.0.1:55460 - "GET /api/auth/me HTTP/1.1" 200 OK
INFO:     127.0.0.1:55486 - "OPTIONS /api/auth/logout HTTP/1.1" 200 OK
INFO:     127.0.0.1:55486 - "POST /api/auth/logout HTTP/1.1" 200 OK
INFO:     127.0.0.1:55488 - "POST /api/auth/login HTTP/1.1" 200 OK
INFO:     127.0.0.1:55488 - "GET /api/auth/me HTTP/1.1" 200 OK
INFO:     127.0.0.1:55488 - "OPTIONS /api/service-requests HTTP/1.1" 200 OK
INFO:     127.0.0.1:55503 - "OPTIONS /api/service-requests HTTP/1.1" 200 OK
INFO:     127.0.0.1:55488 - "GET /api/service-requests HTTP/1.1" 200 OK
INFO:     127.0.0.1:55488 - "GET /api/service-requests HTTP/1.1" 200 OK
INFO:     127.0.0.1:55505 - "POST /api/auth/logout HTTP/1.1" 200 OK
INFO:     127.0.0.1:55510 - "POST /api/auth/login HTTP/1.1" 200 OK
INFO:     127.0.0.1:55510 - "GET /api/auth/me HTTP/1.1" 200 OK
INFO:     127.0.0.1:55527 - "POST /api/auth/logout HTTP/1.1" 200 OK
INFO:     127.0.0.1:55531 - "OPTIONS /api/auth/login HTTP/1.1" 200 OK
INFO:     127.0.0.1:55531 - "POST /api/auth/login HTTP/1.1" 401 Unauthorized
INFO:     127.0.0.1:55549 - "POST /api/auth/login HTTP/1.1" 200 OK
INFO:     127.0.0.1:55549 - "OPTIONS /api/auth/me HTTP/1.1" 200 OK
INFO:     127.0.0.1:55549 - "GET /api/auth/me HTTP/1.1" 200 OK
INFO:     127.0.0.1:55551 - "GET /api/service-requests HTTP/1.1" 200 OK
INFO:     127.0.0.1:55551 - "GET /api/service-requests HTTP/1.1" 200 OK
INFO:     127.0.0.1:55551 - "OPTIONS /api/profile/data HTTP/1.1" 200 OK
INFO:     127.0.0.1:55558 - "OPTIONS /api/profile/data HTTP/1.1" 200 OK
INFO:     127.0.0.1:55551 - "GET /api/profile/data HTTP/1.1" 500 Internal Server Error
ERROR:    Exception in ASGI application
Traceback (most recent call last):
  File "/Users/hiralgandharva/Desktop/Hardik/OpsisTechnology/Nestora/backend/venv/lib/python3.14/site-packages/uvicorn/protocols/http/h11_impl.py", line 408, in run_asgi
    result = await app(  # type: ignore[func-returns-value]
             ^^^^^^^^^^^^^^^^^^^^^^^^^^^^^^^^^^^^^^^^^^^^^^
        self.scope, self.receive, self.send
        ^^^^^^^^^^^^^^^^^^^^^^^^^^^^^^^^^^^
    )
    ^
  File "/Users/hiralgandharva/Desktop/Hardik/OpsisTechnology/Nestora/backend/venv/lib/python3.14/site-packages/uvicorn/middleware/proxy_headers.py", line 84, in __call__
    return await self.app(scope, receive, send)
           ^^^^^^^^^^^^^^^^^^^^^^^^^^^^^^^^^^^^
  File "/Users/hiralgandharva/Desktop/Hardik/OpsisTechnology/Nestora/backend/venv/lib/python3.14/site-packages/fastapi/applications.py", line 1054, in __call__
    await super().__call__(scope, receive, send)
  File "/Users/hiralgandharva/Desktop/Hardik/OpsisTechnology/Nestora/backend/venv/lib/python3.14/site-packages/starlette/applications.py", line 123, in __call__
    await self.middleware_stack(scope, receive, send)
  File "/Users/hiralgandharva/Desktop/Hardik/OpsisTechnology/Nestora/backend/venv/lib/python3.14/site-packages/starlette/middleware/errors.py", line 186, in __call__
    raise exc
  File "/Users/hiralgandharva/Desktop/Hardik/OpsisTechnology/Nestora/backend/venv/lib/python3.14/site-packages/starlette/middleware/errors.py", line 164, in __call__
    await self.app(scope, receive, _send)
  File "/Users/hiralgandharva/Desktop/Hardik/OpsisTechnology/Nestora/backend/venv/lib/python3.14/site-packages/starlette/middleware/cors.py", line 93, in __call__
    await self.simple_response(scope, receive, send, request_headers=headers)
  File "/Users/hiralgandharva/Desktop/Hardik/OpsisTechnology/Nestora/backend/venv/lib/python3.14/site-packages/starlette/middleware/cors.py", line 148, in simple_response
    await self.app(scope, receive, send)
  File "/Users/hiralgandharva/Desktop/Hardik/OpsisTechnology/Nestora/backend/venv/lib/python3.14/site-packages/starlette/middleware/exceptions.py", line 65, in __call__
    await wrap_app_handling_exceptions(self.app, conn)(scope, receive, send)
  File "/Users/hiralgandharva/Desktop/Hardik/OpsisTechnology/Nestora/backend/venv/lib/python3.14/site-packages/starlette/_exception_handler.py", line 64, in wrapped_app
    raise exc
  File "/Users/hiralgandharva/Desktop/Hardik/OpsisTechnology/Nestora/backend/venv/lib/python3.14/site-packages/starlette/_exception_handler.py", line 53, in wrapped_app
    await app(scope, receive, sender)
  File "/Users/hiralgandharva/Desktop/Hardik/OpsisTechnology/Nestora/backend/venv/lib/python3.14/site-packages/starlette/routing.py", line 756, in __call__
    await self.middleware_stack(scope, receive, send)
  File "/Users/hiralgandharva/Desktop/Hardik/OpsisTechnology/Nestora/backend/venv/lib/python3.14/site-packages/starlette/routing.py", line 776, in app
    await route.handle(scope, receive, send)
  File "/Users/hiralgandharva/Desktop/Hardik/OpsisTechnology/Nestora/backend/venv/lib/python3.14/site-packages/starlette/routing.py", line 297, in handle
    await self.app(scope, receive, send)
  File "/Users/hiralgandharva/Desktop/Hardik/OpsisTechnology/Nestora/backend/venv/lib/python3.14/site-packages/starlette/routing.py", line 77, in app
    await wrap_app_handling_exceptions(app, request)(scope, receive, send)
  File "/Users/hiralgandharva/Desktop/Hardik/OpsisTechnology/Nestora/backend/venv/lib/python3.14/site-packages/starlette/_exception_handler.py", line 64, in wrapped_app
    raise exc
  File "/Users/hiralgandharva/Desktop/Hardik/OpsisTechnology/Nestora/backend/venv/lib/python3.14/site-packages/starlette/_exception_handler.py", line 53, in wrapped_app
    await app(scope, receive, sender)
  File "/Users/hiralgandharva/Desktop/Hardik/OpsisTechnology/Nestora/backend/venv/lib/python3.14/site-packages/starlette/routing.py", line 72, in app
    response = await func(request)
               ^^^^^^^^^^^^^^^^^^^
  File "/Users/hiralgandharva/Desktop/Hardik/OpsisTechnology/Nestora/backend/venv/lib/python3.14/site-packages/fastapi/routing.py", line 278, in app
    raw_response = await run_endpoint_function(
                   ^^^^^^^^^^^^^^^^^^^^^^^^^^^^
        dependant=dependant, values=values, is_coroutine=is_coroutine
        ^^^^^^^^^^^^^^^^^^^^^^^^^^^^^^^^^^^^^^^^^^^^^^^^^^^^^^^^^^^^^
    )
    ^
  File "/Users/hiralgandharva/Desktop/Hardik/OpsisTechnology/Nestora/backend/venv/lib/python3.14/site-packages/fastapi/routing.py", line 191, in run_endpoint_function
    return await dependant.call(**values)
           ^^^^^^^^^^^^^^^^^^^^^^^^^^^^^^
  File "/Users/hiralgandharva/Desktop/Hardik/OpsisTechnology/Nestora/backend/server.py", line 1591, in get_profile_data
    family_members = await db_fetchall("SELECT * FROM family_members WHERE user_id=%s", (uid,))
                     ^^^^^^^^^^^^^^^^^^^^^^^^^^^^^^^^^^^^^^^^^^^^^^^^^^^^^^^^^^^^^^^^^^^^^^^^^^
  File "/Users/hiralgandharva/Desktop/Hardik/OpsisTechnology/Nestora/backend/server.py", line 107, in db_fetchall
    await cur.execute(sql, params)
  File "/Users/hiralgandharva/Desktop/Hardik/OpsisTechnology/Nestora/backend/venv/lib/python3.14/site-packages/aiomysql/cursors.py", line 239, in execute
    await self._query(query)
  File "/Users/hiralgandharva/Desktop/Hardik/OpsisTechnology/Nestora/backend/venv/lib/python3.14/site-packages/aiomysql/cursors.py", line 457, in _query
    await conn.query(q)
  File "/Users/hiralgandharva/Desktop/Hardik/OpsisTechnology/Nestora/backend/venv/lib/python3.14/site-packages/aiomysql/connection.py", line 469, in query
    await self._read_query_result(unbuffered=unbuffered)
  File "/Users/hiralgandharva/Desktop/Hardik/OpsisTechnology/Nestora/backend/venv/lib/python3.14/site-packages/aiomysql/connection.py", line 683, in _read_query_result
    await result.read()
  File "/Users/hiralgandharva/Desktop/Hardik/OpsisTechnology/Nestora/backend/venv/lib/python3.14/site-packages/aiomysql/connection.py", line 1164, in read
    first_packet = await self.connection._read_packet()
                   ^^^^^^^^^^^^^^^^^^^^^^^^^^^^^^^^^^^^
  File "/Users/hiralgandharva/Desktop/Hardik/OpsisTechnology/Nestora/backend/venv/lib/python3.14/site-packages/aiomysql/connection.py", line 652, in _read_packet
    packet.raise_for_error()
    ~~~~~~~~~~~~~~~~~~~~~~^^
  File "/Users/hiralgandharva/Desktop/Hardik/OpsisTechnology/Nestora/backend/venv/lib/python3.14/site-packages/pymysql/protocol.py", line 219, in raise_for_error
    err.raise_mysql_exception(self._data)
    ~~~~~~~~~~~~~~~~~~~~~~~~~^^^^^^^^^^^^
  File "/Users/hiralgandharva/Desktop/Hardik/OpsisTechnology/Nestora/backend/venv/lib/python3.14/site-packages/pymysql/err.py", line 154, in raise_mysql_exception
    raise errorclass(errno, errval, sqlstate=sqlstate)
pymysql.err.ProgrammingError: (1146, "Table 'nestora.family_members' doesn't exist")
INFO:     127.0.0.1:55558 - "GET /api/profile/data HTTP/1.1" 500 Internal Server Error
ERROR:    Exception in ASGI application
Traceback (most recent call last):
  File "/Users/hiralgandharva/Desktop/Hardik/OpsisTechnology/Nestora/backend/venv/lib/python3.14/site-packages/uvicorn/protocols/http/h11_impl.py", line 408, in run_asgi
    result = await app(  # type: ignore[func-returns-value]
             ^^^^^^^^^^^^^^^^^^^^^^^^^^^^^^^^^^^^^^^^^^^^^^
        self.scope, self.receive, self.send
        ^^^^^^^^^^^^^^^^^^^^^^^^^^^^^^^^^^^
    )
    ^
  File "/Users/hiralgandharva/Desktop/Hardik/OpsisTechnology/Nestora/backend/venv/lib/python3.14/site-packages/uvicorn/middleware/proxy_headers.py", line 84, in __call__
    return await self.app(scope, receive, send)
           ^^^^^^^^^^^^^^^^^^^^^^^^^^^^^^^^^^^^
  File "/Users/hiralgandharva/Desktop/Hardik/OpsisTechnology/Nestora/backend/venv/lib/python3.14/site-packages/fastapi/applications.py", line 1054, in __call__
    await super().__call__(scope, receive, send)
  File "/Users/hiralgandharva/Desktop/Hardik/OpsisTechnology/Nestora/backend/venv/lib/python3.14/site-packages/starlette/applications.py", line 123, in __call__
    await self.middleware_stack(scope, receive, send)
  File "/Users/hiralgandharva/Desktop/Hardik/OpsisTechnology/Nestora/backend/venv/lib/python3.14/site-packages/starlette/middleware/errors.py", line 186, in __call__
    raise exc
  File "/Users/hiralgandharva/Desktop/Hardik/OpsisTechnology/Nestora/backend/venv/lib/python3.14/site-packages/starlette/middleware/errors.py", line 164, in __call__
    await self.app(scope, receive, _send)
  File "/Users/hiralgandharva/Desktop/Hardik/OpsisTechnology/Nestora/backend/venv/lib/python3.14/site-packages/starlette/middleware/cors.py", line 93, in __call__
    await self.simple_response(scope, receive, send, request_headers=headers)
  File "/Users/hiralgandharva/Desktop/Hardik/OpsisTechnology/Nestora/backend/venv/lib/python3.14/site-packages/starlette/middleware/cors.py", line 148, in simple_response
    await self.app(scope, receive, send)
  File "/Users/hiralgandharva/Desktop/Hardik/OpsisTechnology/Nestora/backend/venv/lib/python3.14/site-packages/starlette/middleware/exceptions.py", line 65, in __call__
    await wrap_app_handling_exceptions(self.app, conn)(scope, receive, send)
  File "/Users/hiralgandharva/Desktop/Hardik/OpsisTechnology/Nestora/backend/venv/lib/python3.14/site-packages/starlette/_exception_handler.py", line 64, in wrapped_app
    raise exc
  File "/Users/hiralgandharva/Desktop/Hardik/OpsisTechnology/Nestora/backend/venv/lib/python3.14/site-packages/starlette/_exception_handler.py", line 53, in wrapped_app
    await app(scope, receive, sender)
  File "/Users/hiralgandharva/Desktop/Hardik/OpsisTechnology/Nestora/backend/venv/lib/python3.14/site-packages/starlette/routing.py", line 756, in __call__
    await self.middleware_stack(scope, receive, send)
  File "/Users/hiralgandharva/Desktop/Hardik/OpsisTechnology/Nestora/backend/venv/lib/python3.14/site-packages/starlette/routing.py", line 776, in app
    await route.handle(scope, receive, send)
  File "/Users/hiralgandharva/Desktop/Hardik/OpsisTechnology/Nestora/backend/venv/lib/python3.14/site-packages/starlette/routing.py", line 297, in handle
    await self.app(scope, receive, send)
  File "/Users/hiralgandharva/Desktop/Hardik/OpsisTechnology/Nestora/backend/venv/lib/python3.14/site-packages/starlette/routing.py", line 77, in app
    await wrap_app_handling_exceptions(app, request)(scope, receive, send)
  File "/Users/hiralgandharva/Desktop/Hardik/OpsisTechnology/Nestora/backend/venv/lib/python3.14/site-packages/starlette/_exception_handler.py", line 64, in wrapped_app
    raise exc
  File "/Users/hiralgandharva/Desktop/Hardik/OpsisTechnology/Nestora/backend/venv/lib/python3.14/site-packages/starlette/_exception_handler.py", line 53, in wrapped_app
    await app(scope, receive, sender)
  File "/Users/hiralgandharva/Desktop/Hardik/OpsisTechnology/Nestora/backend/venv/lib/python3.14/site-packages/starlette/routing.py", line 72, in app
    response = await func(request)
               ^^^^^^^^^^^^^^^^^^^
  File "/Users/hiralgandharva/Desktop/Hardik/OpsisTechnology/Nestora/backend/venv/lib/python3.14/site-packages/fastapi/routing.py", line 278, in app
    raw_response = await run_endpoint_function(
                   ^^^^^^^^^^^^^^^^^^^^^^^^^^^^
        dependant=dependant, values=values, is_coroutine=is_coroutine
        ^^^^^^^^^^^^^^^^^^^^^^^^^^^^^^^^^^^^^^^^^^^^^^^^^^^^^^^^^^^^^
    )
    ^
  File "/Users/hiralgandharva/Desktop/Hardik/OpsisTechnology/Nestora/backend/venv/lib/python3.14/site-packages/fastapi/routing.py", line 191, in run_endpoint_function
    return await dependant.call(**values)
           ^^^^^^^^^^^^^^^^^^^^^^^^^^^^^^
  File "/Users/hiralgandharva/Desktop/Hardik/OpsisTechnology/Nestora/backend/server.py", line 1591, in get_profile_data
    family_members = await db_fetchall("SELECT * FROM family_members WHERE user_id=%s", (uid,))
                     ^^^^^^^^^^^^^^^^^^^^^^^^^^^^^^^^^^^^^^^^^^^^^^^^^^^^^^^^^^^^^^^^^^^^^^^^^^
  File "/Users/hiralgandharva/Desktop/Hardik/OpsisTechnology/Nestora/backend/server.py", line 107, in db_fetchall
    await cur.execute(sql, params)
  File "/Users/hiralgandharva/Desktop/Hardik/OpsisTechnology/Nestora/backend/venv/lib/python3.14/site-packages/aiomysql/cursors.py", line 239, in execute
    await self._query(query)
  File "/Users/hiralgandharva/Desktop/Hardik/OpsisTechnology/Nestora/backend/venv/lib/python3.14/site-packages/aiomysql/cursors.py", line 457, in _query
    await conn.query(q)
  File "/Users/hiralgandharva/Desktop/Hardik/OpsisTechnology/Nestora/backend/venv/lib/python3.14/site-packages/aiomysql/connection.py", line 469, in query
    await self._read_query_result(unbuffered=unbuffered)
  File "/Users/hiralgandharva/Desktop/Hardik/OpsisTechnology/Nestora/backend/venv/lib/python3.14/site-packages/aiomysql/connection.py", line 683, in _read_query_result
    await result.read()
  File "/Users/hiralgandharva/Desktop/Hardik/OpsisTechnology/Nestora/backend/venv/lib/python3.14/site-packages/aiomysql/connection.py", line 1164, in read
    first_packet = await self.connection._read_packet()
                   ^^^^^^^^^^^^^^^^^^^^^^^^^^^^^^^^^^^^
  File "/Users/hiralgandharva/Desktop/Hardik/OpsisTechnology/Nestora/backend/venv/lib/python3.14/site-packages/aiomysql/connection.py", line 652, in _read_packet
    packet.raise_for_error()
    ~~~~~~~~~~~~~~~~~~~~~~^^
  File "/Users/hiralgandharva/Desktop/Hardik/OpsisTechnology/Nestora/backend/venv/lib/python3.14/site-packages/pymysql/protocol.py", line 219, in raise_for_error
    err.raise_mysql_exception(self._data)
    ~~~~~~~~~~~~~~~~~~~~~~~~~^^^^^^^^^^^^
  File "/Users/hiralgandharva/Desktop/Hardik/OpsisTechnology/Nestora/backend/venv/lib/python3.14/site-packages/pymysql/err.py", line 154, in raise_mysql_exception
    raise errorclass(errno, errval, sqlstate=sqlstate)
pymysql.err.ProgrammingError: (1146, "Table 'nestora.family_members' doesn't exist")
INFO:     127.0.0.1:55560 - "POST /api/auth/logout HTTP/1.1" 200 OK
INFO:     127.0.0.1:55594 - "POST /api/auth/login HTTP/1.1" 200 OK
INFO:     127.0.0.1:55594 - "GET /api/auth/me HTTP/1.1" 200 OK
INFO:     127.0.0.1:55598 - "OPTIONS /api/admin/employees HTTP/1.1" 200 OK
INFO:     127.0.0.1:55598 - "GET /api/admin/employees HTTP/1.1" 500 Internal Server Error
ERROR:    Exception in ASGI application
Traceback (most recent call last):
  File "/Users/hiralgandharva/Desktop/Hardik/OpsisTechnology/Nestora/backend/venv/lib/python3.14/site-packages/uvicorn/protocols/http/h11_impl.py", line 408, in run_asgi
    result = await app(  # type: ignore[func-returns-value]
             ^^^^^^^^^^^^^^^^^^^^^^^^^^^^^^^^^^^^^^^^^^^^^^
        self.scope, self.receive, self.send
        ^^^^^^^^^^^^^^^^^^^^^^^^^^^^^^^^^^^
    )
    ^
  File "/Users/hiralgandharva/Desktop/Hardik/OpsisTechnology/Nestora/backend/venv/lib/python3.14/site-packages/uvicorn/middleware/proxy_headers.py", line 84, in __call__
    return await self.app(scope, receive, send)
           ^^^^^^^^^^^^^^^^^^^^^^^^^^^^^^^^^^^^
  File "/Users/hiralgandharva/Desktop/Hardik/OpsisTechnology/Nestora/backend/venv/lib/python3.14/site-packages/fastapi/applications.py", line 1054, in __call__
    await super().__call__(scope, receive, send)
  File "/Users/hiralgandharva/Desktop/Hardik/OpsisTechnology/Nestora/backend/venv/lib/python3.14/site-packages/starlette/applications.py", line 123, in __call__
    await self.middleware_stack(scope, receive, send)
  File "/Users/hiralgandharva/Desktop/Hardik/OpsisTechnology/Nestora/backend/venv/lib/python3.14/site-packages/starlette/middleware/errors.py", line 186, in __call__
    raise exc
  File "/Users/hiralgandharva/Desktop/Hardik/OpsisTechnology/Nestora/backend/venv/lib/python3.14/site-packages/starlette/middleware/errors.py", line 164, in __call__
    await self.app(scope, receive, _send)
  File "/Users/hiralgandharva/Desktop/Hardik/OpsisTechnology/Nestora/backend/venv/lib/python3.14/site-packages/starlette/middleware/cors.py", line 93, in __call__
    await self.simple_response(scope, receive, send, request_headers=headers)
  File "/Users/hiralgandharva/Desktop/Hardik/OpsisTechnology/Nestora/backend/venv/lib/python3.14/site-packages/starlette/middleware/cors.py", line 148, in simple_response
    await self.app(scope, receive, send)
  File "/Users/hiralgandharva/Desktop/Hardik/OpsisTechnology/Nestora/backend/venv/lib/python3.14/site-packages/starlette/middleware/exceptions.py", line 65, in __call__
    await wrap_app_handling_exceptions(self.app, conn)(scope, receive, send)
  File "/Users/hiralgandharva/Desktop/Hardik/OpsisTechnology/Nestora/backend/venv/lib/python3.14/site-packages/starlette/_exception_handler.py", line 64, in wrapped_app
    raise exc
  File "/Users/hiralgandharva/Desktop/Hardik/OpsisTechnology/Nestora/backend/venv/lib/python3.14/site-packages/starlette/_exception_handler.py", line 53, in wrapped_app
    await app(scope, receive, sender)
  File "/Users/hiralgandharva/Desktop/Hardik/OpsisTechnology/Nestora/backend/venv/lib/python3.14/site-packages/starlette/routing.py", line 756, in __call__
    await self.middleware_stack(scope, receive, send)
  File "/Users/hiralgandharva/Desktop/Hardik/OpsisTechnology/Nestora/backend/venv/lib/python3.14/site-packages/starlette/routing.py", line 776, in app
    await route.handle(scope, receive, send)
  File "/Users/hiralgandharva/Desktop/Hardik/OpsisTechnology/Nestora/backend/venv/lib/python3.14/site-packages/starlette/routing.py", line 297, in handle
    await self.app(scope, receive, send)
  File "/Users/hiralgandharva/Desktop/Hardik/OpsisTechnology/Nestora/backend/venv/lib/python3.14/site-packages/starlette/routing.py", line 77, in app
    await wrap_app_handling_exceptions(app, request)(scope, receive, send)
  File "/Users/hiralgandharva/Desktop/Hardik/OpsisTechnology/Nestora/backend/venv/lib/python3.14/site-packages/starlette/_exception_handler.py", line 64, in wrapped_app
    raise exc
  File "/Users/hiralgandharva/Desktop/Hardik/OpsisTechnology/Nestora/backend/venv/lib/python3.14/site-packages/starlette/_exception_handler.py", line 53, in wrapped_app
    await app(scope, receive, sender)
  File "/Users/hiralgandharva/Desktop/Hardik/OpsisTechnology/Nestora/backend/venv/lib/python3.14/site-packages/starlette/routing.py", line 72, in app
    response = await func(request)
               ^^^^^^^^^^^^^^^^^^^
  File "/Users/hiralgandharva/Desktop/Hardik/OpsisTechnology/Nestora/backend/venv/lib/python3.14/site-packages/fastapi/routing.py", line 278, in app
    raw_response = await run_endpoint_function(
                   ^^^^^^^^^^^^^^^^^^^^^^^^^^^^
        dependant=dependant, values=values, is_coroutine=is_coroutine
        ^^^^^^^^^^^^^^^^^^^^^^^^^^^^^^^^^^^^^^^^^^^^^^^^^^^^^^^^^^^^^
    )
    ^
  File "/Users/hiralgandharva/Desktop/Hardik/OpsisTechnology/Nestora/backend/venv/lib/python3.14/site-packages/fastapi/routing.py", line 191, in run_endpoint_function
    return await dependant.call(**values)
           ^^^^^^^^^^^^^^^^^^^^^^^^^^^^^^
  File "/Users/hiralgandharva/Desktop/Hardik/OpsisTechnology/Nestora/backend/server.py", line 1061, in list_employees
    rows = await db_fetchall(
           ^^^^^^^^^^^^^^^^^^
    ...<7 lines>...
    )
    ^
  File "/Users/hiralgandharva/Desktop/Hardik/OpsisTechnology/Nestora/backend/server.py", line 107, in db_fetchall
    await cur.execute(sql, params)
  File "/Users/hiralgandharva/Desktop/Hardik/OpsisTechnology/Nestora/backend/venv/lib/python3.14/site-packages/aiomysql/cursors.py", line 239, in execute
    await self._query(query)
  File "/Users/hiralgandharva/Desktop/Hardik/OpsisTechnology/Nestora/backend/venv/lib/python3.14/site-packages/aiomysql/cursors.py", line 457, in _query
    await conn.query(q)
  File "/Users/hiralgandharva/Desktop/Hardik/OpsisTechnology/Nestora/backend/venv/lib/python3.14/site-packages/aiomysql/connection.py", line 469, in query
    await self._read_query_result(unbuffered=unbuffered)
  File "/Users/hiralgandharva/Desktop/Hardik/OpsisTechnology/Nestora/backend/venv/lib/python3.14/site-packages/aiomysql/connection.py", line 683, in _read_query_result
    await result.read()
  File "/Users/hiralgandharva/Desktop/Hardik/OpsisTechnology/Nestora/backend/venv/lib/python3.14/site-packages/aiomysql/connection.py", line 1164, in read
    first_packet = await self.connection._read_packet()
                   ^^^^^^^^^^^^^^^^^^^^^^^^^^^^^^^^^^^^
  File "/Users/hiralgandharva/Desktop/Hardik/OpsisTechnology/Nestora/backend/venv/lib/python3.14/site-packages/aiomysql/connection.py", line 652, in _read_packet
    packet.raise_for_error()
    ~~~~~~~~~~~~~~~~~~~~~~^^
  File "/Users/hiralgandharva/Desktop/Hardik/OpsisTechnology/Nestora/backend/venv/lib/python3.14/site-packages/pymysql/protocol.py", line 219, in raise_for_error
    err.raise_mysql_exception(self._data)
    ~~~~~~~~~~~~~~~~~~~~~~~~~^^^^^^^^^^^^
  File "/Users/hiralgandharva/Desktop/Hardik/OpsisTechnology/Nestora/backend/venv/lib/python3.14/site-packages/pymysql/err.py", line 154, in raise_mysql_exception
    raise errorclass(errno, errval, sqlstate=sqlstate)
pymysql.err.OperationalError: (1054, "Unknown column 'a.raw_password' in 'field list'")
INFO:     127.0.0.1:55600 - "OPTIONS /api/admin/roles HTTP/1.1" 200 OK
INFO:     127.0.0.1:55600 - "GET /api/admin/roles HTTP/1.1" 200 OK
INFO:     127.0.0.1:55600 - "OPTIONS /api/admin/features HTTP/1.1" 200 OK
INFO:     127.0.0.1:55600 - "GET /api/admin/features HTTP/1.1" 200 OK
INFO:     127.0.0.1:55600 - "GET /api/admin/features HTTP/1.1" 200 OK
INFO:     127.0.0.1:55602 - "GET /api/admin/employees HTTP/1.1" 500 Internal Server Error
ERROR:    Exception in ASGI application
Traceback (most recent call last):
  File "/Users/hiralgandharva/Desktop/Hardik/OpsisTechnology/Nestora/backend/venv/lib/python3.14/site-packages/uvicorn/protocols/http/h11_impl.py", line 408, in run_asgi
    result = await app(  # type: ignore[func-returns-value]
             ^^^^^^^^^^^^^^^^^^^^^^^^^^^^^^^^^^^^^^^^^^^^^^
        self.scope, self.receive, self.send
        ^^^^^^^^^^^^^^^^^^^^^^^^^^^^^^^^^^^
    )
    ^
  File "/Users/hiralgandharva/Desktop/Hardik/OpsisTechnology/Nestora/backend/venv/lib/python3.14/site-packages/uvicorn/middleware/proxy_headers.py", line 84, in __call__
    return await self.app(scope, receive, send)
           ^^^^^^^^^^^^^^^^^^^^^^^^^^^^^^^^^^^^
  File "/Users/hiralgandharva/Desktop/Hardik/OpsisTechnology/Nestora/backend/venv/lib/python3.14/site-packages/fastapi/applications.py", line 1054, in __call__
    await super().__call__(scope, receive, send)
  File "/Users/hiralgandharva/Desktop/Hardik/OpsisTechnology/Nestora/backend/venv/lib/python3.14/site-packages/starlette/applications.py", line 123, in __call__
    await self.middleware_stack(scope, receive, send)
  File "/Users/hiralgandharva/Desktop/Hardik/OpsisTechnology/Nestora/backend/venv/lib/python3.14/site-packages/starlette/middleware/errors.py", line 186, in __call__
    raise exc
  File "/Users/hiralgandharva/Desktop/Hardik/OpsisTechnology/Nestora/backend/venv/lib/python3.14/site-packages/starlette/middleware/errors.py", line 164, in __call__
    await self.app(scope, receive, _send)
  File "/Users/hiralgandharva/Desktop/Hardik/OpsisTechnology/Nestora/backend/venv/lib/python3.14/site-packages/starlette/middleware/cors.py", line 93, in __call__
    await self.simple_response(scope, receive, send, request_headers=headers)
  File "/Users/hiralgandharva/Desktop/Hardik/OpsisTechnology/Nestora/backend/venv/lib/python3.14/site-packages/starlette/middleware/cors.py", line 148, in simple_response
    await self.app(scope, receive, send)
  File "/Users/hiralgandharva/Desktop/Hardik/OpsisTechnology/Nestora/backend/venv/lib/python3.14/site-packages/starlette/middleware/exceptions.py", line 65, in __call__
    await wrap_app_handling_exceptions(self.app, conn)(scope, receive, send)
  File "/Users/hiralgandharva/Desktop/Hardik/OpsisTechnology/Nestora/backend/venv/lib/python3.14/site-packages/starlette/_exception_handler.py", line 64, in wrapped_app
    raise exc
  File "/Users/hiralgandharva/Desktop/Hardik/OpsisTechnology/Nestora/backend/venv/lib/python3.14/site-packages/starlette/_exception_handler.py", line 53, in wrapped_app
    await app(scope, receive, sender)
  File "/Users/hiralgandharva/Desktop/Hardik/OpsisTechnology/Nestora/backend/venv/lib/python3.14/site-packages/starlette/routing.py", line 756, in __call__
    await self.middleware_stack(scope, receive, send)
  File "/Users/hiralgandharva/Desktop/Hardik/OpsisTechnology/Nestora/backend/venv/lib/python3.14/site-packages/starlette/routing.py", line 776, in app
    await route.handle(scope, receive, send)
  File "/Users/hiralgandharva/Desktop/Hardik/OpsisTechnology/Nestora/backend/venv/lib/python3.14/site-packages/starlette/routing.py", line 297, in handle
    await self.app(scope, receive, send)
  File "/Users/hiralgandharva/Desktop/Hardik/OpsisTechnology/Nestora/backend/venv/lib/python3.14/site-packages/starlette/routing.py", line 77, in app
    await wrap_app_handling_exceptions(app, request)(scope, receive, send)
  File "/Users/hiralgandharva/Desktop/Hardik/OpsisTechnology/Nestora/backend/venv/lib/python3.14/site-packages/starlette/_exception_handler.py", line 64, in wrapped_app
    raise exc
  File "/Users/hiralgandharva/Desktop/Hardik/OpsisTechnology/Nestora/backend/venv/lib/python3.14/site-packages/starlette/_exception_handler.py", line 53, in wrapped_app
    await app(scope, receive, sender)
  File "/Users/hiralgandharva/Desktop/Hardik/OpsisTechnology/Nestora/backend/venv/lib/python3.14/site-packages/starlette/routing.py", line 72, in app
    response = await func(request)
               ^^^^^^^^^^^^^^^^^^^
  File "/Users/hiralgandharva/Desktop/Hardik/OpsisTechnology/Nestora/backend/venv/lib/python3.14/site-packages/fastapi/routing.py", line 278, in app
    raw_response = await run_endpoint_function(
                   ^^^^^^^^^^^^^^^^^^^^^^^^^^^^
        dependant=dependant, values=values, is_coroutine=is_coroutine
        ^^^^^^^^^^^^^^^^^^^^^^^^^^^^^^^^^^^^^^^^^^^^^^^^^^^^^^^^^^^^^
    )
    ^
  File "/Users/hiralgandharva/Desktop/Hardik/OpsisTechnology/Nestora/backend/venv/lib/python3.14/site-packages/fastapi/routing.py", line 191, in run_endpoint_function
    return await dependant.call(**values)
           ^^^^^^^^^^^^^^^^^^^^^^^^^^^^^^
  File "/Users/hiralgandharva/Desktop/Hardik/OpsisTechnology/Nestora/backend/server.py", line 1061, in list_employees
    rows = await db_fetchall(
           ^^^^^^^^^^^^^^^^^^
    ...<7 lines>...
    )
    ^
  File "/Users/hiralgandharva/Desktop/Hardik/OpsisTechnology/Nestora/backend/server.py", line 107, in db_fetchall
    await cur.execute(sql, params)
  File "/Users/hiralgandharva/Desktop/Hardik/OpsisTechnology/Nestora/backend/venv/lib/python3.14/site-packages/aiomysql/cursors.py", line 239, in execute
    await self._query(query)
  File "/Users/hiralgandharva/Desktop/Hardik/OpsisTechnology/Nestora/backend/venv/lib/python3.14/site-packages/aiomysql/cursors.py", line 457, in _query
    await conn.query(q)
  File "/Users/hiralgandharva/Desktop/Hardik/OpsisTechnology/Nestora/backend/venv/lib/python3.14/site-packages/aiomysql/connection.py", line 469, in query
    await self._read_query_result(unbuffered=unbuffered)
  File "/Users/hiralgandharva/Desktop/Hardik/OpsisTechnology/Nestora/backend/venv/lib/python3.14/site-packages/aiomysql/connection.py", line 683, in _read_query_result
    await result.read()
  File "/Users/hiralgandharva/Desktop/Hardik/OpsisTechnology/Nestora/backend/venv/lib/python3.14/site-packages/aiomysql/connection.py", line 1164, in read
    first_packet = await self.connection._read_packet()
                   ^^^^^^^^^^^^^^^^^^^^^^^^^^^^^^^^^^^^
  File "/Users/hiralgandharva/Desktop/Hardik/OpsisTechnology/Nestora/backend/venv/lib/python3.14/site-packages/aiomysql/connection.py", line 652, in _read_packet
    packet.raise_for_error()
    ~~~~~~~~~~~~~~~~~~~~~~^^
  File "/Users/hiralgandharva/Desktop/Hardik/OpsisTechnology/Nestora/backend/venv/lib/python3.14/site-packages/pymysql/protocol.py", line 219, in raise_for_error
    err.raise_mysql_exception(self._data)
    ~~~~~~~~~~~~~~~~~~~~~~~~~^^^^^^^^^^^^
  File "/Users/hiralgandharva/Desktop/Hardik/OpsisTechnology/Nestora/backend/venv/lib/python3.14/site-packages/pymysql/err.py", line 154, in raise_mysql_exception
    raise errorclass(errno, errval, sqlstate=sqlstate)
pymysql.err.OperationalError: (1054, "Unknown column 'a.raw_password' in 'field list'")
INFO:     127.0.0.1:55604 - "GET /api/admin/roles HTTP/1.1" 200 OK
INFO:     127.0.0.1:55604 - "OPTIONS /api/admin/entities HTTP/1.1" 200 OK
INFO:     127.0.0.1:55604 - "GET /api/admin/entities HTTP/1.1" 200 OK
INFO:     127.0.0.1:55606 - "GET /api/admin/features HTTP/1.1" 200 OK
INFO:     127.0.0.1:55606 - "GET /api/admin/roles HTTP/1.1" 200 OK
INFO:     127.0.0.1:55606 - "GET /api/admin/entities HTTP/1.1" 200 OK
INFO:     127.0.0.1:55621 - "GET /api/admin/entities HTTP/1.1" 200 OK
INFO:     127.0.0.1:55621 - "OPTIONS /api/admin/entity-types HTTP/1.1" 200 OK
INFO:     127.0.0.1:55621 - "GET /api/admin/entity-types HTTP/1.1" 200 OK
INFO:     127.0.0.1:55623 - "GET /api/admin/entity-types HTTP/1.1" 200 OK
INFO:     127.0.0.1:55623 - "GET /api/admin/entities HTTP/1.1" 200 OK
INFO:     127.0.0.1:55623 - "GET /api/admin/entity-types HTTP/1.1" 200 OK
INFO:     127.0.0.1:55623 - "GET /api/admin/entity-types HTTP/1.1" 200 OK
INFO:     127.0.0.1:55630 - "OPTIONS /api/admin/entity-types HTTP/1.1" 200 OK
INFO:     127.0.0.1:55630 - "POST /api/admin/entity-types HTTP/1.1" 200 OK
INFO:     127.0.0.1:55630 - "GET /api/admin/entity-types HTTP/1.1" 200 OK
INFO:     127.0.0.1:55650 - "GET /api/admin/entities HTTP/1.1" 200 OK
INFO:     127.0.0.1:55650 - "GET /api/admin/entity-types HTTP/1.1" 200 OK
INFO:     127.0.0.1:55677 - "OPTIONS /api/admin/entities HTTP/1.1" 200 OK
INFO:     127.0.0.1:55677 - "POST /api/admin/entities HTTP/1.1" 500 Internal Server Error
ERROR:    Exception in ASGI application
Traceback (most recent call last):
  File "/Users/hiralgandharva/Desktop/Hardik/OpsisTechnology/Nestora/backend/venv/lib/python3.14/site-packages/uvicorn/protocols/http/h11_impl.py", line 408, in run_asgi
    result = await app(  # type: ignore[func-returns-value]
             ^^^^^^^^^^^^^^^^^^^^^^^^^^^^^^^^^^^^^^^^^^^^^^
        self.scope, self.receive, self.send
        ^^^^^^^^^^^^^^^^^^^^^^^^^^^^^^^^^^^
    )
    ^
  File "/Users/hiralgandharva/Desktop/Hardik/OpsisTechnology/Nestora/backend/venv/lib/python3.14/site-packages/uvicorn/middleware/proxy_headers.py", line 84, in __call__
    return await self.app(scope, receive, send)
           ^^^^^^^^^^^^^^^^^^^^^^^^^^^^^^^^^^^^
  File "/Users/hiralgandharva/Desktop/Hardik/OpsisTechnology/Nestora/backend/venv/lib/python3.14/site-packages/fastapi/applications.py", line 1054, in __call__
    await super().__call__(scope, receive, send)
  File "/Users/hiralgandharva/Desktop/Hardik/OpsisTechnology/Nestora/backend/venv/lib/python3.14/site-packages/starlette/applications.py", line 123, in __call__
    await self.middleware_stack(scope, receive, send)
  File "/Users/hiralgandharva/Desktop/Hardik/OpsisTechnology/Nestora/backend/venv/lib/python3.14/site-packages/starlette/middleware/errors.py", line 186, in __call__
    raise exc
  File "/Users/hiralgandharva/Desktop/Hardik/OpsisTechnology/Nestora/backend/venv/lib/python3.14/site-packages/starlette/middleware/errors.py", line 164, in __call__
    await self.app(scope, receive, _send)
  File "/Users/hiralgandharva/Desktop/Hardik/OpsisTechnology/Nestora/backend/venv/lib/python3.14/site-packages/starlette/middleware/cors.py", line 93, in __call__
    await self.simple_response(scope, receive, send, request_headers=headers)
  File "/Users/hiralgandharva/Desktop/Hardik/OpsisTechnology/Nestora/backend/venv/lib/python3.14/site-packages/starlette/middleware/cors.py", line 148, in simple_response
    await self.app(scope, receive, send)
  File "/Users/hiralgandharva/Desktop/Hardik/OpsisTechnology/Nestora/backend/venv/lib/python3.14/site-packages/starlette/middleware/exceptions.py", line 65, in __call__
    await wrap_app_handling_exceptions(self.app, conn)(scope, receive, send)
  File "/Users/hiralgandharva/Desktop/Hardik/OpsisTechnology/Nestora/backend/venv/lib/python3.14/site-packages/starlette/_exception_handler.py", line 64, in wrapped_app
    raise exc
  File "/Users/hiralgandharva/Desktop/Hardik/OpsisTechnology/Nestora/backend/venv/lib/python3.14/site-packages/starlette/_exception_handler.py", line 53, in wrapped_app
    await app(scope, receive, sender)
  File "/Users/hiralgandharva/Desktop/Hardik/OpsisTechnology/Nestora/backend/venv/lib/python3.14/site-packages/starlette/routing.py", line 756, in __call__
    await self.middleware_stack(scope, receive, send)
  File "/Users/hiralgandharva/Desktop/Hardik/OpsisTechnology/Nestora/backend/venv/lib/python3.14/site-packages/starlette/routing.py", line 776, in app
    await route.handle(scope, receive, send)
  File "/Users/hiralgandharva/Desktop/Hardik/OpsisTechnology/Nestora/backend/venv/lib/python3.14/site-packages/starlette/routing.py", line 297, in handle
    await self.app(scope, receive, send)
  File "/Users/hiralgandharva/Desktop/Hardik/OpsisTechnology/Nestora/backend/venv/lib/python3.14/site-packages/starlette/routing.py", line 77, in app
    await wrap_app_handling_exceptions(app, request)(scope, receive, send)
  File "/Users/hiralgandharva/Desktop/Hardik/OpsisTechnology/Nestora/backend/venv/lib/python3.14/site-packages/starlette/_exception_handler.py", line 64, in wrapped_app
    raise exc
  File "/Users/hiralgandharva/Desktop/Hardik/OpsisTechnology/Nestora/backend/venv/lib/python3.14/site-packages/starlette/_exception_handler.py", line 53, in wrapped_app
    await app(scope, receive, sender)
  File "/Users/hiralgandharva/Desktop/Hardik/OpsisTechnology/Nestora/backend/venv/lib/python3.14/site-packages/starlette/routing.py", line 72, in app
    response = await func(request)
               ^^^^^^^^^^^^^^^^^^^
  File "/Users/hiralgandharva/Desktop/Hardik/OpsisTechnology/Nestora/backend/venv/lib/python3.14/site-packages/fastapi/routing.py", line 278, in app
    raw_response = await run_endpoint_function(
                   ^^^^^^^^^^^^^^^^^^^^^^^^^^^^
        dependant=dependant, values=values, is_coroutine=is_coroutine
        ^^^^^^^^^^^^^^^^^^^^^^^^^^^^^^^^^^^^^^^^^^^^^^^^^^^^^^^^^^^^^
    )
    ^
  File "/Users/hiralgandharva/Desktop/Hardik/OpsisTechnology/Nestora/backend/venv/lib/python3.14/site-packages/fastapi/routing.py", line 191, in run_endpoint_function
    return await dependant.call(**values)
           ^^^^^^^^^^^^^^^^^^^^^^^^^^^^^^
  File "/Users/hiralgandharva/Desktop/Hardik/OpsisTechnology/Nestora/backend/server.py", line 952, in create_entity
    entity_id = await db_execute("INSERT INTO entities (entity_type_id, association_id, name, description) VALUES (%s, %s, %s, %s)",
                ^^^^^^^^^^^^^^^^^^^^^^^^^^^^^^^^^^^^^^^^^^^^^^^^^^^^^^^^^^^^^^^^^^^^^^^^^^^^^^^^^^^^^^^^^^^^^^^^^^^^^^^^^^^^^^^^^^^^
                                 (payload.entity_type_id, payload.association_id, payload.name, payload.description))
                                 ^^^^^^^^^^^^^^^^^^^^^^^^^^^^^^^^^^^^^^^^^^^^^^^^^^^^^^^^^^^^^^^^^^^^^^^^^^^^^^^^^^^^
  File "/Users/hiralgandharva/Desktop/Hardik/OpsisTechnology/Nestora/backend/server.py", line 91, in db_execute
    await cur.execute(sql, params)
  File "/Users/hiralgandharva/Desktop/Hardik/OpsisTechnology/Nestora/backend/venv/lib/python3.14/site-packages/aiomysql/cursors.py", line 239, in execute
    await self._query(query)
  File "/Users/hiralgandharva/Desktop/Hardik/OpsisTechnology/Nestora/backend/venv/lib/python3.14/site-packages/aiomysql/cursors.py", line 457, in _query
    await conn.query(q)
  File "/Users/hiralgandharva/Desktop/Hardik/OpsisTechnology/Nestora/backend/venv/lib/python3.14/site-packages/aiomysql/connection.py", line 469, in query
    await self._read_query_result(unbuffered=unbuffered)
  File "/Users/hiralgandharva/Desktop/Hardik/OpsisTechnology/Nestora/backend/venv/lib/python3.14/site-packages/aiomysql/connection.py", line 683, in _read_query_result
    await result.read()
  File "/Users/hiralgandharva/Desktop/Hardik/OpsisTechnology/Nestora/backend/venv/lib/python3.14/site-packages/aiomysql/connection.py", line 1164, in read
    first_packet = await self.connection._read_packet()
                   ^^^^^^^^^^^^^^^^^^^^^^^^^^^^^^^^^^^^
  File "/Users/hiralgandharva/Desktop/Hardik/OpsisTechnology/Nestora/backend/venv/lib/python3.14/site-packages/aiomysql/connection.py", line 652, in _read_packet
    packet.raise_for_error()
    ~~~~~~~~~~~~~~~~~~~~~~^^
  File "/Users/hiralgandharva/Desktop/Hardik/OpsisTechnology/Nestora/backend/venv/lib/python3.14/site-packages/pymysql/protocol.py", line 219, in raise_for_error
    err.raise_mysql_exception(self._data)
    ~~~~~~~~~~~~~~~~~~~~~~~~~^^^^^^^^^^^^
  File "/Users/hiralgandharva/Desktop/Hardik/OpsisTechnology/Nestora/backend/venv/lib/python3.14/site-packages/pymysql/err.py", line 154, in raise_mysql_exception
    raise errorclass(errno, errval, sqlstate=sqlstate)
pymysql.err.OperationalError: (1054, "Unknown column 'association_id' in 'field list'")
INFO:     127.0.0.1:55679 - "POST /api/admin/entities HTTP/1.1" 500 Internal Server Error
ERROR:    Exception in ASGI application
Traceback (most recent call last):
  File "/Users/hiralgandharva/Desktop/Hardik/OpsisTechnology/Nestora/backend/venv/lib/python3.14/site-packages/uvicorn/protocols/http/h11_impl.py", line 408, in run_asgi
    result = await app(  # type: ignore[func-returns-value]
             ^^^^^^^^^^^^^^^^^^^^^^^^^^^^^^^^^^^^^^^^^^^^^^
        self.scope, self.receive, self.send
        ^^^^^^^^^^^^^^^^^^^^^^^^^^^^^^^^^^^
    )
    ^
  File "/Users/hiralgandharva/Desktop/Hardik/OpsisTechnology/Nestora/backend/venv/lib/python3.14/site-packages/uvicorn/middleware/proxy_headers.py", line 84, in __call__
    return await self.app(scope, receive, send)
           ^^^^^^^^^^^^^^^^^^^^^^^^^^^^^^^^^^^^
  File "/Users/hiralgandharva/Desktop/Hardik/OpsisTechnology/Nestora/backend/venv/lib/python3.14/site-packages/fastapi/applications.py", line 1054, in __call__
    await super().__call__(scope, receive, send)
  File "/Users/hiralgandharva/Desktop/Hardik/OpsisTechnology/Nestora/backend/venv/lib/python3.14/site-packages/starlette/applications.py", line 123, in __call__
    await self.middleware_stack(scope, receive, send)
  File "/Users/hiralgandharva/Desktop/Hardik/OpsisTechnology/Nestora/backend/venv/lib/python3.14/site-packages/starlette/middleware/errors.py", line 186, in __call__
    raise exc
  File "/Users/hiralgandharva/Desktop/Hardik/OpsisTechnology/Nestora/backend/venv/lib/python3.14/site-packages/starlette/middleware/errors.py", line 164, in __call__
    await self.app(scope, receive, _send)
  File "/Users/hiralgandharva/Desktop/Hardik/OpsisTechnology/Nestora/backend/venv/lib/python3.14/site-packages/starlette/middleware/cors.py", line 93, in __call__
    await self.simple_response(scope, receive, send, request_headers=headers)
  File "/Users/hiralgandharva/Desktop/Hardik/OpsisTechnology/Nestora/backend/venv/lib/python3.14/site-packages/starlette/middleware/cors.py", line 148, in simple_response
    await self.app(scope, receive, send)
  File "/Users/hiralgandharva/Desktop/Hardik/OpsisTechnology/Nestora/backend/venv/lib/python3.14/site-packages/starlette/middleware/exceptions.py", line 65, in __call__
    await wrap_app_handling_exceptions(self.app, conn)(scope, receive, send)
  File "/Users/hiralgandharva/Desktop/Hardik/OpsisTechnology/Nestora/backend/venv/lib/python3.14/site-packages/starlette/_exception_handler.py", line 64, in wrapped_app
    raise exc
  File "/Users/hiralgandharva/Desktop/Hardik/OpsisTechnology/Nestora/backend/venv/lib/python3.14/site-packages/starlette/_exception_handler.py", line 53, in wrapped_app
    await app(scope, receive, sender)
  File "/Users/hiralgandharva/Desktop/Hardik/OpsisTechnology/Nestora/backend/venv/lib/python3.14/site-packages/starlette/routing.py", line 756, in __call__
    await self.middleware_stack(scope, receive, send)
  File "/Users/hiralgandharva/Desktop/Hardik/OpsisTechnology/Nestora/backend/venv/lib/python3.14/site-packages/starlette/routing.py", line 776, in app
    await route.handle(scope, receive, send)
  File "/Users/hiralgandharva/Desktop/Hardik/OpsisTechnology/Nestora/backend/venv/lib/python3.14/site-packages/starlette/routing.py", line 297, in handle
    await self.app(scope, receive, send)
  File "/Users/hiralgandharva/Desktop/Hardik/OpsisTechnology/Nestora/backend/venv/lib/python3.14/site-packages/starlette/routing.py", line 77, in app
    await wrap_app_handling_exceptions(app, request)(scope, receive, send)
  File "/Users/hiralgandharva/Desktop/Hardik/OpsisTechnology/Nestora/backend/venv/lib/python3.14/site-packages/starlette/_exception_handler.py", line 64, in wrapped_app
    raise exc
  File "/Users/hiralgandharva/Desktop/Hardik/OpsisTechnology/Nestora/backend/venv/lib/python3.14/site-packages/starlette/_exception_handler.py", line 53, in wrapped_app
    await app(scope, receive, sender)
  File "/Users/hiralgandharva/Desktop/Hardik/OpsisTechnology/Nestora/backend/venv/lib/python3.14/site-packages/starlette/routing.py", line 72, in app
    response = await func(request)
               ^^^^^^^^^^^^^^^^^^^
  File "/Users/hiralgandharva/Desktop/Hardik/OpsisTechnology/Nestora/backend/venv/lib/python3.14/site-packages/fastapi/routing.py", line 278, in app
    raw_response = await run_endpoint_function(
                   ^^^^^^^^^^^^^^^^^^^^^^^^^^^^
        dependant=dependant, values=values, is_coroutine=is_coroutine
        ^^^^^^^^^^^^^^^^^^^^^^^^^^^^^^^^^^^^^^^^^^^^^^^^^^^^^^^^^^^^^
    )
    ^
  File "/Users/hiralgandharva/Desktop/Hardik/OpsisTechnology/Nestora/backend/venv/lib/python3.14/site-packages/fastapi/routing.py", line 191, in run_endpoint_function
    return await dependant.call(**values)
           ^^^^^^^^^^^^^^^^^^^^^^^^^^^^^^
  File "/Users/hiralgandharva/Desktop/Hardik/OpsisTechnology/Nestora/backend/server.py", line 952, in create_entity
    entity_id = await db_execute("INSERT INTO entities (entity_type_id, association_id, name, description) VALUES (%s, %s, %s, %s)",
                ^^^^^^^^^^^^^^^^^^^^^^^^^^^^^^^^^^^^^^^^^^^^^^^^^^^^^^^^^^^^^^^^^^^^^^^^^^^^^^^^^^^^^^^^^^^^^^^^^^^^^^^^^^^^^^^^^^^^
                                 (payload.entity_type_id, payload.association_id, payload.name, payload.description))
                                 ^^^^^^^^^^^^^^^^^^^^^^^^^^^^^^^^^^^^^^^^^^^^^^^^^^^^^^^^^^^^^^^^^^^^^^^^^^^^^^^^^^^^
  File "/Users/hiralgandharva/Desktop/Hardik/OpsisTechnology/Nestora/backend/server.py", line 91, in db_execute
    await cur.execute(sql, params)
  File "/Users/hiralgandharva/Desktop/Hardik/OpsisTechnology/Nestora/backend/venv/lib/python3.14/site-packages/aiomysql/cursors.py", line 239, in execute
    await self._query(query)
  File "/Users/hiralgandharva/Desktop/Hardik/OpsisTechnology/Nestora/backend/venv/lib/python3.14/site-packages/aiomysql/cursors.py", line 457, in _query
    await conn.query(q)
  File "/Users/hiralgandharva/Desktop/Hardik/OpsisTechnology/Nestora/backend/venv/lib/python3.14/site-packages/aiomysql/connection.py", line 469, in query
    await self._read_query_result(unbuffered=unbuffered)
  File "/Users/hiralgandharva/Desktop/Hardik/OpsisTechnology/Nestora/backend/venv/lib/python3.14/site-packages/aiomysql/connection.py", line 683, in _read_query_result
    await result.read()
  File "/Users/hiralgandharva/Desktop/Hardik/OpsisTechnology/Nestora/backend/venv/lib/python3.14/site-packages/aiomysql/connection.py", line 1164, in read
    first_packet = await self.connection._read_packet()
                   ^^^^^^^^^^^^^^^^^^^^^^^^^^^^^^^^^^^^
  File "/Users/hiralgandharva/Desktop/Hardik/OpsisTechnology/Nestora/backend/venv/lib/python3.14/site-packages/aiomysql/connection.py", line 652, in _read_packet
    packet.raise_for_error()
    ~~~~~~~~~~~~~~~~~~~~~~^^
  File "/Users/hiralgandharva/Desktop/Hardik/OpsisTechnology/Nestora/backend/venv/lib/python3.14/site-packages/pymysql/protocol.py", line 219, in raise_for_error
    err.raise_mysql_exception(self._data)
    ~~~~~~~~~~~~~~~~~~~~~~~~~^^^^^^^^^^^^
  File "/Users/hiralgandharva/Desktop/Hardik/OpsisTechnology/Nestora/backend/venv/lib/python3.14/site-packages/pymysql/err.py", line 154, in raise_mysql_exception
    raise errorclass(errno, errval, sqlstate=sqlstate)
pymysql.err.OperationalError: (1054, "Unknown column 'association_id' in 'field list'")
INFO:     127.0.0.1:55685 - "POST /api/admin/entities HTTP/1.1" 500 Internal Server Error
ERROR:    Exception in ASGI application
Traceback (most recent call last):
  File "/Users/hiralgandharva/Desktop/Hardik/OpsisTechnology/Nestora/backend/venv/lib/python3.14/site-packages/uvicorn/protocols/http/h11_impl.py", line 408, in run_asgi
    result = await app(  # type: ignore[func-returns-value]
             ^^^^^^^^^^^^^^^^^^^^^^^^^^^^^^^^^^^^^^^^^^^^^^
        self.scope, self.receive, self.send
        ^^^^^^^^^^^^^^^^^^^^^^^^^^^^^^^^^^^
    )
    ^
  File "/Users/hiralgandharva/Desktop/Hardik/OpsisTechnology/Nestora/backend/venv/lib/python3.14/site-packages/uvicorn/middleware/proxy_headers.py", line 84, in __call__
    return await self.app(scope, receive, send)
           ^^^^^^^^^^^^^^^^^^^^^^^^^^^^^^^^^^^^
  File "/Users/hiralgandharva/Desktop/Hardik/OpsisTechnology/Nestora/backend/venv/lib/python3.14/site-packages/fastapi/applications.py", line 1054, in __call__
    await super().__call__(scope, receive, send)
  File "/Users/hiralgandharva/Desktop/Hardik/OpsisTechnology/Nestora/backend/venv/lib/python3.14/site-packages/starlette/applications.py", line 123, in __call__
    await self.middleware_stack(scope, receive, send)
  File "/Users/hiralgandharva/Desktop/Hardik/OpsisTechnology/Nestora/backend/venv/lib/python3.14/site-packages/starlette/middleware/errors.py", line 186, in __call__
    raise exc
  File "/Users/hiralgandharva/Desktop/Hardik/OpsisTechnology/Nestora/backend/venv/lib/python3.14/site-packages/starlette/middleware/errors.py", line 164, in __call__
    await self.app(scope, receive, _send)
  File "/Users/hiralgandharva/Desktop/Hardik/OpsisTechnology/Nestora/backend/venv/lib/python3.14/site-packages/starlette/middleware/cors.py", line 93, in __call__
    await self.simple_response(scope, receive, send, request_headers=headers)
  File "/Users/hiralgandharva/Desktop/Hardik/OpsisTechnology/Nestora/backend/venv/lib/python3.14/site-packages/starlette/middleware/cors.py", line 148, in simple_response
    await self.app(scope, receive, send)
  File "/Users/hiralgandharva/Desktop/Hardik/OpsisTechnology/Nestora/backend/venv/lib/python3.14/site-packages/starlette/middleware/exceptions.py", line 65, in __call__
    await wrap_app_handling_exceptions(self.app, conn)(scope, receive, send)
  File "/Users/hiralgandharva/Desktop/Hardik/OpsisTechnology/Nestora/backend/venv/lib/python3.14/site-packages/starlette/_exception_handler.py", line 64, in wrapped_app
    raise exc
  File "/Users/hiralgandharva/Desktop/Hardik/OpsisTechnology/Nestora/backend/venv/lib/python3.14/site-packages/starlette/_exception_handler.py", line 53, in wrapped_app
    await app(scope, receive, sender)
  File "/Users/hiralgandharva/Desktop/Hardik/OpsisTechnology/Nestora/backend/venv/lib/python3.14/site-packages/starlette/routing.py", line 756, in __call__
    await self.middleware_stack(scope, receive, send)
  File "/Users/hiralgandharva/Desktop/Hardik/OpsisTechnology/Nestora/backend/venv/lib/python3.14/site-packages/starlette/routing.py", line 776, in app
    await route.handle(scope, receive, send)
  File "/Users/hiralgandharva/Desktop/Hardik/OpsisTechnology/Nestora/backend/venv/lib/python3.14/site-packages/starlette/routing.py", line 297, in handle
    await self.app(scope, receive, send)
  File "/Users/hiralgandharva/Desktop/Hardik/OpsisTechnology/Nestora/backend/venv/lib/python3.14/site-packages/starlette/routing.py", line 77, in app
    await wrap_app_handling_exceptions(app, request)(scope, receive, send)
  File "/Users/hiralgandharva/Desktop/Hardik/OpsisTechnology/Nestora/backend/venv/lib/python3.14/site-packages/starlette/_exception_handler.py", line 64, in wrapped_app
    raise exc
  File "/Users/hiralgandharva/Desktop/Hardik/OpsisTechnology/Nestora/backend/venv/lib/python3.14/site-packages/starlette/_exception_handler.py", line 53, in wrapped_app
    await app(scope, receive, sender)
  File "/Users/hiralgandharva/Desktop/Hardik/OpsisTechnology/Nestora/backend/venv/lib/python3.14/site-packages/starlette/routing.py", line 72, in app
    response = await func(request)
               ^^^^^^^^^^^^^^^^^^^
  File "/Users/hiralgandharva/Desktop/Hardik/OpsisTechnology/Nestora/backend/venv/lib/python3.14/site-packages/fastapi/routing.py", line 278, in app
    raw_response = await run_endpoint_function(
                   ^^^^^^^^^^^^^^^^^^^^^^^^^^^^
        dependant=dependant, values=values, is_coroutine=is_coroutine
        ^^^^^^^^^^^^^^^^^^^^^^^^^^^^^^^^^^^^^^^^^^^^^^^^^^^^^^^^^^^^^
    )
    ^
  File "/Users/hiralgandharva/Desktop/Hardik/OpsisTechnology/Nestora/backend/venv/lib/python3.14/site-packages/fastapi/routing.py", line 191, in run_endpoint_function
    return await dependant.call(**values)
           ^^^^^^^^^^^^^^^^^^^^^^^^^^^^^^
  File "/Users/hiralgandharva/Desktop/Hardik/OpsisTechnology/Nestora/backend/server.py", line 952, in create_entity
    entity_id = await db_execute("INSERT INTO entities (entity_type_id, association_id, name, description) VALUES (%s, %s, %s, %s)",
                ^^^^^^^^^^^^^^^^^^^^^^^^^^^^^^^^^^^^^^^^^^^^^^^^^^^^^^^^^^^^^^^^^^^^^^^^^^^^^^^^^^^^^^^^^^^^^^^^^^^^^^^^^^^^^^^^^^^^
                                 (payload.entity_type_id, payload.association_id, payload.name, payload.description))
                                 ^^^^^^^^^^^^^^^^^^^^^^^^^^^^^^^^^^^^^^^^^^^^^^^^^^^^^^^^^^^^^^^^^^^^^^^^^^^^^^^^^^^^
  File "/Users/hiralgandharva/Desktop/Hardik/OpsisTechnology/Nestora/backend/server.py", line 91, in db_execute
    await cur.execute(sql, params)
  File "/Users/hiralgandharva/Desktop/Hardik/OpsisTechnology/Nestora/backend/venv/lib/python3.14/site-packages/aiomysql/cursors.py", line 239, in execute
    await self._query(query)
  File "/Users/hiralgandharva/Desktop/Hardik/OpsisTechnology/Nestora/backend/venv/lib/python3.14/site-packages/aiomysql/cursors.py", line 457, in _query
    await conn.query(q)
  File "/Users/hiralgandharva/Desktop/Hardik/OpsisTechnology/Nestora/backend/venv/lib/python3.14/site-packages/aiomysql/connection.py", line 469, in query
    await self._read_query_result(unbuffered=unbuffered)
  File "/Users/hiralgandharva/Desktop/Hardik/OpsisTechnology/Nestora/backend/venv/lib/python3.14/site-packages/aiomysql/connection.py", line 683, in _read_query_result
    await result.read()
  File "/Users/hiralgandharva/Desktop/Hardik/OpsisTechnology/Nestora/backend/venv/lib/python3.14/site-packages/aiomysql/connection.py", line 1164, in read
    first_packet = await self.connection._read_packet()
                   ^^^^^^^^^^^^^^^^^^^^^^^^^^^^^^^^^^^^
  File "/Users/hiralgandharva/Desktop/Hardik/OpsisTechnology/Nestora/backend/venv/lib/python3.14/site-packages/aiomysql/connection.py", line 652, in _read_packet
    packet.raise_for_error()
    ~~~~~~~~~~~~~~~~~~~~~~^^
  File "/Users/hiralgandharva/Desktop/Hardik/OpsisTechnology/Nestora/backend/venv/lib/python3.14/site-packages/pymysql/protocol.py", line 219, in raise_for_error
    err.raise_mysql_exception(self._data)
    ~~~~~~~~~~~~~~~~~~~~~~~~~^^^^^^^^^^^^
  File "/Users/hiralgandharva/Desktop/Hardik/OpsisTechnology/Nestora/backend/venv/lib/python3.14/site-packages/pymysql/err.py", line 154, in raise_mysql_exception
    raise errorclass(errno, errval, sqlstate=sqlstate)
pymysql.err.OperationalError: (1054, "Unknown column 'association_id' in 'field list'")
INFO:     127.0.0.1:55714 - "POST /api/admin/entities HTTP/1.1" 500 Internal Server Error
ERROR:    Exception in ASGI application
Traceback (most recent call last):
  File "/Users/hiralgandharva/Desktop/Hardik/OpsisTechnology/Nestora/backend/venv/lib/python3.14/site-packages/uvicorn/protocols/http/h11_impl.py", line 408, in run_asgi
    result = await app(  # type: ignore[func-returns-value]
             ^^^^^^^^^^^^^^^^^^^^^^^^^^^^^^^^^^^^^^^^^^^^^^
        self.scope, self.receive, self.send
        ^^^^^^^^^^^^^^^^^^^^^^^^^^^^^^^^^^^
    )
    ^
  File "/Users/hiralgandharva/Desktop/Hardik/OpsisTechnology/Nestora/backend/venv/lib/python3.14/site-packages/uvicorn/middleware/proxy_headers.py", line 84, in __call__
    return await self.app(scope, receive, send)
           ^^^^^^^^^^^^^^^^^^^^^^^^^^^^^^^^^^^^
  File "/Users/hiralgandharva/Desktop/Hardik/OpsisTechnology/Nestora/backend/venv/lib/python3.14/site-packages/fastapi/applications.py", line 1054, in __call__
    await super().__call__(scope, receive, send)
  File "/Users/hiralgandharva/Desktop/Hardik/OpsisTechnology/Nestora/backend/venv/lib/python3.14/site-packages/starlette/applications.py", line 123, in __call__
    await self.middleware_stack(scope, receive, send)
  File "/Users/hiralgandharva/Desktop/Hardik/OpsisTechnology/Nestora/backend/venv/lib/python3.14/site-packages/starlette/middleware/errors.py", line 186, in __call__
    raise exc
  File "/Users/hiralgandharva/Desktop/Hardik/OpsisTechnology/Nestora/backend/venv/lib/python3.14/site-packages/starlette/middleware/errors.py", line 164, in __call__
    await self.app(scope, receive, _send)
  File "/Users/hiralgandharva/Desktop/Hardik/OpsisTechnology/Nestora/backend/venv/lib/python3.14/site-packages/starlette/middleware/cors.py", line 93, in __call__
    await self.simple_response(scope, receive, send, request_headers=headers)
  File "/Users/hiralgandharva/Desktop/Hardik/OpsisTechnology/Nestora/backend/venv/lib/python3.14/site-packages/starlette/middleware/cors.py", line 148, in simple_response
    await self.app(scope, receive, send)
  File "/Users/hiralgandharva/Desktop/Hardik/OpsisTechnology/Nestora/backend/venv/lib/python3.14/site-packages/starlette/middleware/exceptions.py", line 65, in __call__
    await wrap_app_handling_exceptions(self.app, conn)(scope, receive, send)
  File "/Users/hiralgandharva/Desktop/Hardik/OpsisTechnology/Nestora/backend/venv/lib/python3.14/site-packages/starlette/_exception_handler.py", line 64, in wrapped_app
    raise exc
  File "/Users/hiralgandharva/Desktop/Hardik/OpsisTechnology/Nestora/backend/venv/lib/python3.14/site-packages/starlette/_exception_handler.py", line 53, in wrapped_app
    await app(scope, receive, sender)
  File "/Users/hiralgandharva/Desktop/Hardik/OpsisTechnology/Nestora/backend/venv/lib/python3.14/site-packages/starlette/routing.py", line 756, in __call__
    await self.middleware_stack(scope, receive, send)
  File "/Users/hiralgandharva/Desktop/Hardik/OpsisTechnology/Nestora/backend/venv/lib/python3.14/site-packages/starlette/routing.py", line 776, in app
    await route.handle(scope, receive, send)
  File "/Users/hiralgandharva/Desktop/Hardik/OpsisTechnology/Nestora/backend/venv/lib/python3.14/site-packages/starlette/routing.py", line 297, in handle
    await self.app(scope, receive, send)
  File "/Users/hiralgandharva/Desktop/Hardik/OpsisTechnology/Nestora/backend/venv/lib/python3.14/site-packages/starlette/routing.py", line 77, in app
    await wrap_app_handling_exceptions(app, request)(scope, receive, send)
  File "/Users/hiralgandharva/Desktop/Hardik/OpsisTechnology/Nestora/backend/venv/lib/python3.14/site-packages/starlette/_exception_handler.py", line 64, in wrapped_app
    raise exc
  File "/Users/hiralgandharva/Desktop/Hardik/OpsisTechnology/Nestora/backend/venv/lib/python3.14/site-packages/starlette/_exception_handler.py", line 53, in wrapped_app
    await app(scope, receive, sender)
  File "/Users/hiralgandharva/Desktop/Hardik/OpsisTechnology/Nestora/backend/venv/lib/python3.14/site-packages/starlette/routing.py", line 72, in app
    response = await func(request)
               ^^^^^^^^^^^^^^^^^^^
  File "/Users/hiralgandharva/Desktop/Hardik/OpsisTechnology/Nestora/backend/venv/lib/python3.14/site-packages/fastapi/routing.py", line 278, in app
    raw_response = await run_endpoint_function(
                   ^^^^^^^^^^^^^^^^^^^^^^^^^^^^
        dependant=dependant, values=values, is_coroutine=is_coroutine
        ^^^^^^^^^^^^^^^^^^^^^^^^^^^^^^^^^^^^^^^^^^^^^^^^^^^^^^^^^^^^^
    )
    ^
  File "/Users/hiralgandharva/Desktop/Hardik/OpsisTechnology/Nestora/backend/venv/lib/python3.14/site-packages/fastapi/routing.py", line 191, in run_endpoint_function
    return await dependant.call(**values)
           ^^^^^^^^^^^^^^^^^^^^^^^^^^^^^^
  File "/Users/hiralgandharva/Desktop/Hardik/OpsisTechnology/Nestora/backend/server.py", line 952, in create_entity
    entity_id = await db_execute("INSERT INTO entities (entity_type_id, association_id, name, description) VALUES (%s, %s, %s, %s)",
                ^^^^^^^^^^^^^^^^^^^^^^^^^^^^^^^^^^^^^^^^^^^^^^^^^^^^^^^^^^^^^^^^^^^^^^^^^^^^^^^^^^^^^^^^^^^^^^^^^^^^^^^^^^^^^^^^^^^^
                                 (payload.entity_type_id, payload.association_id, payload.name, payload.description))
                                 ^^^^^^^^^^^^^^^^^^^^^^^^^^^^^^^^^^^^^^^^^^^^^^^^^^^^^^^^^^^^^^^^^^^^^^^^^^^^^^^^^^^^
  File "/Users/hiralgandharva/Desktop/Hardik/OpsisTechnology/Nestora/backend/server.py", line 91, in db_execute
    await cur.execute(sql, params)
  File "/Users/hiralgandharva/Desktop/Hardik/OpsisTechnology/Nestora/backend/venv/lib/python3.14/site-packages/aiomysql/cursors.py", line 239, in execute
    await self._query(query)
  File "/Users/hiralgandharva/Desktop/Hardik/OpsisTechnology/Nestora/backend/venv/lib/python3.14/site-packages/aiomysql/cursors.py", line 457, in _query
    await conn.query(q)
  File "/Users/hiralgandharva/Desktop/Hardik/OpsisTechnology/Nestora/backend/venv/lib/python3.14/site-packages/aiomysql/connection.py", line 469, in query
    await self._read_query_result(unbuffered=unbuffered)
  File "/Users/hiralgandharva/Desktop/Hardik/OpsisTechnology/Nestora/backend/venv/lib/python3.14/site-packages/aiomysql/connection.py", line 683, in _read_query_result
    await result.read()
  File "/Users/hiralgandharva/Desktop/Hardik/OpsisTechnology/Nestora/backend/venv/lib/python3.14/site-packages/aiomysql/connection.py", line 1164, in read
    first_packet = await self.connection._read_packet()
                   ^^^^^^^^^^^^^^^^^^^^^^^^^^^^^^^^^^^^
  File "/Users/hiralgandharva/Desktop/Hardik/OpsisTechnology/Nestora/backend/venv/lib/python3.14/site-packages/aiomysql/connection.py", line 652, in _read_packet
    packet.raise_for_error()
    ~~~~~~~~~~~~~~~~~~~~~~^^
  File "/Users/hiralgandharva/Desktop/Hardik/OpsisTechnology/Nestora/backend/venv/lib/python3.14/site-packages/pymysql/protocol.py", line 219, in raise_for_error
    err.raise_mysql_exception(self._data)
    ~~~~~~~~~~~~~~~~~~~~~~~~~^^^^^^^^^^^^
  File "/Users/hiralgandharva/Desktop/Hardik/OpsisTechnology/Nestora/backend/venv/lib/python3.14/site-packages/pymysql/err.py", line 154, in raise_mysql_exception
    raise errorclass(errno, errval, sqlstate=sqlstate)
pymysql.err.OperationalError: (1054, "Unknown column 'association_id' in 'field list'")
INFO:     127.0.0.1:55717 - "POST /api/admin/entities HTTP/1.1" 500 Internal Server Error
ERROR:    Exception in ASGI application
Traceback (most recent call last):
  File "/Users/hiralgandharva/Desktop/Hardik/OpsisTechnology/Nestora/backend/venv/lib/python3.14/site-packages/uvicorn/protocols/http/h11_impl.py", line 408, in run_asgi
    result = await app(  # type: ignore[func-returns-value]
             ^^^^^^^^^^^^^^^^^^^^^^^^^^^^^^^^^^^^^^^^^^^^^^
        self.scope, self.receive, self.send
        ^^^^^^^^^^^^^^^^^^^^^^^^^^^^^^^^^^^
    )
    ^
  File "/Users/hiralgandharva/Desktop/Hardik/OpsisTechnology/Nestora/backend/venv/lib/python3.14/site-packages/uvicorn/middleware/proxy_headers.py", line 84, in __call__
    return await self.app(scope, receive, send)
           ^^^^^^^^^^^^^^^^^^^^^^^^^^^^^^^^^^^^
  File "/Users/hiralgandharva/Desktop/Hardik/OpsisTechnology/Nestora/backend/venv/lib/python3.14/site-packages/fastapi/applications.py", line 1054, in __call__
    await super().__call__(scope, receive, send)
  File "/Users/hiralgandharva/Desktop/Hardik/OpsisTechnology/Nestora/backend/venv/lib/python3.14/site-packages/starlette/applications.py", line 123, in __call__
    await self.middleware_stack(scope, receive, send)
  File "/Users/hiralgandharva/Desktop/Hardik/OpsisTechnology/Nestora/backend/venv/lib/python3.14/site-packages/starlette/middleware/errors.py", line 186, in __call__
    raise exc
  File "/Users/hiralgandharva/Desktop/Hardik/OpsisTechnology/Nestora/backend/venv/lib/python3.14/site-packages/starlette/middleware/errors.py", line 164, in __call__
    await self.app(scope, receive, _send)
  File "/Users/hiralgandharva/Desktop/Hardik/OpsisTechnology/Nestora/backend/venv/lib/python3.14/site-packages/starlette/middleware/cors.py", line 93, in __call__
    await self.simple_response(scope, receive, send, request_headers=headers)
  File "/Users/hiralgandharva/Desktop/Hardik/OpsisTechnology/Nestora/backend/venv/lib/python3.14/site-packages/starlette/middleware/cors.py", line 148, in simple_response
    await self.app(scope, receive, send)
  File "/Users/hiralgandharva/Desktop/Hardik/OpsisTechnology/Nestora/backend/venv/lib/python3.14/site-packages/starlette/middleware/exceptions.py", line 65, in __call__
    await wrap_app_handling_exceptions(self.app, conn)(scope, receive, send)
  File "/Users/hiralgandharva/Desktop/Hardik/OpsisTechnology/Nestora/backend/venv/lib/python3.14/site-packages/starlette/_exception_handler.py", line 64, in wrapped_app
    raise exc
  File "/Users/hiralgandharva/Desktop/Hardik/OpsisTechnology/Nestora/backend/venv/lib/python3.14/site-packages/starlette/_exception_handler.py", line 53, in wrapped_app
    await app(scope, receive, sender)
  File "/Users/hiralgandharva/Desktop/Hardik/OpsisTechnology/Nestora/backend/venv/lib/python3.14/site-packages/starlette/routing.py", line 756, in __call__
    await self.middleware_stack(scope, receive, send)
  File "/Users/hiralgandharva/Desktop/Hardik/OpsisTechnology/Nestora/backend/venv/lib/python3.14/site-packages/starlette/routing.py", line 776, in app
    await route.handle(scope, receive, send)
  File "/Users/hiralgandharva/Desktop/Hardik/OpsisTechnology/Nestora/backend/venv/lib/python3.14/site-packages/starlette/routing.py", line 297, in handle
    await self.app(scope, receive, send)
  File "/Users/hiralgandharva/Desktop/Hardik/OpsisTechnology/Nestora/backend/venv/lib/python3.14/site-packages/starlette/routing.py", line 77, in app
    await wrap_app_handling_exceptions(app, request)(scope, receive, send)
  File "/Users/hiralgandharva/Desktop/Hardik/OpsisTechnology/Nestora/backend/venv/lib/python3.14/site-packages/starlette/_exception_handler.py", line 64, in wrapped_app
    raise exc
  File "/Users/hiralgandharva/Desktop/Hardik/OpsisTechnology/Nestora/backend/venv/lib/python3.14/site-packages/starlette/_exception_handler.py", line 53, in wrapped_app
    await app(scope, receive, sender)
  File "/Users/hiralgandharva/Desktop/Hardik/OpsisTechnology/Nestora/backend/venv/lib/python3.14/site-packages/starlette/routing.py", line 72, in app
    response = await func(request)
               ^^^^^^^^^^^^^^^^^^^
  File "/Users/hiralgandharva/Desktop/Hardik/OpsisTechnology/Nestora/backend/venv/lib/python3.14/site-packages/fastapi/routing.py", line 278, in app
    raw_response = await run_endpoint_function(
                   ^^^^^^^^^^^^^^^^^^^^^^^^^^^^
        dependant=dependant, values=values, is_coroutine=is_coroutine
        ^^^^^^^^^^^^^^^^^^^^^^^^^^^^^^^^^^^^^^^^^^^^^^^^^^^^^^^^^^^^^
    )
    ^
  File "/Users/hiralgandharva/Desktop/Hardik/OpsisTechnology/Nestora/backend/venv/lib/python3.14/site-packages/fastapi/routing.py", line 191, in run_endpoint_function
    return await dependant.call(**values)
           ^^^^^^^^^^^^^^^^^^^^^^^^^^^^^^
  File "/Users/hiralgandharva/Desktop/Hardik/OpsisTechnology/Nestora/backend/server.py", line 952, in create_entity
    entity_id = await db_execute("INSERT INTO entities (entity_type_id, association_id, name, description) VALUES (%s, %s, %s, %s)",
                ^^^^^^^^^^^^^^^^^^^^^^^^^^^^^^^^^^^^^^^^^^^^^^^^^^^^^^^^^^^^^^^^^^^^^^^^^^^^^^^^^^^^^^^^^^^^^^^^^^^^^^^^^^^^^^^^^^^^
                                 (payload.entity_type_id, payload.association_id, payload.name, payload.description))
                                 ^^^^^^^^^^^^^^^^^^^^^^^^^^^^^^^^^^^^^^^^^^^^^^^^^^^^^^^^^^^^^^^^^^^^^^^^^^^^^^^^^^^^
  File "/Users/hiralgandharva/Desktop/Hardik/OpsisTechnology/Nestora/backend/server.py", line 91, in db_execute
    await cur.execute(sql, params)
  File "/Users/hiralgandharva/Desktop/Hardik/OpsisTechnology/Nestora/backend/venv/lib/python3.14/site-packages/aiomysql/cursors.py", line 239, in execute
    await self._query(query)
  File "/Users/hiralgandharva/Desktop/Hardik/OpsisTechnology/Nestora/backend/venv/lib/python3.14/site-packages/aiomysql/cursors.py", line 457, in _query
    await conn.query(q)
  File "/Users/hiralgandharva/Desktop/Hardik/OpsisTechnology/Nestora/backend/venv/lib/python3.14/site-packages/aiomysql/connection.py", line 469, in query
    await self._read_query_result(unbuffered=unbuffered)
  File "/Users/hiralgandharva/Desktop/Hardik/OpsisTechnology/Nestora/backend/venv/lib/python3.14/site-packages/aiomysql/connection.py", line 683, in _read_query_result
    await result.read()
  File "/Users/hiralgandharva/Desktop/Hardik/OpsisTechnology/Nestora/backend/venv/lib/python3.14/site-packages/aiomysql/connection.py", line 1164, in read
    first_packet = await self.connection._read_packet()
                   ^^^^^^^^^^^^^^^^^^^^^^^^^^^^^^^^^^^^
  File "/Users/hiralgandharva/Desktop/Hardik/OpsisTechnology/Nestora/backend/venv/lib/python3.14/site-packages/aiomysql/connection.py", line 652, in _read_packet
    packet.raise_for_error()
    ~~~~~~~~~~~~~~~~~~~~~~^^
  File "/Users/hiralgandharva/Desktop/Hardik/OpsisTechnology/Nestora/backend/venv/lib/python3.14/site-packages/pymysql/protocol.py", line 219, in raise_for_error
    err.raise_mysql_exception(self._data)
    ~~~~~~~~~~~~~~~~~~~~~~~~~^^^^^^^^^^^^
  File "/Users/hiralgandharva/Desktop/Hardik/OpsisTechnology/Nestora/backend/venv/lib/python3.14/site-packages/pymysql/err.py", line 154, in raise_mysql_exception
    raise errorclass(errno, errval, sqlstate=sqlstate)
pymysql.err.OperationalError: (1054, "Unknown column 'association_id' in 'field list'")
INFO:     127.0.0.1:55731 - "POST /api/admin/entities HTTP/1.1" 500 Internal Server Error
ERROR:    Exception in ASGI application
Traceback (most recent call last):
  File "/Users/hiralgandharva/Desktop/Hardik/OpsisTechnology/Nestora/backend/venv/lib/python3.14/site-packages/uvicorn/protocols/http/h11_impl.py", line 408, in run_asgi
    result = await app(  # type: ignore[func-returns-value]
             ^^^^^^^^^^^^^^^^^^^^^^^^^^^^^^^^^^^^^^^^^^^^^^
        self.scope, self.receive, self.send
        ^^^^^^^^^^^^^^^^^^^^^^^^^^^^^^^^^^^
    )
    ^
  File "/Users/hiralgandharva/Desktop/Hardik/OpsisTechnology/Nestora/backend/venv/lib/python3.14/site-packages/uvicorn/middleware/proxy_headers.py", line 84, in __call__
    return await self.app(scope, receive, send)
           ^^^^^^^^^^^^^^^^^^^^^^^^^^^^^^^^^^^^
  File "/Users/hiralgandharva/Desktop/Hardik/OpsisTechnology/Nestora/backend/venv/lib/python3.14/site-packages/fastapi/applications.py", line 1054, in __call__
    await super().__call__(scope, receive, send)
  File "/Users/hiralgandharva/Desktop/Hardik/OpsisTechnology/Nestora/backend/venv/lib/python3.14/site-packages/starlette/applications.py", line 123, in __call__
    await self.middleware_stack(scope, receive, send)
  File "/Users/hiralgandharva/Desktop/Hardik/OpsisTechnology/Nestora/backend/venv/lib/python3.14/site-packages/starlette/middleware/errors.py", line 186, in __call__
    raise exc
  File "/Users/hiralgandharva/Desktop/Hardik/OpsisTechnology/Nestora/backend/venv/lib/python3.14/site-packages/starlette/middleware/errors.py", line 164, in __call__
    await self.app(scope, receive, _send)
  File "/Users/hiralgandharva/Desktop/Hardik/OpsisTechnology/Nestora/backend/venv/lib/python3.14/site-packages/starlette/middleware/cors.py", line 93, in __call__
    await self.simple_response(scope, receive, send, request_headers=headers)
  File "/Users/hiralgandharva/Desktop/Hardik/OpsisTechnology/Nestora/backend/venv/lib/python3.14/site-packages/starlette/middleware/cors.py", line 148, in simple_response
    await self.app(scope, receive, send)
  File "/Users/hiralgandharva/Desktop/Hardik/OpsisTechnology/Nestora/backend/venv/lib/python3.14/site-packages/starlette/middleware/exceptions.py", line 65, in __call__
    await wrap_app_handling_exceptions(self.app, conn)(scope, receive, send)
  File "/Users/hiralgandharva/Desktop/Hardik/OpsisTechnology/Nestora/backend/venv/lib/python3.14/site-packages/starlette/_exception_handler.py", line 64, in wrapped_app
    raise exc
  File "/Users/hiralgandharva/Desktop/Hardik/OpsisTechnology/Nestora/backend/venv/lib/python3.14/site-packages/starlette/_exception_handler.py", line 53, in wrapped_app
    await app(scope, receive, sender)
  File "/Users/hiralgandharva/Desktop/Hardik/OpsisTechnology/Nestora/backend/venv/lib/python3.14/site-packages/starlette/routing.py", line 756, in __call__
    await self.middleware_stack(scope, receive, send)
  File "/Users/hiralgandharva/Desktop/Hardik/OpsisTechnology/Nestora/backend/venv/lib/python3.14/site-packages/starlette/routing.py", line 776, in app
    await route.handle(scope, receive, send)
  File "/Users/hiralgandharva/Desktop/Hardik/OpsisTechnology/Nestora/backend/venv/lib/python3.14/site-packages/starlette/routing.py", line 297, in handle
    await self.app(scope, receive, send)
  File "/Users/hiralgandharva/Desktop/Hardik/OpsisTechnology/Nestora/backend/venv/lib/python3.14/site-packages/starlette/routing.py", line 77, in app
    await wrap_app_handling_exceptions(app, request)(scope, receive, send)
  File "/Users/hiralgandharva/Desktop/Hardik/OpsisTechnology/Nestora/backend/venv/lib/python3.14/site-packages/starlette/_exception_handler.py", line 64, in wrapped_app
    raise exc
  File "/Users/hiralgandharva/Desktop/Hardik/OpsisTechnology/Nestora/backend/venv/lib/python3.14/site-packages/starlette/_exception_handler.py", line 53, in wrapped_app
    await app(scope, receive, sender)
  File "/Users/hiralgandharva/Desktop/Hardik/OpsisTechnology/Nestora/backend/venv/lib/python3.14/site-packages/starlette/routing.py", line 72, in app
    response = await func(request)
               ^^^^^^^^^^^^^^^^^^^
  File "/Users/hiralgandharva/Desktop/Hardik/OpsisTechnology/Nestora/backend/venv/lib/python3.14/site-packages/fastapi/routing.py", line 278, in app
    raw_response = await run_endpoint_function(
                   ^^^^^^^^^^^^^^^^^^^^^^^^^^^^
        dependant=dependant, values=values, is_coroutine=is_coroutine
        ^^^^^^^^^^^^^^^^^^^^^^^^^^^^^^^^^^^^^^^^^^^^^^^^^^^^^^^^^^^^^
    )
    ^
  File "/Users/hiralgandharva/Desktop/Hardik/OpsisTechnology/Nestora/backend/venv/lib/python3.14/site-packages/fastapi/routing.py", line 191, in run_endpoint_function
    return await dependant.call(**values)
           ^^^^^^^^^^^^^^^^^^^^^^^^^^^^^^
  File "/Users/hiralgandharva/Desktop/Hardik/OpsisTechnology/Nestora/backend/server.py", line 952, in create_entity
    entity_id = await db_execute("INSERT INTO entities (entity_type_id, association_id, name, description) VALUES (%s, %s, %s, %s)",
                ^^^^^^^^^^^^^^^^^^^^^^^^^^^^^^^^^^^^^^^^^^^^^^^^^^^^^^^^^^^^^^^^^^^^^^^^^^^^^^^^^^^^^^^^^^^^^^^^^^^^^^^^^^^^^^^^^^^^
                                 (payload.entity_type_id, payload.association_id, payload.name, payload.description))
                                 ^^^^^^^^^^^^^^^^^^^^^^^^^^^^^^^^^^^^^^^^^^^^^^^^^^^^^^^^^^^^^^^^^^^^^^^^^^^^^^^^^^^^
  File "/Users/hiralgandharva/Desktop/Hardik/OpsisTechnology/Nestora/backend/server.py", line 91, in db_execute
    await cur.execute(sql, params)
  File "/Users/hiralgandharva/Desktop/Hardik/OpsisTechnology/Nestora/backend/venv/lib/python3.14/site-packages/aiomysql/cursors.py", line 239, in execute
    await self._query(query)
  File "/Users/hiralgandharva/Desktop/Hardik/OpsisTechnology/Nestora/backend/venv/lib/python3.14/site-packages/aiomysql/cursors.py", line 457, in _query
    await conn.query(q)
  File "/Users/hiralgandharva/Desktop/Hardik/OpsisTechnology/Nestora/backend/venv/lib/python3.14/site-packages/aiomysql/connection.py", line 469, in query
    await self._read_query_result(unbuffered=unbuffered)
  File "/Users/hiralgandharva/Desktop/Hardik/OpsisTechnology/Nestora/backend/venv/lib/python3.14/site-packages/aiomysql/connection.py", line 683, in _read_query_result
    await result.read()
  File "/Users/hiralgandharva/Desktop/Hardik/OpsisTechnology/Nestora/backend/venv/lib/python3.14/site-packages/aiomysql/connection.py", line 1164, in read
    first_packet = await self.connection._read_packet()
                   ^^^^^^^^^^^^^^^^^^^^^^^^^^^^^^^^^^^^
  File "/Users/hiralgandharva/Desktop/Hardik/OpsisTechnology/Nestora/backend/venv/lib/python3.14/site-packages/aiomysql/connection.py", line 652, in _read_packet
    packet.raise_for_error()
    ~~~~~~~~~~~~~~~~~~~~~~^^
  File "/Users/hiralgandharva/Desktop/Hardik/OpsisTechnology/Nestora/backend/venv/lib/python3.14/site-packages/pymysql/protocol.py", line 219, in raise_for_error
    err.raise_mysql_exception(self._data)
    ~~~~~~~~~~~~~~~~~~~~~~~~~^^^^^^^^^^^^
  File "/Users/hiralgandharva/Desktop/Hardik/OpsisTechnology/Nestora/backend/venv/lib/python3.14/site-packages/pymysql/err.py", line 154, in raise_mysql_exception
    raise errorclass(errno, errval, sqlstate=sqlstate)
pymysql.err.OperationalError: (1054, "Unknown column 'association_id' in 'field list'")
WARNING:  StatReload detected changes in 'server.py'. Reloading...
INFO:     Shutting down
INFO:     Waiting for application shutdown.
INFO:     Application shutdown complete.
INFO:     Finished server process [8189]
INFO:     Started server process [8579]
INFO:     Waiting for application startup.
/Users/hiralgandharva/Desktop/Hardik/OpsisTechnology/Nestora/backend/venv/lib/python3.14/site-packages/aiomysql/cursors.py:458: Warning: Table 'user_codes' already exists
  await self._do_get_result()
/Users/hiralgandharva/Desktop/Hardik/OpsisTechnology/Nestora/backend/venv/lib/python3.14/site-packages/aiomysql/cursors.py:458: Warning: Table 'user_details' already exists
  await self._do_get_result()
/Users/hiralgandharva/Desktop/Hardik/OpsisTechnology/Nestora/backend/venv/lib/python3.14/site-packages/aiomysql/cursors.py:458: Warning: Table 'entity_types' already exists
  await self._do_get_result()
/Users/hiralgandharva/Desktop/Hardik/OpsisTechnology/Nestora/backend/venv/lib/python3.14/site-packages/aiomysql/cursors.py:458: Warning: Table 'entities' already exists
  await self._do_get_result()
/Users/hiralgandharva/Desktop/Hardik/OpsisTechnology/Nestora/backend/venv/lib/python3.14/site-packages/aiomysql/cursors.py:458: Warning: Table 'roles' already exists
  await self._do_get_result()
/Users/hiralgandharva/Desktop/Hardik/OpsisTechnology/Nestora/backend/venv/lib/python3.14/site-packages/aiomysql/cursors.py:458: Warning: Table 'accounts' already exists
  await self._do_get_result()
/Users/hiralgandharva/Desktop/Hardik/OpsisTechnology/Nestora/backend/venv/lib/python3.14/site-packages/aiomysql/cursors.py:458: Warning: Table 'features' already exists
  await self._do_get_result()
/Users/hiralgandharva/Desktop/Hardik/OpsisTechnology/Nestora/backend/venv/lib/python3.14/site-packages/aiomysql/cursors.py:458: Warning: Integer display width is deprecated and will be removed in a future release.
  await self._do_get_result()
/Users/hiralgandharva/Desktop/Hardik/OpsisTechnology/Nestora/backend/venv/lib/python3.14/site-packages/aiomysql/cursors.py:458: Warning: Table 'role_feature_permissions' already exists
  await self._do_get_result()
/Users/hiralgandharva/Desktop/Hardik/OpsisTechnology/Nestora/backend/venv/lib/python3.14/site-packages/aiomysql/cursors.py:458: Warning: Table 'associations' already exists
  await self._do_get_result()
/Users/hiralgandharva/Desktop/Hardik/OpsisTechnology/Nestora/backend/venv/lib/python3.14/site-packages/aiomysql/cursors.py:458: Warning: Table 'admin_associations' already exists
  await self._do_get_result()
/Users/hiralgandharva/Desktop/Hardik/OpsisTechnology/Nestora/backend/venv/lib/python3.14/site-packages/aiomysql/cursors.py:458: Warning: Table 'code_requests' already exists
  await self._do_get_result()
/Users/hiralgandharva/Desktop/Hardik/OpsisTechnology/Nestora/backend/venv/lib/python3.14/site-packages/aiomysql/cursors.py:458: Warning: Table 'update_requests' already exists
  await self._do_get_result()
/Users/hiralgandharva/Desktop/Hardik/OpsisTechnology/Nestora/backend/venv/lib/python3.14/site-packages/aiomysql/cursors.py:458: Warning: Table 'email_log' already exists
  await self._do_get_result()
/Users/hiralgandharva/Desktop/Hardik/OpsisTechnology/Nestora/backend/venv/lib/python3.14/site-packages/aiomysql/cursors.py:458: Warning: Table 'announcements' already exists
  await self._do_get_result()
/Users/hiralgandharva/Desktop/Hardik/OpsisTechnology/Nestora/backend/venv/lib/python3.14/site-packages/aiomysql/cursors.py:458: Warning: Table 'events' already exists
  await self._do_get_result()
/Users/hiralgandharva/Desktop/Hardik/OpsisTechnology/Nestora/backend/venv/lib/python3.14/site-packages/aiomysql/cursors.py:458: Warning: Table 'event_rsvps' already exists
  await self._do_get_result()
/Users/hiralgandharva/Desktop/Hardik/OpsisTechnology/Nestora/backend/venv/lib/python3.14/site-packages/aiomysql/cursors.py:458: Warning: Field 'id' doesn't have a default value
  await self._do_get_result()
/Users/hiralgandharva/Desktop/Hardik/OpsisTechnology/Nestora/backend/venv/lib/python3.14/site-packages/aiomysql/cursors.py:458: Warning: Duplicate entry '' for key 'entity_types.PRIMARY'
  await self._do_get_result()
/Users/hiralgandharva/Desktop/Hardik/OpsisTechnology/Nestora/backend/venv/lib/python3.14/site-packages/aiomysql/cursors.py:458: Warning: Duplicate entry '' for key 'entities.PRIMARY'
  await self._do_get_result()
2026-07-22 17:07:09,503 - nestora - INFO - Nestora API started (MySQL connected).
INFO:     Application startup complete.
INFO:     127.0.0.1:55873 - "POST /api/admin/entities HTTP/1.1" 200 OK
INFO:     127.0.0.1:55873 - "GET /api/admin/entities HTTP/1.1" 200 OK
INFO:     127.0.0.1:55873 - "GET /api/admin/entity-types HTTP/1.1" 200 OK
INFO:     127.0.0.1:55875 - "OPTIONS /api/admin/roles HTTP/1.1" 200 OK
INFO:     127.0.0.1:55875 - "GET /api/admin/roles HTTP/1.1" 200 OK
INFO:     127.0.0.1:55875 - "GET /api/admin/entities HTTP/1.1" 200 OK
INFO:     127.0.0.1:55875 - "GET /api/admin/entities HTTP/1.1" 200 OK
INFO:     127.0.0.1:55875 - "GET /api/admin/entity-types HTTP/1.1" 200 OK
INFO:     127.0.0.1:55875 - "GET /api/admin/roles HTTP/1.1" 200 OK
INFO:     127.0.0.1:55875 - "GET /api/admin/entities HTTP/1.1" 200 OK
INFO:     127.0.0.1:55875 - "OPTIONS /api/admin/features HTTP/1.1" 200 OK
INFO:     127.0.0.1:55877 - "GET /api/admin/features HTTP/1.1" 200 OK
INFO:     127.0.0.1:55889 - "GET /api/admin/roles HTTP/1.1" 200 OK
INFO:     127.0.0.1:55889 - "GET /api/admin/features HTTP/1.1" 200 OK
INFO:     127.0.0.1:55889 - "GET /api/admin/features HTTP/1.1" 200 OK
INFO:     127.0.0.1:55937 - "GET /api/admin/roles HTTP/1.1" 200 OK
INFO:     127.0.0.1:55937 - "OPTIONS /api/admin/entities HTTP/1.1" 200 OK
INFO:     127.0.0.1:55937 - "GET /api/admin/entities HTTP/1.1" 200 OK
INFO:     127.0.0.1:55937 - "GET /api/admin/features HTTP/1.1" 200 OK
INFO:     127.0.0.1:55939 - "OPTIONS /api/admin/features/10803daf-5b4b-49d9-8ccb-00d2f2d83336 HTTP/1.1" 200 OK
INFO:     127.0.0.1:55939 - "PUT /api/admin/features/10803daf-5b4b-49d9-8ccb-00d2f2d83336 HTTP/1.1" 422 Unprocessable Content
INFO:     127.0.0.1:55939 - "PUT /api/admin/features/10803daf-5b4b-49d9-8ccb-00d2f2d83336 HTTP/1.1" 422 Unprocessable Content
INFO:     127.0.0.1:55939 - "PUT /api/admin/features/10803daf-5b4b-49d9-8ccb-00d2f2d83336 HTTP/1.1" 422 Unprocessable Content
WARNING:  StatReload detected changes in 'server.py'. Reloading...
INFO:     127.0.0.1:56027 - "OPTIONS /api/auth/me HTTP/1.1" 200 OK
INFO:     127.0.0.1:56028 - "OPTIONS /api/auth/me HTTP/1.1" 200 OK
INFO:     Shutting down
INFO:     Waiting for application shutdown.
INFO:     Application shutdown complete.
INFO:     Finished server process [8579]
INFO:     Started server process [8969]
INFO:     Waiting for application startup.
/Users/hiralgandharva/Desktop/Hardik/OpsisTechnology/Nestora/backend/venv/lib/python3.14/site-packages/aiomysql/cursors.py:458: Warning: Table 'user_codes' already exists
  await self._do_get_result()
/Users/hiralgandharva/Desktop/Hardik/OpsisTechnology/Nestora/backend/venv/lib/python3.14/site-packages/aiomysql/cursors.py:458: Warning: Table 'user_details' already exists
  await self._do_get_result()
/Users/hiralgandharva/Desktop/Hardik/OpsisTechnology/Nestora/backend/venv/lib/python3.14/site-packages/aiomysql/cursors.py:458: Warning: Table 'entity_types' already exists
  await self._do_get_result()
/Users/hiralgandharva/Desktop/Hardik/OpsisTechnology/Nestora/backend/venv/lib/python3.14/site-packages/aiomysql/cursors.py:458: Warning: Table 'entities' already exists
  await self._do_get_result()
/Users/hiralgandharva/Desktop/Hardik/OpsisTechnology/Nestora/backend/venv/lib/python3.14/site-packages/aiomysql/cursors.py:458: Warning: Table 'roles' already exists
  await self._do_get_result()
/Users/hiralgandharva/Desktop/Hardik/OpsisTechnology/Nestora/backend/venv/lib/python3.14/site-packages/aiomysql/cursors.py:458: Warning: Table 'accounts' already exists
  await self._do_get_result()
/Users/hiralgandharva/Desktop/Hardik/OpsisTechnology/Nestora/backend/venv/lib/python3.14/site-packages/aiomysql/cursors.py:458: Warning: Table 'features' already exists
  await self._do_get_result()
/Users/hiralgandharva/Desktop/Hardik/OpsisTechnology/Nestora/backend/venv/lib/python3.14/site-packages/aiomysql/cursors.py:458: Warning: Integer display width is deprecated and will be removed in a future release.
  await self._do_get_result()
/Users/hiralgandharva/Desktop/Hardik/OpsisTechnology/Nestora/backend/venv/lib/python3.14/site-packages/aiomysql/cursors.py:458: Warning: Table 'role_feature_permissions' already exists
  await self._do_get_result()
/Users/hiralgandharva/Desktop/Hardik/OpsisTechnology/Nestora/backend/venv/lib/python3.14/site-packages/aiomysql/cursors.py:458: Warning: Table 'associations' already exists
  await self._do_get_result()
/Users/hiralgandharva/Desktop/Hardik/OpsisTechnology/Nestora/backend/venv/lib/python3.14/site-packages/aiomysql/cursors.py:458: Warning: Table 'admin_associations' already exists
  await self._do_get_result()
/Users/hiralgandharva/Desktop/Hardik/OpsisTechnology/Nestora/backend/venv/lib/python3.14/site-packages/aiomysql/cursors.py:458: Warning: Table 'code_requests' already exists
  await self._do_get_result()
/Users/hiralgandharva/Desktop/Hardik/OpsisTechnology/Nestora/backend/venv/lib/python3.14/site-packages/aiomysql/cursors.py:458: Warning: Table 'update_requests' already exists
  await self._do_get_result()
/Users/hiralgandharva/Desktop/Hardik/OpsisTechnology/Nestora/backend/venv/lib/python3.14/site-packages/aiomysql/cursors.py:458: Warning: Table 'email_log' already exists
  await self._do_get_result()
/Users/hiralgandharva/Desktop/Hardik/OpsisTechnology/Nestora/backend/venv/lib/python3.14/site-packages/aiomysql/cursors.py:458: Warning: Table 'announcements' already exists
  await self._do_get_result()
/Users/hiralgandharva/Desktop/Hardik/OpsisTechnology/Nestora/backend/venv/lib/python3.14/site-packages/aiomysql/cursors.py:458: Warning: Table 'events' already exists
  await self._do_get_result()
/Users/hiralgandharva/Desktop/Hardik/OpsisTechnology/Nestora/backend/venv/lib/python3.14/site-packages/aiomysql/cursors.py:458: Warning: Table 'event_rsvps' already exists
  await self._do_get_result()
/Users/hiralgandharva/Desktop/Hardik/OpsisTechnology/Nestora/backend/venv/lib/python3.14/site-packages/aiomysql/cursors.py:458: Warning: Field 'id' doesn't have a default value
  await self._do_get_result()
/Users/hiralgandharva/Desktop/Hardik/OpsisTechnology/Nestora/backend/venv/lib/python3.14/site-packages/aiomysql/cursors.py:458: Warning: Duplicate entry '' for key 'entity_types.PRIMARY'
  await self._do_get_result()
/Users/hiralgandharva/Desktop/Hardik/OpsisTechnology/Nestora/backend/venv/lib/python3.14/site-packages/aiomysql/cursors.py:458: Warning: Duplicate entry '' for key 'entities.PRIMARY'
  await self._do_get_result()
2026-07-22 17:19:47,912 - nestora - INFO - Nestora API started (MySQL connected).
INFO:     Application startup complete.
INFO:     127.0.0.1:56031 - "GET /api/auth/me HTTP/1.1" 200 OK
INFO:     127.0.0.1:56031 - "GET /api/auth/me HTTP/1.1" 200 OK
INFO:     127.0.0.1:56031 - "GET /api/admin/features HTTP/1.1" 200 OK
WARNING:  StatReload detected changes in 'server.py'. Reloading...
INFO:     Shutting down
INFO:     Waiting for application shutdown.
INFO:     Application shutdown complete.
INFO:     Finished server process [8969]
INFO:     Started server process [8999]
INFO:     Waiting for application startup.
/Users/hiralgandharva/Desktop/Hardik/OpsisTechnology/Nestora/backend/venv/lib/python3.14/site-packages/aiomysql/cursors.py:458: Warning: Table 'user_codes' already exists
  await self._do_get_result()
/Users/hiralgandharva/Desktop/Hardik/OpsisTechnology/Nestora/backend/venv/lib/python3.14/site-packages/aiomysql/cursors.py:458: Warning: Table 'user_details' already exists
  await self._do_get_result()
/Users/hiralgandharva/Desktop/Hardik/OpsisTechnology/Nestora/backend/venv/lib/python3.14/site-packages/aiomysql/cursors.py:458: Warning: Table 'entity_types' already exists
  await self._do_get_result()
/Users/hiralgandharva/Desktop/Hardik/OpsisTechnology/Nestora/backend/venv/lib/python3.14/site-packages/aiomysql/cursors.py:458: Warning: Table 'entities' already exists
  await self._do_get_result()
/Users/hiralgandharva/Desktop/Hardik/OpsisTechnology/Nestora/backend/venv/lib/python3.14/site-packages/aiomysql/cursors.py:458: Warning: Table 'roles' already exists
  await self._do_get_result()
/Users/hiralgandharva/Desktop/Hardik/OpsisTechnology/Nestora/backend/venv/lib/python3.14/site-packages/aiomysql/cursors.py:458: Warning: Table 'accounts' already exists
  await self._do_get_result()
/Users/hiralgandharva/Desktop/Hardik/OpsisTechnology/Nestora/backend/venv/lib/python3.14/site-packages/aiomysql/cursors.py:458: Warning: Table 'features' already exists
  await self._do_get_result()
/Users/hiralgandharva/Desktop/Hardik/OpsisTechnology/Nestora/backend/venv/lib/python3.14/site-packages/aiomysql/cursors.py:458: Warning: Integer display width is deprecated and will be removed in a future release.
  await self._do_get_result()
/Users/hiralgandharva/Desktop/Hardik/OpsisTechnology/Nestora/backend/venv/lib/python3.14/site-packages/aiomysql/cursors.py:458: Warning: Table 'role_feature_permissions' already exists
  await self._do_get_result()
/Users/hiralgandharva/Desktop/Hardik/OpsisTechnology/Nestora/backend/venv/lib/python3.14/site-packages/aiomysql/cursors.py:458: Warning: Table 'associations' already exists
  await self._do_get_result()
/Users/hiralgandharva/Desktop/Hardik/OpsisTechnology/Nestora/backend/venv/lib/python3.14/site-packages/aiomysql/cursors.py:458: Warning: Table 'admin_associations' already exists
  await self._do_get_result()
/Users/hiralgandharva/Desktop/Hardik/OpsisTechnology/Nestora/backend/venv/lib/python3.14/site-packages/aiomysql/cursors.py:458: Warning: Table 'code_requests' already exists
  await self._do_get_result()
/Users/hiralgandharva/Desktop/Hardik/OpsisTechnology/Nestora/backend/venv/lib/python3.14/site-packages/aiomysql/cursors.py:458: Warning: Table 'update_requests' already exists
  await self._do_get_result()
/Users/hiralgandharva/Desktop/Hardik/OpsisTechnology/Nestora/backend/venv/lib/python3.14/site-packages/aiomysql/cursors.py:458: Warning: Table 'email_log' already exists
  await self._do_get_result()
/Users/hiralgandharva/Desktop/Hardik/OpsisTechnology/Nestora/backend/venv/lib/python3.14/site-packages/aiomysql/cursors.py:458: Warning: Table 'announcements' already exists
  await self._do_get_result()
/Users/hiralgandharva/Desktop/Hardik/OpsisTechnology/Nestora/backend/venv/lib/python3.14/site-packages/aiomysql/cursors.py:458: Warning: Table 'events' already exists
  await self._do_get_result()
/Users/hiralgandharva/Desktop/Hardik/OpsisTechnology/Nestora/backend/venv/lib/python3.14/site-packages/aiomysql/cursors.py:458: Warning: Table 'event_rsvps' already exists
  await self._do_get_result()
/Users/hiralgandharva/Desktop/Hardik/OpsisTechnology/Nestora/backend/venv/lib/python3.14/site-packages/aiomysql/cursors.py:458: Warning: Field 'id' doesn't have a default value
  await self._do_get_result()
/Users/hiralgandharva/Desktop/Hardik/OpsisTechnology/Nestora/backend/venv/lib/python3.14/site-packages/aiomysql/cursors.py:458: Warning: Duplicate entry '' for key 'entity_types.PRIMARY'
  await self._do_get_result()
/Users/hiralgandharva/Desktop/Hardik/OpsisTechnology/Nestora/backend/venv/lib/python3.14/site-packages/aiomysql/cursors.py:458: Warning: Duplicate entry '' for key 'entities.PRIMARY'
  await self._do_get_result()
2026-07-22 17:20:19,984 - nestora - INFO - Nestora API started (MySQL connected).
INFO:     Application startup complete.
WARNING:  StatReload detected changes in 'seed_features.py'. Reloading...
INFO:     Shutting down
INFO:     Waiting for application shutdown.
INFO:     Application shutdown complete.
INFO:     Finished server process [8999]
INFO:     Started server process [9009]
INFO:     Waiting for application startup.
/Users/hiralgandharva/Desktop/Hardik/OpsisTechnology/Nestora/backend/venv/lib/python3.14/site-packages/aiomysql/cursors.py:458: Warning: Table 'user_codes' already exists
  await self._do_get_result()
/Users/hiralgandharva/Desktop/Hardik/OpsisTechnology/Nestora/backend/venv/lib/python3.14/site-packages/aiomysql/cursors.py:458: Warning: Table 'user_details' already exists
  await self._do_get_result()
/Users/hiralgandharva/Desktop/Hardik/OpsisTechnology/Nestora/backend/venv/lib/python3.14/site-packages/aiomysql/cursors.py:458: Warning: Table 'entity_types' already exists
  await self._do_get_result()
/Users/hiralgandharva/Desktop/Hardik/OpsisTechnology/Nestora/backend/venv/lib/python3.14/site-packages/aiomysql/cursors.py:458: Warning: Table 'entities' already exists
  await self._do_get_result()
/Users/hiralgandharva/Desktop/Hardik/OpsisTechnology/Nestora/backend/venv/lib/python3.14/site-packages/aiomysql/cursors.py:458: Warning: Table 'roles' already exists
  await self._do_get_result()
/Users/hiralgandharva/Desktop/Hardik/OpsisTechnology/Nestora/backend/venv/lib/python3.14/site-packages/aiomysql/cursors.py:458: Warning: Table 'accounts' already exists
  await self._do_get_result()
/Users/hiralgandharva/Desktop/Hardik/OpsisTechnology/Nestora/backend/venv/lib/python3.14/site-packages/aiomysql/cursors.py:458: Warning: Table 'features' already exists
  await self._do_get_result()
/Users/hiralgandharva/Desktop/Hardik/OpsisTechnology/Nestora/backend/venv/lib/python3.14/site-packages/aiomysql/cursors.py:458: Warning: Integer display width is deprecated and will be removed in a future release.
  await self._do_get_result()
/Users/hiralgandharva/Desktop/Hardik/OpsisTechnology/Nestora/backend/venv/lib/python3.14/site-packages/aiomysql/cursors.py:458: Warning: Table 'role_feature_permissions' already exists
  await self._do_get_result()
/Users/hiralgandharva/Desktop/Hardik/OpsisTechnology/Nestora/backend/venv/lib/python3.14/site-packages/aiomysql/cursors.py:458: Warning: Table 'associations' already exists
  await self._do_get_result()
/Users/hiralgandharva/Desktop/Hardik/OpsisTechnology/Nestora/backend/venv/lib/python3.14/site-packages/aiomysql/cursors.py:458: Warning: Table 'admin_associations' already exists
  await self._do_get_result()
/Users/hiralgandharva/Desktop/Hardik/OpsisTechnology/Nestora/backend/venv/lib/python3.14/site-packages/aiomysql/cursors.py:458: Warning: Table 'code_requests' already exists
  await self._do_get_result()
/Users/hiralgandharva/Desktop/Hardik/OpsisTechnology/Nestora/backend/venv/lib/python3.14/site-packages/aiomysql/cursors.py:458: Warning: Table 'update_requests' already exists
  await self._do_get_result()
/Users/hiralgandharva/Desktop/Hardik/OpsisTechnology/Nestora/backend/venv/lib/python3.14/site-packages/aiomysql/cursors.py:458: Warning: Table 'email_log' already exists
  await self._do_get_result()
/Users/hiralgandharva/Desktop/Hardik/OpsisTechnology/Nestora/backend/venv/lib/python3.14/site-packages/aiomysql/cursors.py:458: Warning: Table 'announcements' already exists
  await self._do_get_result()
/Users/hiralgandharva/Desktop/Hardik/OpsisTechnology/Nestora/backend/venv/lib/python3.14/site-packages/aiomysql/cursors.py:458: Warning: Table 'events' already exists
  await self._do_get_result()
/Users/hiralgandharva/Desktop/Hardik/OpsisTechnology/Nestora/backend/venv/lib/python3.14/site-packages/aiomysql/cursors.py:458: Warning: Table 'event_rsvps' already exists
  await self._do_get_result()
/Users/hiralgandharva/Desktop/Hardik/OpsisTechnology/Nestora/backend/venv/lib/python3.14/site-packages/aiomysql/cursors.py:458: Warning: Field 'id' doesn't have a default value
  await self._do_get_result()
/Users/hiralgandharva/Desktop/Hardik/OpsisTechnology/Nestora/backend/venv/lib/python3.14/site-packages/aiomysql/cursors.py:458: Warning: Duplicate entry '' for key 'entity_types.PRIMARY'
  await self._do_get_result()
/Users/hiralgandharva/Desktop/Hardik/OpsisTechnology/Nestora/backend/venv/lib/python3.14/site-packages/aiomysql/cursors.py:458: Warning: Duplicate entry '' for key 'entities.PRIMARY'
  await self._do_get_result()
2026-07-22 17:20:38,096 - nestora - INFO - Nestora API started (MySQL connected).
INFO:     Application startup complete.
INFO:     127.0.0.1:56079 - "GET /api/admin/roles HTTP/1.1" 200 OK
INFO:     127.0.0.1:56079 - "GET /api/admin/entities HTTP/1.1" 200 OK
INFO:     127.0.0.1:56079 - "GET /api/admin/features HTTP/1.1" 200 OK
INFO:     127.0.0.1:56099 - "GET /api/auth/me HTTP/1.1" 200 OK
INFO:     127.0.0.1:56099 - "GET /api/auth/me HTTP/1.1" 200 OK
INFO:     127.0.0.1:56099 - "GET /api/admin/features HTTP/1.1" 200 OK
INFO:     127.0.0.1:56102 - "OPTIONS /api/admin/features/f3e58f72-d74e-47fa-934e-695517b61fa1 HTTP/1.1" 200 OK
INFO:     127.0.0.1:56102 - "PUT /api/admin/features/f3e58f72-d74e-47fa-934e-695517b61fa1 HTTP/1.1" 500 Internal Server Error
ERROR:    Exception in ASGI application
Traceback (most recent call last):
  File "/Users/hiralgandharva/Desktop/Hardik/OpsisTechnology/Nestora/backend/venv/lib/python3.14/site-packages/uvicorn/protocols/http/h11_impl.py", line 408, in run_asgi
    result = await app(  # type: ignore[func-returns-value]
             ^^^^^^^^^^^^^^^^^^^^^^^^^^^^^^^^^^^^^^^^^^^^^^
        self.scope, self.receive, self.send
        ^^^^^^^^^^^^^^^^^^^^^^^^^^^^^^^^^^^
    )
    ^
  File "/Users/hiralgandharva/Desktop/Hardik/OpsisTechnology/Nestora/backend/venv/lib/python3.14/site-packages/uvicorn/middleware/proxy_headers.py", line 84, in __call__
    return await self.app(scope, receive, send)
           ^^^^^^^^^^^^^^^^^^^^^^^^^^^^^^^^^^^^
  File "/Users/hiralgandharva/Desktop/Hardik/OpsisTechnology/Nestora/backend/venv/lib/python3.14/site-packages/fastapi/applications.py", line 1054, in __call__
    await super().__call__(scope, receive, send)
  File "/Users/hiralgandharva/Desktop/Hardik/OpsisTechnology/Nestora/backend/venv/lib/python3.14/site-packages/starlette/applications.py", line 123, in __call__
    await self.middleware_stack(scope, receive, send)
  File "/Users/hiralgandharva/Desktop/Hardik/OpsisTechnology/Nestora/backend/venv/lib/python3.14/site-packages/starlette/middleware/errors.py", line 186, in __call__
    raise exc
  File "/Users/hiralgandharva/Desktop/Hardik/OpsisTechnology/Nestora/backend/venv/lib/python3.14/site-packages/starlette/middleware/errors.py", line 164, in __call__
    await self.app(scope, receive, _send)
  File "/Users/hiralgandharva/Desktop/Hardik/OpsisTechnology/Nestora/backend/venv/lib/python3.14/site-packages/starlette/middleware/cors.py", line 93, in __call__
    await self.simple_response(scope, receive, send, request_headers=headers)
  File "/Users/hiralgandharva/Desktop/Hardik/OpsisTechnology/Nestora/backend/venv/lib/python3.14/site-packages/starlette/middleware/cors.py", line 148, in simple_response
    await self.app(scope, receive, send)
  File "/Users/hiralgandharva/Desktop/Hardik/OpsisTechnology/Nestora/backend/venv/lib/python3.14/site-packages/starlette/middleware/exceptions.py", line 65, in __call__
    await wrap_app_handling_exceptions(self.app, conn)(scope, receive, send)
  File "/Users/hiralgandharva/Desktop/Hardik/OpsisTechnology/Nestora/backend/venv/lib/python3.14/site-packages/starlette/_exception_handler.py", line 64, in wrapped_app
    raise exc
  File "/Users/hiralgandharva/Desktop/Hardik/OpsisTechnology/Nestora/backend/venv/lib/python3.14/site-packages/starlette/_exception_handler.py", line 53, in wrapped_app
    await app(scope, receive, sender)
  File "/Users/hiralgandharva/Desktop/Hardik/OpsisTechnology/Nestora/backend/venv/lib/python3.14/site-packages/starlette/routing.py", line 756, in __call__
    await self.middleware_stack(scope, receive, send)
  File "/Users/hiralgandharva/Desktop/Hardik/OpsisTechnology/Nestora/backend/venv/lib/python3.14/site-packages/starlette/routing.py", line 776, in app
    await route.handle(scope, receive, send)
  File "/Users/hiralgandharva/Desktop/Hardik/OpsisTechnology/Nestora/backend/venv/lib/python3.14/site-packages/starlette/routing.py", line 297, in handle
    await self.app(scope, receive, send)
  File "/Users/hiralgandharva/Desktop/Hardik/OpsisTechnology/Nestora/backend/venv/lib/python3.14/site-packages/starlette/routing.py", line 77, in app
    await wrap_app_handling_exceptions(app, request)(scope, receive, send)
  File "/Users/hiralgandharva/Desktop/Hardik/OpsisTechnology/Nestora/backend/venv/lib/python3.14/site-packages/starlette/_exception_handler.py", line 64, in wrapped_app
    raise exc
  File "/Users/hiralgandharva/Desktop/Hardik/OpsisTechnology/Nestora/backend/venv/lib/python3.14/site-packages/starlette/_exception_handler.py", line 53, in wrapped_app
    await app(scope, receive, sender)
  File "/Users/hiralgandharva/Desktop/Hardik/OpsisTechnology/Nestora/backend/venv/lib/python3.14/site-packages/starlette/routing.py", line 72, in app
    response = await func(request)
               ^^^^^^^^^^^^^^^^^^^
  File "/Users/hiralgandharva/Desktop/Hardik/OpsisTechnology/Nestora/backend/venv/lib/python3.14/site-packages/fastapi/routing.py", line 278, in app
    raw_response = await run_endpoint_function(
                   ^^^^^^^^^^^^^^^^^^^^^^^^^^^^
        dependant=dependant, values=values, is_coroutine=is_coroutine
        ^^^^^^^^^^^^^^^^^^^^^^^^^^^^^^^^^^^^^^^^^^^^^^^^^^^^^^^^^^^^^
    )
    ^
  File "/Users/hiralgandharva/Desktop/Hardik/OpsisTechnology/Nestora/backend/venv/lib/python3.14/site-packages/fastapi/routing.py", line 191, in run_endpoint_function
    return await dependant.call(**values)
           ^^^^^^^^^^^^^^^^^^^^^^^^^^^^^^
  File "/Users/hiralgandharva/Desktop/Hardik/OpsisTechnology/Nestora/backend/server.py", line 1133, in update_feature
    await db_execute(
    ...<2 lines>...
    )
  File "/Users/hiralgandharva/Desktop/Hardik/OpsisTechnology/Nestora/backend/server.py", line 91, in db_execute
    await cur.execute(sql, params)
  File "/Users/hiralgandharva/Desktop/Hardik/OpsisTechnology/Nestora/backend/venv/lib/python3.14/site-packages/aiomysql/cursors.py", line 239, in execute
    await self._query(query)
  File "/Users/hiralgandharva/Desktop/Hardik/OpsisTechnology/Nestora/backend/venv/lib/python3.14/site-packages/aiomysql/cursors.py", line 457, in _query
    await conn.query(q)
  File "/Users/hiralgandharva/Desktop/Hardik/OpsisTechnology/Nestora/backend/venv/lib/python3.14/site-packages/aiomysql/connection.py", line 469, in query
    await self._read_query_result(unbuffered=unbuffered)
  File "/Users/hiralgandharva/Desktop/Hardik/OpsisTechnology/Nestora/backend/venv/lib/python3.14/site-packages/aiomysql/connection.py", line 683, in _read_query_result
    await result.read()
  File "/Users/hiralgandharva/Desktop/Hardik/OpsisTechnology/Nestora/backend/venv/lib/python3.14/site-packages/aiomysql/connection.py", line 1164, in read
    first_packet = await self.connection._read_packet()
                   ^^^^^^^^^^^^^^^^^^^^^^^^^^^^^^^^^^^^
  File "/Users/hiralgandharva/Desktop/Hardik/OpsisTechnology/Nestora/backend/venv/lib/python3.14/site-packages/aiomysql/connection.py", line 652, in _read_packet
    packet.raise_for_error()
    ~~~~~~~~~~~~~~~~~~~~~~^^
  File "/Users/hiralgandharva/Desktop/Hardik/OpsisTechnology/Nestora/backend/venv/lib/python3.14/site-packages/pymysql/protocol.py", line 219, in raise_for_error
    err.raise_mysql_exception(self._data)
    ~~~~~~~~~~~~~~~~~~~~~~~~~^^^^^^^^^^^^
  File "/Users/hiralgandharva/Desktop/Hardik/OpsisTechnology/Nestora/backend/venv/lib/python3.14/site-packages/pymysql/err.py", line 154, in raise_mysql_exception
    raise errorclass(errno, errval, sqlstate=sqlstate)
pymysql.err.OperationalError: (1054, "Unknown column 'is_active' in 'field list'")
INFO:     127.0.0.1:56104 - "OPTIONS /api/admin/features/1e33297c-2025-4bf3-afc1-99b2b416e419 HTTP/1.1" 200 OK
INFO:     127.0.0.1:56104 - "PUT /api/admin/features/1e33297c-2025-4bf3-afc1-99b2b416e419 HTTP/1.1" 500 Internal Server Error
ERROR:    Exception in ASGI application
Traceback (most recent call last):
  File "/Users/hiralgandharva/Desktop/Hardik/OpsisTechnology/Nestora/backend/venv/lib/python3.14/site-packages/uvicorn/protocols/http/h11_impl.py", line 408, in run_asgi
    result = await app(  # type: ignore[func-returns-value]
             ^^^^^^^^^^^^^^^^^^^^^^^^^^^^^^^^^^^^^^^^^^^^^^
        self.scope, self.receive, self.send
        ^^^^^^^^^^^^^^^^^^^^^^^^^^^^^^^^^^^
    )
    ^
  File "/Users/hiralgandharva/Desktop/Hardik/OpsisTechnology/Nestora/backend/venv/lib/python3.14/site-packages/uvicorn/middleware/proxy_headers.py", line 84, in __call__
    return await self.app(scope, receive, send)
           ^^^^^^^^^^^^^^^^^^^^^^^^^^^^^^^^^^^^
  File "/Users/hiralgandharva/Desktop/Hardik/OpsisTechnology/Nestora/backend/venv/lib/python3.14/site-packages/fastapi/applications.py", line 1054, in __call__
    await super().__call__(scope, receive, send)
  File "/Users/hiralgandharva/Desktop/Hardik/OpsisTechnology/Nestora/backend/venv/lib/python3.14/site-packages/starlette/applications.py", line 123, in __call__
    await self.middleware_stack(scope, receive, send)
  File "/Users/hiralgandharva/Desktop/Hardik/OpsisTechnology/Nestora/backend/venv/lib/python3.14/site-packages/starlette/middleware/errors.py", line 186, in __call__
    raise exc
  File "/Users/hiralgandharva/Desktop/Hardik/OpsisTechnology/Nestora/backend/venv/lib/python3.14/site-packages/starlette/middleware/errors.py", line 164, in __call__
    await self.app(scope, receive, _send)
  File "/Users/hiralgandharva/Desktop/Hardik/OpsisTechnology/Nestora/backend/venv/lib/python3.14/site-packages/starlette/middleware/cors.py", line 93, in __call__
    await self.simple_response(scope, receive, send, request_headers=headers)
  File "/Users/hiralgandharva/Desktop/Hardik/OpsisTechnology/Nestora/backend/venv/lib/python3.14/site-packages/starlette/middleware/cors.py", line 148, in simple_response
    await self.app(scope, receive, send)
  File "/Users/hiralgandharva/Desktop/Hardik/OpsisTechnology/Nestora/backend/venv/lib/python3.14/site-packages/starlette/middleware/exceptions.py", line 65, in __call__
    await wrap_app_handling_exceptions(self.app, conn)(scope, receive, send)
  File "/Users/hiralgandharva/Desktop/Hardik/OpsisTechnology/Nestora/backend/venv/lib/python3.14/site-packages/starlette/_exception_handler.py", line 64, in wrapped_app
    raise exc
  File "/Users/hiralgandharva/Desktop/Hardik/OpsisTechnology/Nestora/backend/venv/lib/python3.14/site-packages/starlette/_exception_handler.py", line 53, in wrapped_app
    await app(scope, receive, sender)
  File "/Users/hiralgandharva/Desktop/Hardik/OpsisTechnology/Nestora/backend/venv/lib/python3.14/site-packages/starlette/routing.py", line 756, in __call__
    await self.middleware_stack(scope, receive, send)
  File "/Users/hiralgandharva/Desktop/Hardik/OpsisTechnology/Nestora/backend/venv/lib/python3.14/site-packages/starlette/routing.py", line 776, in app
    await route.handle(scope, receive, send)
  File "/Users/hiralgandharva/Desktop/Hardik/OpsisTechnology/Nestora/backend/venv/lib/python3.14/site-packages/starlette/routing.py", line 297, in handle
    await self.app(scope, receive, send)
  File "/Users/hiralgandharva/Desktop/Hardik/OpsisTechnology/Nestora/backend/venv/lib/python3.14/site-packages/starlette/routing.py", line 77, in app
    await wrap_app_handling_exceptions(app, request)(scope, receive, send)
  File "/Users/hiralgandharva/Desktop/Hardik/OpsisTechnology/Nestora/backend/venv/lib/python3.14/site-packages/starlette/_exception_handler.py", line 64, in wrapped_app
    raise exc
  File "/Users/hiralgandharva/Desktop/Hardik/OpsisTechnology/Nestora/backend/venv/lib/python3.14/site-packages/starlette/_exception_handler.py", line 53, in wrapped_app
    await app(scope, receive, sender)
  File "/Users/hiralgandharva/Desktop/Hardik/OpsisTechnology/Nestora/backend/venv/lib/python3.14/site-packages/starlette/routing.py", line 72, in app
    response = await func(request)
               ^^^^^^^^^^^^^^^^^^^
  File "/Users/hiralgandharva/Desktop/Hardik/OpsisTechnology/Nestora/backend/venv/lib/python3.14/site-packages/fastapi/routing.py", line 278, in app
    raw_response = await run_endpoint_function(
                   ^^^^^^^^^^^^^^^^^^^^^^^^^^^^
        dependant=dependant, values=values, is_coroutine=is_coroutine
        ^^^^^^^^^^^^^^^^^^^^^^^^^^^^^^^^^^^^^^^^^^^^^^^^^^^^^^^^^^^^^
    )
    ^
  File "/Users/hiralgandharva/Desktop/Hardik/OpsisTechnology/Nestora/backend/venv/lib/python3.14/site-packages/fastapi/routing.py", line 191, in run_endpoint_function
    return await dependant.call(**values)
           ^^^^^^^^^^^^^^^^^^^^^^^^^^^^^^
  File "/Users/hiralgandharva/Desktop/Hardik/OpsisTechnology/Nestora/backend/server.py", line 1133, in update_feature
    await db_execute(
    ...<2 lines>...
    )
  File "/Users/hiralgandharva/Desktop/Hardik/OpsisTechnology/Nestora/backend/server.py", line 91, in db_execute
    await cur.execute(sql, params)
  File "/Users/hiralgandharva/Desktop/Hardik/OpsisTechnology/Nestora/backend/venv/lib/python3.14/site-packages/aiomysql/cursors.py", line 239, in execute
    await self._query(query)
  File "/Users/hiralgandharva/Desktop/Hardik/OpsisTechnology/Nestora/backend/venv/lib/python3.14/site-packages/aiomysql/cursors.py", line 457, in _query
    await conn.query(q)
  File "/Users/hiralgandharva/Desktop/Hardik/OpsisTechnology/Nestora/backend/venv/lib/python3.14/site-packages/aiomysql/connection.py", line 469, in query
    await self._read_query_result(unbuffered=unbuffered)
  File "/Users/hiralgandharva/Desktop/Hardik/OpsisTechnology/Nestora/backend/venv/lib/python3.14/site-packages/aiomysql/connection.py", line 683, in _read_query_result
    await result.read()
  File "/Users/hiralgandharva/Desktop/Hardik/OpsisTechnology/Nestora/backend/venv/lib/python3.14/site-packages/aiomysql/connection.py", line 1164, in read
    first_packet = await self.connection._read_packet()
                   ^^^^^^^^^^^^^^^^^^^^^^^^^^^^^^^^^^^^
  File "/Users/hiralgandharva/Desktop/Hardik/OpsisTechnology/Nestora/backend/venv/lib/python3.14/site-packages/aiomysql/connection.py", line 652, in _read_packet
    packet.raise_for_error()
    ~~~~~~~~~~~~~~~~~~~~~~^^
  File "/Users/hiralgandharva/Desktop/Hardik/OpsisTechnology/Nestora/backend/venv/lib/python3.14/site-packages/pymysql/protocol.py", line 219, in raise_for_error
    err.raise_mysql_exception(self._data)
    ~~~~~~~~~~~~~~~~~~~~~~~~~^^^^^^^^^^^^
  File "/Users/hiralgandharva/Desktop/Hardik/OpsisTechnology/Nestora/backend/venv/lib/python3.14/site-packages/pymysql/err.py", line 154, in raise_mysql_exception
    raise errorclass(errno, errval, sqlstate=sqlstate)
pymysql.err.OperationalError: (1054, "Unknown column 'is_active' in 'field list'")
WARNING:  StatReload detected changes in 'server.py'. Reloading...
INFO:     Shutting down
INFO:     Waiting for application shutdown.
INFO:     Application shutdown complete.
INFO:     Finished server process [9009]
INFO:     Started server process [9133]
INFO:     Waiting for application startup.
/Users/hiralgandharva/Desktop/Hardik/OpsisTechnology/Nestora/backend/venv/lib/python3.14/site-packages/aiomysql/cursors.py:458: Warning: Table 'user_codes' already exists
  await self._do_get_result()
/Users/hiralgandharva/Desktop/Hardik/OpsisTechnology/Nestora/backend/venv/lib/python3.14/site-packages/aiomysql/cursors.py:458: Warning: Table 'user_details' already exists
  await self._do_get_result()
/Users/hiralgandharva/Desktop/Hardik/OpsisTechnology/Nestora/backend/venv/lib/python3.14/site-packages/aiomysql/cursors.py:458: Warning: Table 'entity_types' already exists
  await self._do_get_result()
/Users/hiralgandharva/Desktop/Hardik/OpsisTechnology/Nestora/backend/venv/lib/python3.14/site-packages/aiomysql/cursors.py:458: Warning: Table 'entities' already exists
  await self._do_get_result()
/Users/hiralgandharva/Desktop/Hardik/OpsisTechnology/Nestora/backend/venv/lib/python3.14/site-packages/aiomysql/cursors.py:458: Warning: Table 'roles' already exists
  await self._do_get_result()
/Users/hiralgandharva/Desktop/Hardik/OpsisTechnology/Nestora/backend/venv/lib/python3.14/site-packages/aiomysql/cursors.py:458: Warning: Table 'accounts' already exists
  await self._do_get_result()
/Users/hiralgandharva/Desktop/Hardik/OpsisTechnology/Nestora/backend/venv/lib/python3.14/site-packages/aiomysql/cursors.py:458: Warning: Table 'features' already exists
  await self._do_get_result()
/Users/hiralgandharva/Desktop/Hardik/OpsisTechnology/Nestora/backend/venv/lib/python3.14/site-packages/aiomysql/cursors.py:458: Warning: Integer display width is deprecated and will be removed in a future release.
  await self._do_get_result()
/Users/hiralgandharva/Desktop/Hardik/OpsisTechnology/Nestora/backend/venv/lib/python3.14/site-packages/aiomysql/cursors.py:458: Warning: Table 'role_feature_permissions' already exists
  await self._do_get_result()
/Users/hiralgandharva/Desktop/Hardik/OpsisTechnology/Nestora/backend/venv/lib/python3.14/site-packages/aiomysql/cursors.py:458: Warning: Table 'associations' already exists
  await self._do_get_result()
/Users/hiralgandharva/Desktop/Hardik/OpsisTechnology/Nestora/backend/venv/lib/python3.14/site-packages/aiomysql/cursors.py:458: Warning: Table 'admin_associations' already exists
  await self._do_get_result()
/Users/hiralgandharva/Desktop/Hardik/OpsisTechnology/Nestora/backend/venv/lib/python3.14/site-packages/aiomysql/cursors.py:458: Warning: Table 'code_requests' already exists
  await self._do_get_result()
/Users/hiralgandharva/Desktop/Hardik/OpsisTechnology/Nestora/backend/venv/lib/python3.14/site-packages/aiomysql/cursors.py:458: Warning: Table 'update_requests' already exists
  await self._do_get_result()
/Users/hiralgandharva/Desktop/Hardik/OpsisTechnology/Nestora/backend/venv/lib/python3.14/site-packages/aiomysql/cursors.py:458: Warning: Table 'email_log' already exists
  await self._do_get_result()
/Users/hiralgandharva/Desktop/Hardik/OpsisTechnology/Nestora/backend/venv/lib/python3.14/site-packages/aiomysql/cursors.py:458: Warning: Table 'announcements' already exists
  await self._do_get_result()
/Users/hiralgandharva/Desktop/Hardik/OpsisTechnology/Nestora/backend/venv/lib/python3.14/site-packages/aiomysql/cursors.py:458: Warning: Table 'events' already exists
  await self._do_get_result()
/Users/hiralgandharva/Desktop/Hardik/OpsisTechnology/Nestora/backend/venv/lib/python3.14/site-packages/aiomysql/cursors.py:458: Warning: Table 'event_rsvps' already exists
  await self._do_get_result()
/Users/hiralgandharva/Desktop/Hardik/OpsisTechnology/Nestora/backend/venv/lib/python3.14/site-packages/aiomysql/cursors.py:458: Warning: Field 'id' doesn't have a default value
  await self._do_get_result()
/Users/hiralgandharva/Desktop/Hardik/OpsisTechnology/Nestora/backend/venv/lib/python3.14/site-packages/aiomysql/cursors.py:458: Warning: Duplicate entry '' for key 'entity_types.PRIMARY'
  await self._do_get_result()
/Users/hiralgandharva/Desktop/Hardik/OpsisTechnology/Nestora/backend/venv/lib/python3.14/site-packages/aiomysql/cursors.py:458: Warning: Duplicate entry '' for key 'entities.PRIMARY'
  await self._do_get_result()
2026-07-22 17:26:10,092 - nestora - INFO - Nestora API started (MySQL connected).
INFO:     Application startup complete.
INFO:     127.0.0.1:57015 - "OPTIONS /api/admin/roles HTTP/1.1" 200 OK
INFO:     127.0.0.1:57015 - "GET /api/admin/roles HTTP/1.1" 200 OK
INFO:     127.0.0.1:57015 - "OPTIONS /api/admin/features HTTP/1.1" 200 OK
INFO:     127.0.0.1:57017 - "GET /api/admin/features HTTP/1.1" 200 OK
INFO:     127.0.0.1:57017 - "GET /api/admin/features HTTP/1.1" 200 OK
WARNING:  StatReload detected changes in 'seed_features.py'. Reloading...
INFO:     Shutting down
INFO:     Waiting for application shutdown.
INFO:     Application shutdown complete.
INFO:     Finished server process [9133]
INFO:     Started server process [9145]
INFO:     Waiting for application startup.
/Users/hiralgandharva/Desktop/Hardik/OpsisTechnology/Nestora/backend/venv/lib/python3.14/site-packages/aiomysql/cursors.py:458: Warning: Table 'user_codes' already exists
  await self._do_get_result()
/Users/hiralgandharva/Desktop/Hardik/OpsisTechnology/Nestora/backend/venv/lib/python3.14/site-packages/aiomysql/cursors.py:458: Warning: Table 'user_details' already exists
  await self._do_get_result()
/Users/hiralgandharva/Desktop/Hardik/OpsisTechnology/Nestora/backend/venv/lib/python3.14/site-packages/aiomysql/cursors.py:458: Warning: Table 'entity_types' already exists
  await self._do_get_result()
/Users/hiralgandharva/Desktop/Hardik/OpsisTechnology/Nestora/backend/venv/lib/python3.14/site-packages/aiomysql/cursors.py:458: Warning: Table 'entities' already exists
  await self._do_get_result()
/Users/hiralgandharva/Desktop/Hardik/OpsisTechnology/Nestora/backend/venv/lib/python3.14/site-packages/aiomysql/cursors.py:458: Warning: Table 'roles' already exists
  await self._do_get_result()
/Users/hiralgandharva/Desktop/Hardik/OpsisTechnology/Nestora/backend/venv/lib/python3.14/site-packages/aiomysql/cursors.py:458: Warning: Table 'accounts' already exists
  await self._do_get_result()
/Users/hiralgandharva/Desktop/Hardik/OpsisTechnology/Nestora/backend/venv/lib/python3.14/site-packages/aiomysql/cursors.py:458: Warning: Table 'features' already exists
  await self._do_get_result()
/Users/hiralgandharva/Desktop/Hardik/OpsisTechnology/Nestora/backend/venv/lib/python3.14/site-packages/aiomysql/cursors.py:458: Warning: Integer display width is deprecated and will be removed in a future release.
  await self._do_get_result()
/Users/hiralgandharva/Desktop/Hardik/OpsisTechnology/Nestora/backend/venv/lib/python3.14/site-packages/aiomysql/cursors.py:458: Warning: Table 'role_feature_permissions' already exists
  await self._do_get_result()
/Users/hiralgandharva/Desktop/Hardik/OpsisTechnology/Nestora/backend/venv/lib/python3.14/site-packages/aiomysql/cursors.py:458: Warning: Table 'associations' already exists
  await self._do_get_result()
/Users/hiralgandharva/Desktop/Hardik/OpsisTechnology/Nestora/backend/venv/lib/python3.14/site-packages/aiomysql/cursors.py:458: Warning: Table 'admin_associations' already exists
  await self._do_get_result()
/Users/hiralgandharva/Desktop/Hardik/OpsisTechnology/Nestora/backend/venv/lib/python3.14/site-packages/aiomysql/cursors.py:458: Warning: Table 'code_requests' already exists
  await self._do_get_result()
/Users/hiralgandharva/Desktop/Hardik/OpsisTechnology/Nestora/backend/venv/lib/python3.14/site-packages/aiomysql/cursors.py:458: Warning: Table 'update_requests' already exists
  await self._do_get_result()
/Users/hiralgandharva/Desktop/Hardik/OpsisTechnology/Nestora/backend/venv/lib/python3.14/site-packages/aiomysql/cursors.py:458: Warning: Table 'email_log' already exists
  await self._do_get_result()
/Users/hiralgandharva/Desktop/Hardik/OpsisTechnology/Nestora/backend/venv/lib/python3.14/site-packages/aiomysql/cursors.py:458: Warning: Table 'announcements' already exists
  await self._do_get_result()
/Users/hiralgandharva/Desktop/Hardik/OpsisTechnology/Nestora/backend/venv/lib/python3.14/site-packages/aiomysql/cursors.py:458: Warning: Table 'events' already exists
  await self._do_get_result()
/Users/hiralgandharva/Desktop/Hardik/OpsisTechnology/Nestora/backend/venv/lib/python3.14/site-packages/aiomysql/cursors.py:458: Warning: Table 'event_rsvps' already exists
  await self._do_get_result()
/Users/hiralgandharva/Desktop/Hardik/OpsisTechnology/Nestora/backend/venv/lib/python3.14/site-packages/aiomysql/cursors.py:458: Warning: Field 'id' doesn't have a default value
  await self._do_get_result()
/Users/hiralgandharva/Desktop/Hardik/OpsisTechnology/Nestora/backend/venv/lib/python3.14/site-packages/aiomysql/cursors.py:458: Warning: Duplicate entry '' for key 'entity_types.PRIMARY'
  await self._do_get_result()
/Users/hiralgandharva/Desktop/Hardik/OpsisTechnology/Nestora/backend/venv/lib/python3.14/site-packages/aiomysql/cursors.py:458: Warning: Duplicate entry '' for key 'entities.PRIMARY'
  await self._do_get_result()
2026-07-22 17:26:28,849 - nestora - INFO - Nestora API started (MySQL connected).
INFO:     Application startup complete.
INFO:     127.0.0.1:57047 - "GET /api/admin/features HTTP/1.1" 200 OK
INFO:     127.0.0.1:57052 - "GET /api/admin/roles HTTP/1.1" 200 OK
INFO:     127.0.0.1:57052 - "GET /api/admin/features HTTP/1.1" 200 OK
INFO:     127.0.0.1:57052 - "GET /api/admin/features HTTP/1.1" 200 OK
INFO:     127.0.0.1:57052 - "PUT /api/admin/features/1e33297c-2025-4bf3-afc1-99b2b416e419 HTTP/1.1" 500 Internal Server Error
ERROR:    Exception in ASGI application
Traceback (most recent call last):
  File "/Users/hiralgandharva/Desktop/Hardik/OpsisTechnology/Nestora/backend/venv/lib/python3.14/site-packages/uvicorn/protocols/http/h11_impl.py", line 408, in run_asgi
    result = await app(  # type: ignore[func-returns-value]
             ^^^^^^^^^^^^^^^^^^^^^^^^^^^^^^^^^^^^^^^^^^^^^^
        self.scope, self.receive, self.send
        ^^^^^^^^^^^^^^^^^^^^^^^^^^^^^^^^^^^
    )
    ^
  File "/Users/hiralgandharva/Desktop/Hardik/OpsisTechnology/Nestora/backend/venv/lib/python3.14/site-packages/uvicorn/middleware/proxy_headers.py", line 84, in __call__
    return await self.app(scope, receive, send)
           ^^^^^^^^^^^^^^^^^^^^^^^^^^^^^^^^^^^^
  File "/Users/hiralgandharva/Desktop/Hardik/OpsisTechnology/Nestora/backend/venv/lib/python3.14/site-packages/fastapi/applications.py", line 1054, in __call__
    await super().__call__(scope, receive, send)
  File "/Users/hiralgandharva/Desktop/Hardik/OpsisTechnology/Nestora/backend/venv/lib/python3.14/site-packages/starlette/applications.py", line 123, in __call__
    await self.middleware_stack(scope, receive, send)
  File "/Users/hiralgandharva/Desktop/Hardik/OpsisTechnology/Nestora/backend/venv/lib/python3.14/site-packages/starlette/middleware/errors.py", line 186, in __call__
    raise exc
  File "/Users/hiralgandharva/Desktop/Hardik/OpsisTechnology/Nestora/backend/venv/lib/python3.14/site-packages/starlette/middleware/errors.py", line 164, in __call__
    await self.app(scope, receive, _send)
  File "/Users/hiralgandharva/Desktop/Hardik/OpsisTechnology/Nestora/backend/venv/lib/python3.14/site-packages/starlette/middleware/cors.py", line 93, in __call__
    await self.simple_response(scope, receive, send, request_headers=headers)
  File "/Users/hiralgandharva/Desktop/Hardik/OpsisTechnology/Nestora/backend/venv/lib/python3.14/site-packages/starlette/middleware/cors.py", line 148, in simple_response
    await self.app(scope, receive, send)
  File "/Users/hiralgandharva/Desktop/Hardik/OpsisTechnology/Nestora/backend/venv/lib/python3.14/site-packages/starlette/middleware/exceptions.py", line 65, in __call__
    await wrap_app_handling_exceptions(self.app, conn)(scope, receive, send)
  File "/Users/hiralgandharva/Desktop/Hardik/OpsisTechnology/Nestora/backend/venv/lib/python3.14/site-packages/starlette/_exception_handler.py", line 64, in wrapped_app
    raise exc
  File "/Users/hiralgandharva/Desktop/Hardik/OpsisTechnology/Nestora/backend/venv/lib/python3.14/site-packages/starlette/_exception_handler.py", line 53, in wrapped_app
    await app(scope, receive, sender)
  File "/Users/hiralgandharva/Desktop/Hardik/OpsisTechnology/Nestora/backend/venv/lib/python3.14/site-packages/starlette/routing.py", line 756, in __call__
    await self.middleware_stack(scope, receive, send)
  File "/Users/hiralgandharva/Desktop/Hardik/OpsisTechnology/Nestora/backend/venv/lib/python3.14/site-packages/starlette/routing.py", line 776, in app
    await route.handle(scope, receive, send)
  File "/Users/hiralgandharva/Desktop/Hardik/OpsisTechnology/Nestora/backend/venv/lib/python3.14/site-packages/starlette/routing.py", line 297, in handle
    await self.app(scope, receive, send)
  File "/Users/hiralgandharva/Desktop/Hardik/OpsisTechnology/Nestora/backend/venv/lib/python3.14/site-packages/starlette/routing.py", line 77, in app
    await wrap_app_handling_exceptions(app, request)(scope, receive, send)
  File "/Users/hiralgandharva/Desktop/Hardik/OpsisTechnology/Nestora/backend/venv/lib/python3.14/site-packages/starlette/_exception_handler.py", line 64, in wrapped_app
    raise exc
  File "/Users/hiralgandharva/Desktop/Hardik/OpsisTechnology/Nestora/backend/venv/lib/python3.14/site-packages/starlette/_exception_handler.py", line 53, in wrapped_app
    await app(scope, receive, sender)
  File "/Users/hiralgandharva/Desktop/Hardik/OpsisTechnology/Nestora/backend/venv/lib/python3.14/site-packages/starlette/routing.py", line 72, in app
    response = await func(request)
               ^^^^^^^^^^^^^^^^^^^
  File "/Users/hiralgandharva/Desktop/Hardik/OpsisTechnology/Nestora/backend/venv/lib/python3.14/site-packages/fastapi/routing.py", line 278, in app
    raw_response = await run_endpoint_function(
                   ^^^^^^^^^^^^^^^^^^^^^^^^^^^^
        dependant=dependant, values=values, is_coroutine=is_coroutine
        ^^^^^^^^^^^^^^^^^^^^^^^^^^^^^^^^^^^^^^^^^^^^^^^^^^^^^^^^^^^^^
    )
    ^
  File "/Users/hiralgandharva/Desktop/Hardik/OpsisTechnology/Nestora/backend/venv/lib/python3.14/site-packages/fastapi/routing.py", line 191, in run_endpoint_function
    return await dependant.call(**values)
           ^^^^^^^^^^^^^^^^^^^^^^^^^^^^^^
  File "/Users/hiralgandharva/Desktop/Hardik/OpsisTechnology/Nestora/backend/server.py", line 1133, in update_feature
    await db_execute(
    ...<2 lines>...
    )
  File "/Users/hiralgandharva/Desktop/Hardik/OpsisTechnology/Nestora/backend/server.py", line 91, in db_execute
    await cur.execute(sql, params)
  File "/Users/hiralgandharva/Desktop/Hardik/OpsisTechnology/Nestora/backend/venv/lib/python3.14/site-packages/aiomysql/cursors.py", line 239, in execute
    await self._query(query)
  File "/Users/hiralgandharva/Desktop/Hardik/OpsisTechnology/Nestora/backend/venv/lib/python3.14/site-packages/aiomysql/cursors.py", line 457, in _query
    await conn.query(q)
  File "/Users/hiralgandharva/Desktop/Hardik/OpsisTechnology/Nestora/backend/venv/lib/python3.14/site-packages/aiomysql/connection.py", line 469, in query
    await self._read_query_result(unbuffered=unbuffered)
  File "/Users/hiralgandharva/Desktop/Hardik/OpsisTechnology/Nestora/backend/venv/lib/python3.14/site-packages/aiomysql/connection.py", line 683, in _read_query_result
    await result.read()
  File "/Users/hiralgandharva/Desktop/Hardik/OpsisTechnology/Nestora/backend/venv/lib/python3.14/site-packages/aiomysql/connection.py", line 1164, in read
    first_packet = await self.connection._read_packet()
                   ^^^^^^^^^^^^^^^^^^^^^^^^^^^^^^^^^^^^
  File "/Users/hiralgandharva/Desktop/Hardik/OpsisTechnology/Nestora/backend/venv/lib/python3.14/site-packages/aiomysql/connection.py", line 652, in _read_packet
    packet.raise_for_error()
    ~~~~~~~~~~~~~~~~~~~~~~^^
  File "/Users/hiralgandharva/Desktop/Hardik/OpsisTechnology/Nestora/backend/venv/lib/python3.14/site-packages/pymysql/protocol.py", line 219, in raise_for_error
    err.raise_mysql_exception(self._data)
    ~~~~~~~~~~~~~~~~~~~~~~~~~^^^^^^^^^^^^
  File "/Users/hiralgandharva/Desktop/Hardik/OpsisTechnology/Nestora/backend/venv/lib/python3.14/site-packages/pymysql/err.py", line 154, in raise_mysql_exception
    raise errorclass(errno, errval, sqlstate=sqlstate)
pymysql.err.OperationalError: (1054, "Unknown column 'is_active' in 'field list'")
INFO:     127.0.0.1:57056 - "PUT /api/admin/features/f3e58f72-d74e-47fa-934e-695517b61fa1 HTTP/1.1" 500 Internal Server Error
ERROR:    Exception in ASGI application
Traceback (most recent call last):
  File "/Users/hiralgandharva/Desktop/Hardik/OpsisTechnology/Nestora/backend/venv/lib/python3.14/site-packages/uvicorn/protocols/http/h11_impl.py", line 408, in run_asgi
    result = await app(  # type: ignore[func-returns-value]
             ^^^^^^^^^^^^^^^^^^^^^^^^^^^^^^^^^^^^^^^^^^^^^^
        self.scope, self.receive, self.send
        ^^^^^^^^^^^^^^^^^^^^^^^^^^^^^^^^^^^
    )
    ^
  File "/Users/hiralgandharva/Desktop/Hardik/OpsisTechnology/Nestora/backend/venv/lib/python3.14/site-packages/uvicorn/middleware/proxy_headers.py", line 84, in __call__
    return await self.app(scope, receive, send)
           ^^^^^^^^^^^^^^^^^^^^^^^^^^^^^^^^^^^^
  File "/Users/hiralgandharva/Desktop/Hardik/OpsisTechnology/Nestora/backend/venv/lib/python3.14/site-packages/fastapi/applications.py", line 1054, in __call__
    await super().__call__(scope, receive, send)
  File "/Users/hiralgandharva/Desktop/Hardik/OpsisTechnology/Nestora/backend/venv/lib/python3.14/site-packages/starlette/applications.py", line 123, in __call__
    await self.middleware_stack(scope, receive, send)
  File "/Users/hiralgandharva/Desktop/Hardik/OpsisTechnology/Nestora/backend/venv/lib/python3.14/site-packages/starlette/middleware/errors.py", line 186, in __call__
    raise exc
  File "/Users/hiralgandharva/Desktop/Hardik/OpsisTechnology/Nestora/backend/venv/lib/python3.14/site-packages/starlette/middleware/errors.py", line 164, in __call__
    await self.app(scope, receive, _send)
  File "/Users/hiralgandharva/Desktop/Hardik/OpsisTechnology/Nestora/backend/venv/lib/python3.14/site-packages/starlette/middleware/cors.py", line 93, in __call__
    await self.simple_response(scope, receive, send, request_headers=headers)
  File "/Users/hiralgandharva/Desktop/Hardik/OpsisTechnology/Nestora/backend/venv/lib/python3.14/site-packages/starlette/middleware/cors.py", line 148, in simple_response
    await self.app(scope, receive, send)
  File "/Users/hiralgandharva/Desktop/Hardik/OpsisTechnology/Nestora/backend/venv/lib/python3.14/site-packages/starlette/middleware/exceptions.py", line 65, in __call__
    await wrap_app_handling_exceptions(self.app, conn)(scope, receive, send)
  File "/Users/hiralgandharva/Desktop/Hardik/OpsisTechnology/Nestora/backend/venv/lib/python3.14/site-packages/starlette/_exception_handler.py", line 64, in wrapped_app
    raise exc
  File "/Users/hiralgandharva/Desktop/Hardik/OpsisTechnology/Nestora/backend/venv/lib/python3.14/site-packages/starlette/_exception_handler.py", line 53, in wrapped_app
    await app(scope, receive, sender)
  File "/Users/hiralgandharva/Desktop/Hardik/OpsisTechnology/Nestora/backend/venv/lib/python3.14/site-packages/starlette/routing.py", line 756, in __call__
    await self.middleware_stack(scope, receive, send)
  File "/Users/hiralgandharva/Desktop/Hardik/OpsisTechnology/Nestora/backend/venv/lib/python3.14/site-packages/starlette/routing.py", line 776, in app
    await route.handle(scope, receive, send)
  File "/Users/hiralgandharva/Desktop/Hardik/OpsisTechnology/Nestora/backend/venv/lib/python3.14/site-packages/starlette/routing.py", line 297, in handle
    await self.app(scope, receive, send)
  File "/Users/hiralgandharva/Desktop/Hardik/OpsisTechnology/Nestora/backend/venv/lib/python3.14/site-packages/starlette/routing.py", line 77, in app
    await wrap_app_handling_exceptions(app, request)(scope, receive, send)
  File "/Users/hiralgandharva/Desktop/Hardik/OpsisTechnology/Nestora/backend/venv/lib/python3.14/site-packages/starlette/_exception_handler.py", line 64, in wrapped_app
    raise exc
  File "/Users/hiralgandharva/Desktop/Hardik/OpsisTechnology/Nestora/backend/venv/lib/python3.14/site-packages/starlette/_exception_handler.py", line 53, in wrapped_app
    await app(scope, receive, sender)
  File "/Users/hiralgandharva/Desktop/Hardik/OpsisTechnology/Nestora/backend/venv/lib/python3.14/site-packages/starlette/routing.py", line 72, in app
    response = await func(request)
               ^^^^^^^^^^^^^^^^^^^
  File "/Users/hiralgandharva/Desktop/Hardik/OpsisTechnology/Nestora/backend/venv/lib/python3.14/site-packages/fastapi/routing.py", line 278, in app
    raw_response = await run_endpoint_function(
                   ^^^^^^^^^^^^^^^^^^^^^^^^^^^^
        dependant=dependant, values=values, is_coroutine=is_coroutine
        ^^^^^^^^^^^^^^^^^^^^^^^^^^^^^^^^^^^^^^^^^^^^^^^^^^^^^^^^^^^^^
    )
    ^
  File "/Users/hiralgandharva/Desktop/Hardik/OpsisTechnology/Nestora/backend/venv/lib/python3.14/site-packages/fastapi/routing.py", line 191, in run_endpoint_function
    return await dependant.call(**values)
           ^^^^^^^^^^^^^^^^^^^^^^^^^^^^^^
  File "/Users/hiralgandharva/Desktop/Hardik/OpsisTechnology/Nestora/backend/server.py", line 1133, in update_feature
    await db_execute(
    ...<2 lines>...
    )
  File "/Users/hiralgandharva/Desktop/Hardik/OpsisTechnology/Nestora/backend/server.py", line 91, in db_execute
    await cur.execute(sql, params)
  File "/Users/hiralgandharva/Desktop/Hardik/OpsisTechnology/Nestora/backend/venv/lib/python3.14/site-packages/aiomysql/cursors.py", line 239, in execute
    await self._query(query)
  File "/Users/hiralgandharva/Desktop/Hardik/OpsisTechnology/Nestora/backend/venv/lib/python3.14/site-packages/aiomysql/cursors.py", line 457, in _query
    await conn.query(q)
  File "/Users/hiralgandharva/Desktop/Hardik/OpsisTechnology/Nestora/backend/venv/lib/python3.14/site-packages/aiomysql/connection.py", line 469, in query
    await self._read_query_result(unbuffered=unbuffered)
  File "/Users/hiralgandharva/Desktop/Hardik/OpsisTechnology/Nestora/backend/venv/lib/python3.14/site-packages/aiomysql/connection.py", line 683, in _read_query_result
    await result.read()
  File "/Users/hiralgandharva/Desktop/Hardik/OpsisTechnology/Nestora/backend/venv/lib/python3.14/site-packages/aiomysql/connection.py", line 1164, in read
    first_packet = await self.connection._read_packet()
                   ^^^^^^^^^^^^^^^^^^^^^^^^^^^^^^^^^^^^
  File "/Users/hiralgandharva/Desktop/Hardik/OpsisTechnology/Nestora/backend/venv/lib/python3.14/site-packages/aiomysql/connection.py", line 652, in _read_packet
    packet.raise_for_error()
    ~~~~~~~~~~~~~~~~~~~~~~^^
  File "/Users/hiralgandharva/Desktop/Hardik/OpsisTechnology/Nestora/backend/venv/lib/python3.14/site-packages/pymysql/protocol.py", line 219, in raise_for_error
    err.raise_mysql_exception(self._data)
    ~~~~~~~~~~~~~~~~~~~~~~~~~^^^^^^^^^^^^
  File "/Users/hiralgandharva/Desktop/Hardik/OpsisTechnology/Nestora/backend/venv/lib/python3.14/site-packages/pymysql/err.py", line 154, in raise_mysql_exception
    raise errorclass(errno, errval, sqlstate=sqlstate)
pymysql.err.OperationalError: (1054, "Unknown column 'is_active' in 'field list'")
INFO:     127.0.0.1:57059 - "PUT /api/admin/features/f3e58f72-d74e-47fa-934e-695517b61fa1 HTTP/1.1" 500 Internal Server Error
ERROR:    Exception in ASGI application
Traceback (most recent call last):
  File "/Users/hiralgandharva/Desktop/Hardik/OpsisTechnology/Nestora/backend/venv/lib/python3.14/site-packages/uvicorn/protocols/http/h11_impl.py", line 408, in run_asgi
    result = await app(  # type: ignore[func-returns-value]
             ^^^^^^^^^^^^^^^^^^^^^^^^^^^^^^^^^^^^^^^^^^^^^^
        self.scope, self.receive, self.send
        ^^^^^^^^^^^^^^^^^^^^^^^^^^^^^^^^^^^
    )
    ^
  File "/Users/hiralgandharva/Desktop/Hardik/OpsisTechnology/Nestora/backend/venv/lib/python3.14/site-packages/uvicorn/middleware/proxy_headers.py", line 84, in __call__
    return await self.app(scope, receive, send)
           ^^^^^^^^^^^^^^^^^^^^^^^^^^^^^^^^^^^^
  File "/Users/hiralgandharva/Desktop/Hardik/OpsisTechnology/Nestora/backend/venv/lib/python3.14/site-packages/fastapi/applications.py", line 1054, in __call__
    await super().__call__(scope, receive, send)
  File "/Users/hiralgandharva/Desktop/Hardik/OpsisTechnology/Nestora/backend/venv/lib/python3.14/site-packages/starlette/applications.py", line 123, in __call__
    await self.middleware_stack(scope, receive, send)
  File "/Users/hiralgandharva/Desktop/Hardik/OpsisTechnology/Nestora/backend/venv/lib/python3.14/site-packages/starlette/middleware/errors.py", line 186, in __call__
    raise exc
  File "/Users/hiralgandharva/Desktop/Hardik/OpsisTechnology/Nestora/backend/venv/lib/python3.14/site-packages/starlette/middleware/errors.py", line 164, in __call__
    await self.app(scope, receive, _send)
  File "/Users/hiralgandharva/Desktop/Hardik/OpsisTechnology/Nestora/backend/venv/lib/python3.14/site-packages/starlette/middleware/cors.py", line 93, in __call__
    await self.simple_response(scope, receive, send, request_headers=headers)
  File "/Users/hiralgandharva/Desktop/Hardik/OpsisTechnology/Nestora/backend/venv/lib/python3.14/site-packages/starlette/middleware/cors.py", line 148, in simple_response
    await self.app(scope, receive, send)
  File "/Users/hiralgandharva/Desktop/Hardik/OpsisTechnology/Nestora/backend/venv/lib/python3.14/site-packages/starlette/middleware/exceptions.py", line 65, in __call__
    await wrap_app_handling_exceptions(self.app, conn)(scope, receive, send)
  File "/Users/hiralgandharva/Desktop/Hardik/OpsisTechnology/Nestora/backend/venv/lib/python3.14/site-packages/starlette/_exception_handler.py", line 64, in wrapped_app
    raise exc
  File "/Users/hiralgandharva/Desktop/Hardik/OpsisTechnology/Nestora/backend/venv/lib/python3.14/site-packages/starlette/_exception_handler.py", line 53, in wrapped_app
    await app(scope, receive, sender)
  File "/Users/hiralgandharva/Desktop/Hardik/OpsisTechnology/Nestora/backend/venv/lib/python3.14/site-packages/starlette/routing.py", line 756, in __call__
    await self.middleware_stack(scope, receive, send)
  File "/Users/hiralgandharva/Desktop/Hardik/OpsisTechnology/Nestora/backend/venv/lib/python3.14/site-packages/starlette/routing.py", line 776, in app
    await route.handle(scope, receive, send)
  File "/Users/hiralgandharva/Desktop/Hardik/OpsisTechnology/Nestora/backend/venv/lib/python3.14/site-packages/starlette/routing.py", line 297, in handle
    await self.app(scope, receive, send)
  File "/Users/hiralgandharva/Desktop/Hardik/OpsisTechnology/Nestora/backend/venv/lib/python3.14/site-packages/starlette/routing.py", line 77, in app
    await wrap_app_handling_exceptions(app, request)(scope, receive, send)
  File "/Users/hiralgandharva/Desktop/Hardik/OpsisTechnology/Nestora/backend/venv/lib/python3.14/site-packages/starlette/_exception_handler.py", line 64, in wrapped_app
    raise exc
  File "/Users/hiralgandharva/Desktop/Hardik/OpsisTechnology/Nestora/backend/venv/lib/python3.14/site-packages/starlette/_exception_handler.py", line 53, in wrapped_app
    await app(scope, receive, sender)
  File "/Users/hiralgandharva/Desktop/Hardik/OpsisTechnology/Nestora/backend/venv/lib/python3.14/site-packages/starlette/routing.py", line 72, in app
    response = await func(request)
               ^^^^^^^^^^^^^^^^^^^
  File "/Users/hiralgandharva/Desktop/Hardik/OpsisTechnology/Nestora/backend/venv/lib/python3.14/site-packages/fastapi/routing.py", line 278, in app
    raw_response = await run_endpoint_function(
                   ^^^^^^^^^^^^^^^^^^^^^^^^^^^^
        dependant=dependant, values=values, is_coroutine=is_coroutine
        ^^^^^^^^^^^^^^^^^^^^^^^^^^^^^^^^^^^^^^^^^^^^^^^^^^^^^^^^^^^^^
    )
    ^
  File "/Users/hiralgandharva/Desktop/Hardik/OpsisTechnology/Nestora/backend/venv/lib/python3.14/site-packages/fastapi/routing.py", line 191, in run_endpoint_function
    return await dependant.call(**values)
           ^^^^^^^^^^^^^^^^^^^^^^^^^^^^^^
  File "/Users/hiralgandharva/Desktop/Hardik/OpsisTechnology/Nestora/backend/server.py", line 1133, in update_feature
    await db_execute(
    ...<2 lines>...
    )
  File "/Users/hiralgandharva/Desktop/Hardik/OpsisTechnology/Nestora/backend/server.py", line 91, in db_execute
    await cur.execute(sql, params)
  File "/Users/hiralgandharva/Desktop/Hardik/OpsisTechnology/Nestora/backend/venv/lib/python3.14/site-packages/aiomysql/cursors.py", line 239, in execute
    await self._query(query)
  File "/Users/hiralgandharva/Desktop/Hardik/OpsisTechnology/Nestora/backend/venv/lib/python3.14/site-packages/aiomysql/cursors.py", line 457, in _query
    await conn.query(q)
  File "/Users/hiralgandharva/Desktop/Hardik/OpsisTechnology/Nestora/backend/venv/lib/python3.14/site-packages/aiomysql/connection.py", line 469, in query
    await self._read_query_result(unbuffered=unbuffered)
  File "/Users/hiralgandharva/Desktop/Hardik/OpsisTechnology/Nestora/backend/venv/lib/python3.14/site-packages/aiomysql/connection.py", line 683, in _read_query_result
    await result.read()
  File "/Users/hiralgandharva/Desktop/Hardik/OpsisTechnology/Nestora/backend/venv/lib/python3.14/site-packages/aiomysql/connection.py", line 1164, in read
    first_packet = await self.connection._read_packet()
                   ^^^^^^^^^^^^^^^^^^^^^^^^^^^^^^^^^^^^
  File "/Users/hiralgandharva/Desktop/Hardik/OpsisTechnology/Nestora/backend/venv/lib/python3.14/site-packages/aiomysql/connection.py", line 652, in _read_packet
    packet.raise_for_error()
    ~~~~~~~~~~~~~~~~~~~~~~^^
  File "/Users/hiralgandharva/Desktop/Hardik/OpsisTechnology/Nestora/backend/venv/lib/python3.14/site-packages/pymysql/protocol.py", line 219, in raise_for_error
    err.raise_mysql_exception(self._data)
    ~~~~~~~~~~~~~~~~~~~~~~~~~^^^^^^^^^^^^
  File "/Users/hiralgandharva/Desktop/Hardik/OpsisTechnology/Nestora/backend/venv/lib/python3.14/site-packages/pymysql/err.py", line 154, in raise_mysql_exception
    raise errorclass(errno, errval, sqlstate=sqlstate)
pymysql.err.OperationalError: (1054, "Unknown column 'is_active' in 'field list'")
WARNING:  StatReload detected changes in 'server.py'. Reloading...
INFO:     Shutting down
INFO:     Waiting for application shutdown.
INFO:     Application shutdown complete.
INFO:     Finished server process [9145]
INFO:     Started server process [9239]
INFO:     Waiting for application startup.
/Users/hiralgandharva/Desktop/Hardik/OpsisTechnology/Nestora/backend/venv/lib/python3.14/site-packages/aiomysql/cursors.py:458: Warning: Table 'user_codes' already exists
  await self._do_get_result()
/Users/hiralgandharva/Desktop/Hardik/OpsisTechnology/Nestora/backend/venv/lib/python3.14/site-packages/aiomysql/cursors.py:458: Warning: Table 'user_details' already exists
  await self._do_get_result()
/Users/hiralgandharva/Desktop/Hardik/OpsisTechnology/Nestora/backend/venv/lib/python3.14/site-packages/aiomysql/cursors.py:458: Warning: Table 'entity_types' already exists
  await self._do_get_result()
/Users/hiralgandharva/Desktop/Hardik/OpsisTechnology/Nestora/backend/venv/lib/python3.14/site-packages/aiomysql/cursors.py:458: Warning: Table 'entities' already exists
  await self._do_get_result()
/Users/hiralgandharva/Desktop/Hardik/OpsisTechnology/Nestora/backend/venv/lib/python3.14/site-packages/aiomysql/cursors.py:458: Warning: Table 'roles' already exists
  await self._do_get_result()
/Users/hiralgandharva/Desktop/Hardik/OpsisTechnology/Nestora/backend/venv/lib/python3.14/site-packages/aiomysql/cursors.py:458: Warning: Table 'accounts' already exists
  await self._do_get_result()
/Users/hiralgandharva/Desktop/Hardik/OpsisTechnology/Nestora/backend/venv/lib/python3.14/site-packages/aiomysql/cursors.py:458: Warning: Table 'features' already exists
  await self._do_get_result()
/Users/hiralgandharva/Desktop/Hardik/OpsisTechnology/Nestora/backend/venv/lib/python3.14/site-packages/aiomysql/cursors.py:458: Warning: Integer display width is deprecated and will be removed in a future release.
  await self._do_get_result()
/Users/hiralgandharva/Desktop/Hardik/OpsisTechnology/Nestora/backend/venv/lib/python3.14/site-packages/aiomysql/cursors.py:458: Warning: Table 'role_feature_permissions' already exists
  await self._do_get_result()
/Users/hiralgandharva/Desktop/Hardik/OpsisTechnology/Nestora/backend/venv/lib/python3.14/site-packages/aiomysql/cursors.py:458: Warning: Table 'associations' already exists
  await self._do_get_result()
/Users/hiralgandharva/Desktop/Hardik/OpsisTechnology/Nestora/backend/venv/lib/python3.14/site-packages/aiomysql/cursors.py:458: Warning: Table 'admin_associations' already exists
  await self._do_get_result()
/Users/hiralgandharva/Desktop/Hardik/OpsisTechnology/Nestora/backend/venv/lib/python3.14/site-packages/aiomysql/cursors.py:458: Warning: Table 'code_requests' already exists
  await self._do_get_result()
/Users/hiralgandharva/Desktop/Hardik/OpsisTechnology/Nestora/backend/venv/lib/python3.14/site-packages/aiomysql/cursors.py:458: Warning: Table 'update_requests' already exists
  await self._do_get_result()
/Users/hiralgandharva/Desktop/Hardik/OpsisTechnology/Nestora/backend/venv/lib/python3.14/site-packages/aiomysql/cursors.py:458: Warning: Table 'email_log' already exists
  await self._do_get_result()
/Users/hiralgandharva/Desktop/Hardik/OpsisTechnology/Nestora/backend/venv/lib/python3.14/site-packages/aiomysql/cursors.py:458: Warning: Table 'announcements' already exists
  await self._do_get_result()
/Users/hiralgandharva/Desktop/Hardik/OpsisTechnology/Nestora/backend/venv/lib/python3.14/site-packages/aiomysql/cursors.py:458: Warning: Table 'events' already exists
  await self._do_get_result()
/Users/hiralgandharva/Desktop/Hardik/OpsisTechnology/Nestora/backend/venv/lib/python3.14/site-packages/aiomysql/cursors.py:458: Warning: Table 'event_rsvps' already exists
  await self._do_get_result()
/Users/hiralgandharva/Desktop/Hardik/OpsisTechnology/Nestora/backend/venv/lib/python3.14/site-packages/aiomysql/cursors.py:458: Warning: Field 'id' doesn't have a default value
  await self._do_get_result()
/Users/hiralgandharva/Desktop/Hardik/OpsisTechnology/Nestora/backend/venv/lib/python3.14/site-packages/aiomysql/cursors.py:458: Warning: Duplicate entry '' for key 'entity_types.PRIMARY'
  await self._do_get_result()
/Users/hiralgandharva/Desktop/Hardik/OpsisTechnology/Nestora/backend/venv/lib/python3.14/site-packages/aiomysql/cursors.py:458: Warning: Duplicate entry '' for key 'entities.PRIMARY'
  await self._do_get_result()
2026-07-22 17:29:34,347 - nestora - INFO - Nestora API started (MySQL connected).
INFO:     Application startup complete.
INFO:     127.0.0.1:57104 - "PUT /api/admin/features/f3e58f72-d74e-47fa-934e-695517b61fa1 HTTP/1.1" 500 Internal Server Error
ERROR:    Exception in ASGI application
Traceback (most recent call last):
  File "/Users/hiralgandharva/Desktop/Hardik/OpsisTechnology/Nestora/backend/venv/lib/python3.14/site-packages/uvicorn/protocols/http/h11_impl.py", line 408, in run_asgi
    result = await app(  # type: ignore[func-returns-value]
             ^^^^^^^^^^^^^^^^^^^^^^^^^^^^^^^^^^^^^^^^^^^^^^
        self.scope, self.receive, self.send
        ^^^^^^^^^^^^^^^^^^^^^^^^^^^^^^^^^^^
    )
    ^
  File "/Users/hiralgandharva/Desktop/Hardik/OpsisTechnology/Nestora/backend/venv/lib/python3.14/site-packages/uvicorn/middleware/proxy_headers.py", line 84, in __call__
    return await self.app(scope, receive, send)
           ^^^^^^^^^^^^^^^^^^^^^^^^^^^^^^^^^^^^
  File "/Users/hiralgandharva/Desktop/Hardik/OpsisTechnology/Nestora/backend/venv/lib/python3.14/site-packages/fastapi/applications.py", line 1054, in __call__
    await super().__call__(scope, receive, send)
  File "/Users/hiralgandharva/Desktop/Hardik/OpsisTechnology/Nestora/backend/venv/lib/python3.14/site-packages/starlette/applications.py", line 123, in __call__
    await self.middleware_stack(scope, receive, send)
  File "/Users/hiralgandharva/Desktop/Hardik/OpsisTechnology/Nestora/backend/venv/lib/python3.14/site-packages/starlette/middleware/errors.py", line 186, in __call__
    raise exc
  File "/Users/hiralgandharva/Desktop/Hardik/OpsisTechnology/Nestora/backend/venv/lib/python3.14/site-packages/starlette/middleware/errors.py", line 164, in __call__
    await self.app(scope, receive, _send)
  File "/Users/hiralgandharva/Desktop/Hardik/OpsisTechnology/Nestora/backend/venv/lib/python3.14/site-packages/starlette/middleware/cors.py", line 93, in __call__
    await self.simple_response(scope, receive, send, request_headers=headers)
  File "/Users/hiralgandharva/Desktop/Hardik/OpsisTechnology/Nestora/backend/venv/lib/python3.14/site-packages/starlette/middleware/cors.py", line 148, in simple_response
    await self.app(scope, receive, send)
  File "/Users/hiralgandharva/Desktop/Hardik/OpsisTechnology/Nestora/backend/venv/lib/python3.14/site-packages/starlette/middleware/exceptions.py", line 65, in __call__
    await wrap_app_handling_exceptions(self.app, conn)(scope, receive, send)
  File "/Users/hiralgandharva/Desktop/Hardik/OpsisTechnology/Nestora/backend/venv/lib/python3.14/site-packages/starlette/_exception_handler.py", line 64, in wrapped_app
    raise exc
  File "/Users/hiralgandharva/Desktop/Hardik/OpsisTechnology/Nestora/backend/venv/lib/python3.14/site-packages/starlette/_exception_handler.py", line 53, in wrapped_app
    await app(scope, receive, sender)
  File "/Users/hiralgandharva/Desktop/Hardik/OpsisTechnology/Nestora/backend/venv/lib/python3.14/site-packages/starlette/routing.py", line 756, in __call__
    await self.middleware_stack(scope, receive, send)
  File "/Users/hiralgandharva/Desktop/Hardik/OpsisTechnology/Nestora/backend/venv/lib/python3.14/site-packages/starlette/routing.py", line 776, in app
    await route.handle(scope, receive, send)
  File "/Users/hiralgandharva/Desktop/Hardik/OpsisTechnology/Nestora/backend/venv/lib/python3.14/site-packages/starlette/routing.py", line 297, in handle
    await self.app(scope, receive, send)
  File "/Users/hiralgandharva/Desktop/Hardik/OpsisTechnology/Nestora/backend/venv/lib/python3.14/site-packages/starlette/routing.py", line 77, in app
    await wrap_app_handling_exceptions(app, request)(scope, receive, send)
  File "/Users/hiralgandharva/Desktop/Hardik/OpsisTechnology/Nestora/backend/venv/lib/python3.14/site-packages/starlette/_exception_handler.py", line 64, in wrapped_app
    raise exc
  File "/Users/hiralgandharva/Desktop/Hardik/OpsisTechnology/Nestora/backend/venv/lib/python3.14/site-packages/starlette/_exception_handler.py", line 53, in wrapped_app
    await app(scope, receive, sender)
  File "/Users/hiralgandharva/Desktop/Hardik/OpsisTechnology/Nestora/backend/venv/lib/python3.14/site-packages/starlette/routing.py", line 72, in app
    response = await func(request)
               ^^^^^^^^^^^^^^^^^^^
  File "/Users/hiralgandharva/Desktop/Hardik/OpsisTechnology/Nestora/backend/venv/lib/python3.14/site-packages/fastapi/routing.py", line 278, in app
    raw_response = await run_endpoint_function(
                   ^^^^^^^^^^^^^^^^^^^^^^^^^^^^
        dependant=dependant, values=values, is_coroutine=is_coroutine
        ^^^^^^^^^^^^^^^^^^^^^^^^^^^^^^^^^^^^^^^^^^^^^^^^^^^^^^^^^^^^^
    )
    ^
  File "/Users/hiralgandharva/Desktop/Hardik/OpsisTechnology/Nestora/backend/venv/lib/python3.14/site-packages/fastapi/routing.py", line 191, in run_endpoint_function
    return await dependant.call(**values)
           ^^^^^^^^^^^^^^^^^^^^^^^^^^^^^^
  File "/Users/hiralgandharva/Desktop/Hardik/OpsisTechnology/Nestora/backend/server.py", line 1133, in update_feature
    await db_execute(
    ...<2 lines>...
    )
  File "/Users/hiralgandharva/Desktop/Hardik/OpsisTechnology/Nestora/backend/server.py", line 91, in db_execute
    await cur.execute(sql, params)
  File "/Users/hiralgandharva/Desktop/Hardik/OpsisTechnology/Nestora/backend/venv/lib/python3.14/site-packages/aiomysql/cursors.py", line 239, in execute
    await self._query(query)
  File "/Users/hiralgandharva/Desktop/Hardik/OpsisTechnology/Nestora/backend/venv/lib/python3.14/site-packages/aiomysql/cursors.py", line 457, in _query
    await conn.query(q)
  File "/Users/hiralgandharva/Desktop/Hardik/OpsisTechnology/Nestora/backend/venv/lib/python3.14/site-packages/aiomysql/connection.py", line 469, in query
    await self._read_query_result(unbuffered=unbuffered)
  File "/Users/hiralgandharva/Desktop/Hardik/OpsisTechnology/Nestora/backend/venv/lib/python3.14/site-packages/aiomysql/connection.py", line 683, in _read_query_result
    await result.read()
  File "/Users/hiralgandharva/Desktop/Hardik/OpsisTechnology/Nestora/backend/venv/lib/python3.14/site-packages/aiomysql/connection.py", line 1164, in read
    first_packet = await self.connection._read_packet()
                   ^^^^^^^^^^^^^^^^^^^^^^^^^^^^^^^^^^^^
  File "/Users/hiralgandharva/Desktop/Hardik/OpsisTechnology/Nestora/backend/venv/lib/python3.14/site-packages/aiomysql/connection.py", line 652, in _read_packet
    packet.raise_for_error()
    ~~~~~~~~~~~~~~~~~~~~~~^^
  File "/Users/hiralgandharva/Desktop/Hardik/OpsisTechnology/Nestora/backend/venv/lib/python3.14/site-packages/pymysql/protocol.py", line 219, in raise_for_error
    err.raise_mysql_exception(self._data)
    ~~~~~~~~~~~~~~~~~~~~~~~~~^^^^^^^^^^^^
  File "/Users/hiralgandharva/Desktop/Hardik/OpsisTechnology/Nestora/backend/venv/lib/python3.14/site-packages/pymysql/err.py", line 154, in raise_mysql_exception
    raise errorclass(errno, errval, sqlstate=sqlstate)
pymysql.err.OperationalError: (1054, "Unknown column 'is_active' in 'field list'")
INFO:     127.0.0.1:57106 - "PUT /api/admin/features/f3e58f72-d74e-47fa-934e-695517b61fa1 HTTP/1.1" 500 Internal Server Error
ERROR:    Exception in ASGI application
Traceback (most recent call last):
  File "/Users/hiralgandharva/Desktop/Hardik/OpsisTechnology/Nestora/backend/venv/lib/python3.14/site-packages/uvicorn/protocols/http/h11_impl.py", line 408, in run_asgi
    result = await app(  # type: ignore[func-returns-value]
             ^^^^^^^^^^^^^^^^^^^^^^^^^^^^^^^^^^^^^^^^^^^^^^
        self.scope, self.receive, self.send
        ^^^^^^^^^^^^^^^^^^^^^^^^^^^^^^^^^^^
    )
    ^
  File "/Users/hiralgandharva/Desktop/Hardik/OpsisTechnology/Nestora/backend/venv/lib/python3.14/site-packages/uvicorn/middleware/proxy_headers.py", line 84, in __call__
    return await self.app(scope, receive, send)
           ^^^^^^^^^^^^^^^^^^^^^^^^^^^^^^^^^^^^
  File "/Users/hiralgandharva/Desktop/Hardik/OpsisTechnology/Nestora/backend/venv/lib/python3.14/site-packages/fastapi/applications.py", line 1054, in __call__
    await super().__call__(scope, receive, send)
  File "/Users/hiralgandharva/Desktop/Hardik/OpsisTechnology/Nestora/backend/venv/lib/python3.14/site-packages/starlette/applications.py", line 123, in __call__
    await self.middleware_stack(scope, receive, send)
  File "/Users/hiralgandharva/Desktop/Hardik/OpsisTechnology/Nestora/backend/venv/lib/python3.14/site-packages/starlette/middleware/errors.py", line 186, in __call__
    raise exc
  File "/Users/hiralgandharva/Desktop/Hardik/OpsisTechnology/Nestora/backend/venv/lib/python3.14/site-packages/starlette/middleware/errors.py", line 164, in __call__
    await self.app(scope, receive, _send)
  File "/Users/hiralgandharva/Desktop/Hardik/OpsisTechnology/Nestora/backend/venv/lib/python3.14/site-packages/starlette/middleware/cors.py", line 93, in __call__
    await self.simple_response(scope, receive, send, request_headers=headers)
  File "/Users/hiralgandharva/Desktop/Hardik/OpsisTechnology/Nestora/backend/venv/lib/python3.14/site-packages/starlette/middleware/cors.py", line 148, in simple_response
    await self.app(scope, receive, send)
  File "/Users/hiralgandharva/Desktop/Hardik/OpsisTechnology/Nestora/backend/venv/lib/python3.14/site-packages/starlette/middleware/exceptions.py", line 65, in __call__
    await wrap_app_handling_exceptions(self.app, conn)(scope, receive, send)
  File "/Users/hiralgandharva/Desktop/Hardik/OpsisTechnology/Nestora/backend/venv/lib/python3.14/site-packages/starlette/_exception_handler.py", line 64, in wrapped_app
    raise exc
  File "/Users/hiralgandharva/Desktop/Hardik/OpsisTechnology/Nestora/backend/venv/lib/python3.14/site-packages/starlette/_exception_handler.py", line 53, in wrapped_app
    await app(scope, receive, sender)
  File "/Users/hiralgandharva/Desktop/Hardik/OpsisTechnology/Nestora/backend/venv/lib/python3.14/site-packages/starlette/routing.py", line 756, in __call__
    await self.middleware_stack(scope, receive, send)
  File "/Users/hiralgandharva/Desktop/Hardik/OpsisTechnology/Nestora/backend/venv/lib/python3.14/site-packages/starlette/routing.py", line 776, in app
    await route.handle(scope, receive, send)
  File "/Users/hiralgandharva/Desktop/Hardik/OpsisTechnology/Nestora/backend/venv/lib/python3.14/site-packages/starlette/routing.py", line 297, in handle
    await self.app(scope, receive, send)
  File "/Users/hiralgandharva/Desktop/Hardik/OpsisTechnology/Nestora/backend/venv/lib/python3.14/site-packages/starlette/routing.py", line 77, in app
    await wrap_app_handling_exceptions(app, request)(scope, receive, send)
  File "/Users/hiralgandharva/Desktop/Hardik/OpsisTechnology/Nestora/backend/venv/lib/python3.14/site-packages/starlette/_exception_handler.py", line 64, in wrapped_app
    raise exc
  File "/Users/hiralgandharva/Desktop/Hardik/OpsisTechnology/Nestora/backend/venv/lib/python3.14/site-packages/starlette/_exception_handler.py", line 53, in wrapped_app
    await app(scope, receive, sender)
  File "/Users/hiralgandharva/Desktop/Hardik/OpsisTechnology/Nestora/backend/venv/lib/python3.14/site-packages/starlette/routing.py", line 72, in app
    response = await func(request)
               ^^^^^^^^^^^^^^^^^^^
  File "/Users/hiralgandharva/Desktop/Hardik/OpsisTechnology/Nestora/backend/venv/lib/python3.14/site-packages/fastapi/routing.py", line 278, in app
    raw_response = await run_endpoint_function(
                   ^^^^^^^^^^^^^^^^^^^^^^^^^^^^
        dependant=dependant, values=values, is_coroutine=is_coroutine
        ^^^^^^^^^^^^^^^^^^^^^^^^^^^^^^^^^^^^^^^^^^^^^^^^^^^^^^^^^^^^^
    )
    ^
  File "/Users/hiralgandharva/Desktop/Hardik/OpsisTechnology/Nestora/backend/venv/lib/python3.14/site-packages/fastapi/routing.py", line 191, in run_endpoint_function
    return await dependant.call(**values)
           ^^^^^^^^^^^^^^^^^^^^^^^^^^^^^^
  File "/Users/hiralgandharva/Desktop/Hardik/OpsisTechnology/Nestora/backend/server.py", line 1133, in update_feature
    await db_execute(
    ...<2 lines>...
    )
  File "/Users/hiralgandharva/Desktop/Hardik/OpsisTechnology/Nestora/backend/server.py", line 91, in db_execute
    await cur.execute(sql, params)
  File "/Users/hiralgandharva/Desktop/Hardik/OpsisTechnology/Nestora/backend/venv/lib/python3.14/site-packages/aiomysql/cursors.py", line 239, in execute
    await self._query(query)
  File "/Users/hiralgandharva/Desktop/Hardik/OpsisTechnology/Nestora/backend/venv/lib/python3.14/site-packages/aiomysql/cursors.py", line 457, in _query
    await conn.query(q)
  File "/Users/hiralgandharva/Desktop/Hardik/OpsisTechnology/Nestora/backend/venv/lib/python3.14/site-packages/aiomysql/connection.py", line 469, in query
    await self._read_query_result(unbuffered=unbuffered)
  File "/Users/hiralgandharva/Desktop/Hardik/OpsisTechnology/Nestora/backend/venv/lib/python3.14/site-packages/aiomysql/connection.py", line 683, in _read_query_result
    await result.read()
  File "/Users/hiralgandharva/Desktop/Hardik/OpsisTechnology/Nestora/backend/venv/lib/python3.14/site-packages/aiomysql/connection.py", line 1164, in read
    first_packet = await self.connection._read_packet()
                   ^^^^^^^^^^^^^^^^^^^^^^^^^^^^^^^^^^^^
  File "/Users/hiralgandharva/Desktop/Hardik/OpsisTechnology/Nestora/backend/venv/lib/python3.14/site-packages/aiomysql/connection.py", line 652, in _read_packet
    packet.raise_for_error()
    ~~~~~~~~~~~~~~~~~~~~~~^^
  File "/Users/hiralgandharva/Desktop/Hardik/OpsisTechnology/Nestora/backend/venv/lib/python3.14/site-packages/pymysql/protocol.py", line 219, in raise_for_error
    err.raise_mysql_exception(self._data)
    ~~~~~~~~~~~~~~~~~~~~~~~~~^^^^^^^^^^^^
  File "/Users/hiralgandharva/Desktop/Hardik/OpsisTechnology/Nestora/backend/venv/lib/python3.14/site-packages/pymysql/err.py", line 154, in raise_mysql_exception
    raise errorclass(errno, errval, sqlstate=sqlstate)
pymysql.err.OperationalError: (1054, "Unknown column 'is_active' in 'field list'")
INFO:     127.0.0.1:57108 - "GET /api/admin/roles HTTP/1.1" 200 OK
INFO:     127.0.0.1:57108 - "OPTIONS /api/admin/entities HTTP/1.1" 200 OK
INFO:     127.0.0.1:57108 - "GET /api/admin/entities HTTP/1.1" 200 OK
INFO:     127.0.0.1:57108 - "GET /api/admin/features HTTP/1.1" 200 OK
INFO:     127.0.0.1:57108 - "PUT /api/admin/features/1e33297c-2025-4bf3-afc1-99b2b416e419 HTTP/1.1" 500 Internal Server Error
ERROR:    Exception in ASGI application
Traceback (most recent call last):
  File "/Users/hiralgandharva/Desktop/Hardik/OpsisTechnology/Nestora/backend/venv/lib/python3.14/site-packages/uvicorn/protocols/http/h11_impl.py", line 408, in run_asgi
    result = await app(  # type: ignore[func-returns-value]
             ^^^^^^^^^^^^^^^^^^^^^^^^^^^^^^^^^^^^^^^^^^^^^^
        self.scope, self.receive, self.send
        ^^^^^^^^^^^^^^^^^^^^^^^^^^^^^^^^^^^
    )
    ^
  File "/Users/hiralgandharva/Desktop/Hardik/OpsisTechnology/Nestora/backend/venv/lib/python3.14/site-packages/uvicorn/middleware/proxy_headers.py", line 84, in __call__
    return await self.app(scope, receive, send)
           ^^^^^^^^^^^^^^^^^^^^^^^^^^^^^^^^^^^^
  File "/Users/hiralgandharva/Desktop/Hardik/OpsisTechnology/Nestora/backend/venv/lib/python3.14/site-packages/fastapi/applications.py", line 1054, in __call__
    await super().__call__(scope, receive, send)
  File "/Users/hiralgandharva/Desktop/Hardik/OpsisTechnology/Nestora/backend/venv/lib/python3.14/site-packages/starlette/applications.py", line 123, in __call__
    await self.middleware_stack(scope, receive, send)
  File "/Users/hiralgandharva/Desktop/Hardik/OpsisTechnology/Nestora/backend/venv/lib/python3.14/site-packages/starlette/middleware/errors.py", line 186, in __call__
    raise exc
  File "/Users/hiralgandharva/Desktop/Hardik/OpsisTechnology/Nestora/backend/venv/lib/python3.14/site-packages/starlette/middleware/errors.py", line 164, in __call__
    await self.app(scope, receive, _send)
  File "/Users/hiralgandharva/Desktop/Hardik/OpsisTechnology/Nestora/backend/venv/lib/python3.14/site-packages/starlette/middleware/cors.py", line 93, in __call__
    await self.simple_response(scope, receive, send, request_headers=headers)
  File "/Users/hiralgandharva/Desktop/Hardik/OpsisTechnology/Nestora/backend/venv/lib/python3.14/site-packages/starlette/middleware/cors.py", line 148, in simple_response
    await self.app(scope, receive, send)
  File "/Users/hiralgandharva/Desktop/Hardik/OpsisTechnology/Nestora/backend/venv/lib/python3.14/site-packages/starlette/middleware/exceptions.py", line 65, in __call__
    await wrap_app_handling_exceptions(self.app, conn)(scope, receive, send)
  File "/Users/hiralgandharva/Desktop/Hardik/OpsisTechnology/Nestora/backend/venv/lib/python3.14/site-packages/starlette/_exception_handler.py", line 64, in wrapped_app
    raise exc
  File "/Users/hiralgandharva/Desktop/Hardik/OpsisTechnology/Nestora/backend/venv/lib/python3.14/site-packages/starlette/_exception_handler.py", line 53, in wrapped_app
    await app(scope, receive, sender)
  File "/Users/hiralgandharva/Desktop/Hardik/OpsisTechnology/Nestora/backend/venv/lib/python3.14/site-packages/starlette/routing.py", line 756, in __call__
    await self.middleware_stack(scope, receive, send)
  File "/Users/hiralgandharva/Desktop/Hardik/OpsisTechnology/Nestora/backend/venv/lib/python3.14/site-packages/starlette/routing.py", line 776, in app
    await route.handle(scope, receive, send)
  File "/Users/hiralgandharva/Desktop/Hardik/OpsisTechnology/Nestora/backend/venv/lib/python3.14/site-packages/starlette/routing.py", line 297, in handle
    await self.app(scope, receive, send)
  File "/Users/hiralgandharva/Desktop/Hardik/OpsisTechnology/Nestora/backend/venv/lib/python3.14/site-packages/starlette/routing.py", line 77, in app
    await wrap_app_handling_exceptions(app, request)(scope, receive, send)
  File "/Users/hiralgandharva/Desktop/Hardik/OpsisTechnology/Nestora/backend/venv/lib/python3.14/site-packages/starlette/_exception_handler.py", line 64, in wrapped_app
    raise exc
  File "/Users/hiralgandharva/Desktop/Hardik/OpsisTechnology/Nestora/backend/venv/lib/python3.14/site-packages/starlette/_exception_handler.py", line 53, in wrapped_app
    await app(scope, receive, sender)
  File "/Users/hiralgandharva/Desktop/Hardik/OpsisTechnology/Nestora/backend/venv/lib/python3.14/site-packages/starlette/routing.py", line 72, in app
    response = await func(request)
               ^^^^^^^^^^^^^^^^^^^
  File "/Users/hiralgandharva/Desktop/Hardik/OpsisTechnology/Nestora/backend/venv/lib/python3.14/site-packages/fastapi/routing.py", line 278, in app
    raw_response = await run_endpoint_function(
                   ^^^^^^^^^^^^^^^^^^^^^^^^^^^^
        dependant=dependant, values=values, is_coroutine=is_coroutine
        ^^^^^^^^^^^^^^^^^^^^^^^^^^^^^^^^^^^^^^^^^^^^^^^^^^^^^^^^^^^^^
    )
    ^
  File "/Users/hiralgandharva/Desktop/Hardik/OpsisTechnology/Nestora/backend/venv/lib/python3.14/site-packages/fastapi/routing.py", line 191, in run_endpoint_function
    return await dependant.call(**values)
           ^^^^^^^^^^^^^^^^^^^^^^^^^^^^^^
  File "/Users/hiralgandharva/Desktop/Hardik/OpsisTechnology/Nestora/backend/server.py", line 1133, in update_feature
    await db_execute(
    ...<2 lines>...
    )
  File "/Users/hiralgandharva/Desktop/Hardik/OpsisTechnology/Nestora/backend/server.py", line 91, in db_execute
    await cur.execute(sql, params)
  File "/Users/hiralgandharva/Desktop/Hardik/OpsisTechnology/Nestora/backend/venv/lib/python3.14/site-packages/aiomysql/cursors.py", line 239, in execute
    await self._query(query)
  File "/Users/hiralgandharva/Desktop/Hardik/OpsisTechnology/Nestora/backend/venv/lib/python3.14/site-packages/aiomysql/cursors.py", line 457, in _query
    await conn.query(q)
  File "/Users/hiralgandharva/Desktop/Hardik/OpsisTechnology/Nestora/backend/venv/lib/python3.14/site-packages/aiomysql/connection.py", line 469, in query
    await self._read_query_result(unbuffered=unbuffered)
  File "/Users/hiralgandharva/Desktop/Hardik/OpsisTechnology/Nestora/backend/venv/lib/python3.14/site-packages/aiomysql/connection.py", line 683, in _read_query_result
    await result.read()
  File "/Users/hiralgandharva/Desktop/Hardik/OpsisTechnology/Nestora/backend/venv/lib/python3.14/site-packages/aiomysql/connection.py", line 1164, in read
    first_packet = await self.connection._read_packet()
                   ^^^^^^^^^^^^^^^^^^^^^^^^^^^^^^^^^^^^
  File "/Users/hiralgandharva/Desktop/Hardik/OpsisTechnology/Nestora/backend/venv/lib/python3.14/site-packages/aiomysql/connection.py", line 652, in _read_packet
    packet.raise_for_error()
    ~~~~~~~~~~~~~~~~~~~~~~^^
  File "/Users/hiralgandharva/Desktop/Hardik/OpsisTechnology/Nestora/backend/venv/lib/python3.14/site-packages/pymysql/protocol.py", line 219, in raise_for_error
    err.raise_mysql_exception(self._data)
    ~~~~~~~~~~~~~~~~~~~~~~~~~^^^^^^^^^^^^
  File "/Users/hiralgandharva/Desktop/Hardik/OpsisTechnology/Nestora/backend/venv/lib/python3.14/site-packages/pymysql/err.py", line 154, in raise_mysql_exception
    raise errorclass(errno, errval, sqlstate=sqlstate)
pymysql.err.OperationalError: (1054, "Unknown column 'is_active' in 'field list'")
INFO:     127.0.0.1:57110 - "PUT /api/admin/features/f3e58f72-d74e-47fa-934e-695517b61fa1 HTTP/1.1" 500 Internal Server Error
ERROR:    Exception in ASGI application
Traceback (most recent call last):
  File "/Users/hiralgandharva/Desktop/Hardik/OpsisTechnology/Nestora/backend/venv/lib/python3.14/site-packages/uvicorn/protocols/http/h11_impl.py", line 408, in run_asgi
    result = await app(  # type: ignore[func-returns-value]
             ^^^^^^^^^^^^^^^^^^^^^^^^^^^^^^^^^^^^^^^^^^^^^^
        self.scope, self.receive, self.send
        ^^^^^^^^^^^^^^^^^^^^^^^^^^^^^^^^^^^
    )
    ^
  File "/Users/hiralgandharva/Desktop/Hardik/OpsisTechnology/Nestora/backend/venv/lib/python3.14/site-packages/uvicorn/middleware/proxy_headers.py", line 84, in __call__
    return await self.app(scope, receive, send)
           ^^^^^^^^^^^^^^^^^^^^^^^^^^^^^^^^^^^^
  File "/Users/hiralgandharva/Desktop/Hardik/OpsisTechnology/Nestora/backend/venv/lib/python3.14/site-packages/fastapi/applications.py", line 1054, in __call__
    await super().__call__(scope, receive, send)
  File "/Users/hiralgandharva/Desktop/Hardik/OpsisTechnology/Nestora/backend/venv/lib/python3.14/site-packages/starlette/applications.py", line 123, in __call__
    await self.middleware_stack(scope, receive, send)
  File "/Users/hiralgandharva/Desktop/Hardik/OpsisTechnology/Nestora/backend/venv/lib/python3.14/site-packages/starlette/middleware/errors.py", line 186, in __call__
    raise exc
  File "/Users/hiralgandharva/Desktop/Hardik/OpsisTechnology/Nestora/backend/venv/lib/python3.14/site-packages/starlette/middleware/errors.py", line 164, in __call__
    await self.app(scope, receive, _send)
  File "/Users/hiralgandharva/Desktop/Hardik/OpsisTechnology/Nestora/backend/venv/lib/python3.14/site-packages/starlette/middleware/cors.py", line 93, in __call__
    await self.simple_response(scope, receive, send, request_headers=headers)
  File "/Users/hiralgandharva/Desktop/Hardik/OpsisTechnology/Nestora/backend/venv/lib/python3.14/site-packages/starlette/middleware/cors.py", line 148, in simple_response
    await self.app(scope, receive, send)
  File "/Users/hiralgandharva/Desktop/Hardik/OpsisTechnology/Nestora/backend/venv/lib/python3.14/site-packages/starlette/middleware/exceptions.py", line 65, in __call__
    await wrap_app_handling_exceptions(self.app, conn)(scope, receive, send)
  File "/Users/hiralgandharva/Desktop/Hardik/OpsisTechnology/Nestora/backend/venv/lib/python3.14/site-packages/starlette/_exception_handler.py", line 64, in wrapped_app
    raise exc
  File "/Users/hiralgandharva/Desktop/Hardik/OpsisTechnology/Nestora/backend/venv/lib/python3.14/site-packages/starlette/_exception_handler.py", line 53, in wrapped_app
    await app(scope, receive, sender)
  File "/Users/hiralgandharva/Desktop/Hardik/OpsisTechnology/Nestora/backend/venv/lib/python3.14/site-packages/starlette/routing.py", line 756, in __call__
    await self.middleware_stack(scope, receive, send)
  File "/Users/hiralgandharva/Desktop/Hardik/OpsisTechnology/Nestora/backend/venv/lib/python3.14/site-packages/starlette/routing.py", line 776, in app
    await route.handle(scope, receive, send)
  File "/Users/hiralgandharva/Desktop/Hardik/OpsisTechnology/Nestora/backend/venv/lib/python3.14/site-packages/starlette/routing.py", line 297, in handle
    await self.app(scope, receive, send)
  File "/Users/hiralgandharva/Desktop/Hardik/OpsisTechnology/Nestora/backend/venv/lib/python3.14/site-packages/starlette/routing.py", line 77, in app
    await wrap_app_handling_exceptions(app, request)(scope, receive, send)
  File "/Users/hiralgandharva/Desktop/Hardik/OpsisTechnology/Nestora/backend/venv/lib/python3.14/site-packages/starlette/_exception_handler.py", line 64, in wrapped_app
    raise exc
  File "/Users/hiralgandharva/Desktop/Hardik/OpsisTechnology/Nestora/backend/venv/lib/python3.14/site-packages/starlette/_exception_handler.py", line 53, in wrapped_app
    await app(scope, receive, sender)
  File "/Users/hiralgandharva/Desktop/Hardik/OpsisTechnology/Nestora/backend/venv/lib/python3.14/site-packages/starlette/routing.py", line 72, in app
    response = await func(request)
               ^^^^^^^^^^^^^^^^^^^
  File "/Users/hiralgandharva/Desktop/Hardik/OpsisTechnology/Nestora/backend/venv/lib/python3.14/site-packages/fastapi/routing.py", line 278, in app
    raw_response = await run_endpoint_function(
                   ^^^^^^^^^^^^^^^^^^^^^^^^^^^^
        dependant=dependant, values=values, is_coroutine=is_coroutine
        ^^^^^^^^^^^^^^^^^^^^^^^^^^^^^^^^^^^^^^^^^^^^^^^^^^^^^^^^^^^^^
    )
    ^
  File "/Users/hiralgandharva/Desktop/Hardik/OpsisTechnology/Nestora/backend/venv/lib/python3.14/site-packages/fastapi/routing.py", line 191, in run_endpoint_function
    return await dependant.call(**values)
           ^^^^^^^^^^^^^^^^^^^^^^^^^^^^^^
  File "/Users/hiralgandharva/Desktop/Hardik/OpsisTechnology/Nestora/backend/server.py", line 1133, in update_feature
    await db_execute(
    ...<2 lines>...
    )
  File "/Users/hiralgandharva/Desktop/Hardik/OpsisTechnology/Nestora/backend/server.py", line 91, in db_execute
    await cur.execute(sql, params)
  File "/Users/hiralgandharva/Desktop/Hardik/OpsisTechnology/Nestora/backend/venv/lib/python3.14/site-packages/aiomysql/cursors.py", line 239, in execute
    await self._query(query)
  File "/Users/hiralgandharva/Desktop/Hardik/OpsisTechnology/Nestora/backend/venv/lib/python3.14/site-packages/aiomysql/cursors.py", line 457, in _query
    await conn.query(q)
  File "/Users/hiralgandharva/Desktop/Hardik/OpsisTechnology/Nestora/backend/venv/lib/python3.14/site-packages/aiomysql/connection.py", line 469, in query
    await self._read_query_result(unbuffered=unbuffered)
  File "/Users/hiralgandharva/Desktop/Hardik/OpsisTechnology/Nestora/backend/venv/lib/python3.14/site-packages/aiomysql/connection.py", line 683, in _read_query_result
    await result.read()
  File "/Users/hiralgandharva/Desktop/Hardik/OpsisTechnology/Nestora/backend/venv/lib/python3.14/site-packages/aiomysql/connection.py", line 1164, in read
    first_packet = await self.connection._read_packet()
                   ^^^^^^^^^^^^^^^^^^^^^^^^^^^^^^^^^^^^
  File "/Users/hiralgandharva/Desktop/Hardik/OpsisTechnology/Nestora/backend/venv/lib/python3.14/site-packages/aiomysql/connection.py", line 652, in _read_packet
    packet.raise_for_error()
    ~~~~~~~~~~~~~~~~~~~~~~^^
  File "/Users/hiralgandharva/Desktop/Hardik/OpsisTechnology/Nestora/backend/venv/lib/python3.14/site-packages/pymysql/protocol.py", line 219, in raise_for_error
    err.raise_mysql_exception(self._data)
    ~~~~~~~~~~~~~~~~~~~~~~~~~^^^^^^^^^^^^
  File "/Users/hiralgandharva/Desktop/Hardik/OpsisTechnology/Nestora/backend/venv/lib/python3.14/site-packages/pymysql/err.py", line 154, in raise_mysql_exception
    raise errorclass(errno, errval, sqlstate=sqlstate)
pymysql.err.OperationalError: (1054, "Unknown column 'is_active' in 'field list'")
INFO:     127.0.0.1:57118 - "OPTIONS /api/admin/features/6f99d935-408c-4276-917b-fb184e0f480c HTTP/1.1" 200 OK
INFO:     127.0.0.1:57118 - "PUT /api/admin/features/6f99d935-408c-4276-917b-fb184e0f480c HTTP/1.1" 500 Internal Server Error
ERROR:    Exception in ASGI application
Traceback (most recent call last):
  File "/Users/hiralgandharva/Desktop/Hardik/OpsisTechnology/Nestora/backend/venv/lib/python3.14/site-packages/uvicorn/protocols/http/h11_impl.py", line 408, in run_asgi
    result = await app(  # type: ignore[func-returns-value]
             ^^^^^^^^^^^^^^^^^^^^^^^^^^^^^^^^^^^^^^^^^^^^^^
        self.scope, self.receive, self.send
        ^^^^^^^^^^^^^^^^^^^^^^^^^^^^^^^^^^^
    )
    ^
  File "/Users/hiralgandharva/Desktop/Hardik/OpsisTechnology/Nestora/backend/venv/lib/python3.14/site-packages/uvicorn/middleware/proxy_headers.py", line 84, in __call__
    return await self.app(scope, receive, send)
           ^^^^^^^^^^^^^^^^^^^^^^^^^^^^^^^^^^^^
  File "/Users/hiralgandharva/Desktop/Hardik/OpsisTechnology/Nestora/backend/venv/lib/python3.14/site-packages/fastapi/applications.py", line 1054, in __call__
    await super().__call__(scope, receive, send)
  File "/Users/hiralgandharva/Desktop/Hardik/OpsisTechnology/Nestora/backend/venv/lib/python3.14/site-packages/starlette/applications.py", line 123, in __call__
    await self.middleware_stack(scope, receive, send)
  File "/Users/hiralgandharva/Desktop/Hardik/OpsisTechnology/Nestora/backend/venv/lib/python3.14/site-packages/starlette/middleware/errors.py", line 186, in __call__
    raise exc
  File "/Users/hiralgandharva/Desktop/Hardik/OpsisTechnology/Nestora/backend/venv/lib/python3.14/site-packages/starlette/middleware/errors.py", line 164, in __call__
    await self.app(scope, receive, _send)
  File "/Users/hiralgandharva/Desktop/Hardik/OpsisTechnology/Nestora/backend/venv/lib/python3.14/site-packages/starlette/middleware/cors.py", line 93, in __call__
    await self.simple_response(scope, receive, send, request_headers=headers)
  File "/Users/hiralgandharva/Desktop/Hardik/OpsisTechnology/Nestora/backend/venv/lib/python3.14/site-packages/starlette/middleware/cors.py", line 148, in simple_response
    await self.app(scope, receive, send)
  File "/Users/hiralgandharva/Desktop/Hardik/OpsisTechnology/Nestora/backend/venv/lib/python3.14/site-packages/starlette/middleware/exceptions.py", line 65, in __call__
    await wrap_app_handling_exceptions(self.app, conn)(scope, receive, send)
  File "/Users/hiralgandharva/Desktop/Hardik/OpsisTechnology/Nestora/backend/venv/lib/python3.14/site-packages/starlette/_exception_handler.py", line 64, in wrapped_app
    raise exc
  File "/Users/hiralgandharva/Desktop/Hardik/OpsisTechnology/Nestora/backend/venv/lib/python3.14/site-packages/starlette/_exception_handler.py", line 53, in wrapped_app
    await app(scope, receive, sender)
  File "/Users/hiralgandharva/Desktop/Hardik/OpsisTechnology/Nestora/backend/venv/lib/python3.14/site-packages/starlette/routing.py", line 756, in __call__
    await self.middleware_stack(scope, receive, send)
  File "/Users/hiralgandharva/Desktop/Hardik/OpsisTechnology/Nestora/backend/venv/lib/python3.14/site-packages/starlette/routing.py", line 776, in app
    await route.handle(scope, receive, send)
  File "/Users/hiralgandharva/Desktop/Hardik/OpsisTechnology/Nestora/backend/venv/lib/python3.14/site-packages/starlette/routing.py", line 297, in handle
    await self.app(scope, receive, send)
  File "/Users/hiralgandharva/Desktop/Hardik/OpsisTechnology/Nestora/backend/venv/lib/python3.14/site-packages/starlette/routing.py", line 77, in app
    await wrap_app_handling_exceptions(app, request)(scope, receive, send)
  File "/Users/hiralgandharva/Desktop/Hardik/OpsisTechnology/Nestora/backend/venv/lib/python3.14/site-packages/starlette/_exception_handler.py", line 64, in wrapped_app
    raise exc
  File "/Users/hiralgandharva/Desktop/Hardik/OpsisTechnology/Nestora/backend/venv/lib/python3.14/site-packages/starlette/_exception_handler.py", line 53, in wrapped_app
    await app(scope, receive, sender)
  File "/Users/hiralgandharva/Desktop/Hardik/OpsisTechnology/Nestora/backend/venv/lib/python3.14/site-packages/starlette/routing.py", line 72, in app
    response = await func(request)
               ^^^^^^^^^^^^^^^^^^^
  File "/Users/hiralgandharva/Desktop/Hardik/OpsisTechnology/Nestora/backend/venv/lib/python3.14/site-packages/fastapi/routing.py", line 278, in app
    raw_response = await run_endpoint_function(
                   ^^^^^^^^^^^^^^^^^^^^^^^^^^^^
        dependant=dependant, values=values, is_coroutine=is_coroutine
        ^^^^^^^^^^^^^^^^^^^^^^^^^^^^^^^^^^^^^^^^^^^^^^^^^^^^^^^^^^^^^
    )
    ^
  File "/Users/hiralgandharva/Desktop/Hardik/OpsisTechnology/Nestora/backend/venv/lib/python3.14/site-packages/fastapi/routing.py", line 191, in run_endpoint_function
    return await dependant.call(**values)
           ^^^^^^^^^^^^^^^^^^^^^^^^^^^^^^
  File "/Users/hiralgandharva/Desktop/Hardik/OpsisTechnology/Nestora/backend/server.py", line 1133, in update_feature
    await db_execute(
    ...<2 lines>...
    )
  File "/Users/hiralgandharva/Desktop/Hardik/OpsisTechnology/Nestora/backend/server.py", line 91, in db_execute
    await cur.execute(sql, params)
  File "/Users/hiralgandharva/Desktop/Hardik/OpsisTechnology/Nestora/backend/venv/lib/python3.14/site-packages/aiomysql/cursors.py", line 239, in execute
    await self._query(query)
  File "/Users/hiralgandharva/Desktop/Hardik/OpsisTechnology/Nestora/backend/venv/lib/python3.14/site-packages/aiomysql/cursors.py", line 457, in _query
    await conn.query(q)
  File "/Users/hiralgandharva/Desktop/Hardik/OpsisTechnology/Nestora/backend/venv/lib/python3.14/site-packages/aiomysql/connection.py", line 469, in query
    await self._read_query_result(unbuffered=unbuffered)
  File "/Users/hiralgandharva/Desktop/Hardik/OpsisTechnology/Nestora/backend/venv/lib/python3.14/site-packages/aiomysql/connection.py", line 683, in _read_query_result
    await result.read()
  File "/Users/hiralgandharva/Desktop/Hardik/OpsisTechnology/Nestora/backend/venv/lib/python3.14/site-packages/aiomysql/connection.py", line 1164, in read
    first_packet = await self.connection._read_packet()
                   ^^^^^^^^^^^^^^^^^^^^^^^^^^^^^^^^^^^^
  File "/Users/hiralgandharva/Desktop/Hardik/OpsisTechnology/Nestora/backend/venv/lib/python3.14/site-packages/aiomysql/connection.py", line 652, in _read_packet
    packet.raise_for_error()
    ~~~~~~~~~~~~~~~~~~~~~~^^
  File "/Users/hiralgandharva/Desktop/Hardik/OpsisTechnology/Nestora/backend/venv/lib/python3.14/site-packages/pymysql/protocol.py", line 219, in raise_for_error
    err.raise_mysql_exception(self._data)
    ~~~~~~~~~~~~~~~~~~~~~~~~~^^^^^^^^^^^^
  File "/Users/hiralgandharva/Desktop/Hardik/OpsisTechnology/Nestora/backend/venv/lib/python3.14/site-packages/pymysql/err.py", line 154, in raise_mysql_exception
    raise errorclass(errno, errval, sqlstate=sqlstate)
pymysql.err.OperationalError: (1054, "Unknown column 'is_active' in 'field list'")
INFO:     127.0.0.1:57134 - "PUT /api/admin/features/6f99d935-408c-4276-917b-fb184e0f480c HTTP/1.1" 200 OK
INFO:     127.0.0.1:57134 - "GET /api/admin/features HTTP/1.1" 200 OK
INFO:     127.0.0.1:57134 - "OPTIONS /api/admin/features/f3e58f72-d74e-47fa-934e-695517b61fa1 HTTP/1.1" 200 OK
INFO:     127.0.0.1:57134 - "PUT /api/admin/features/f3e58f72-d74e-47fa-934e-695517b61fa1 HTTP/1.1" 200 OK
INFO:     127.0.0.1:57134 - "GET /api/admin/features HTTP/1.1" 200 OK
INFO:     127.0.0.1:57134 - "OPTIONS /api/admin/features/1e33297c-2025-4bf3-afc1-99b2b416e419 HTTP/1.1" 200 OK
INFO:     127.0.0.1:57136 - "PUT /api/admin/features/1e33297c-2025-4bf3-afc1-99b2b416e419 HTTP/1.1" 200 OK
INFO:     127.0.0.1:57136 - "GET /api/admin/features HTTP/1.1" 200 OK
WARNING:  StatReload detected changes in 'server.py'. Reloading...
INFO:     Shutting down
INFO:     Waiting for application shutdown.
INFO:     Application shutdown complete.
INFO:     Finished server process [9239]
INFO:     Started server process [9315]
INFO:     Waiting for application startup.
/Users/hiralgandharva/Desktop/Hardik/OpsisTechnology/Nestora/backend/venv/lib/python3.14/site-packages/aiomysql/cursors.py:458: Warning: Table 'user_codes' already exists
  await self._do_get_result()
/Users/hiralgandharva/Desktop/Hardik/OpsisTechnology/Nestora/backend/venv/lib/python3.14/site-packages/aiomysql/cursors.py:458: Warning: Table 'user_details' already exists
  await self._do_get_result()
/Users/hiralgandharva/Desktop/Hardik/OpsisTechnology/Nestora/backend/venv/lib/python3.14/site-packages/aiomysql/cursors.py:458: Warning: Table 'entity_types' already exists
  await self._do_get_result()
/Users/hiralgandharva/Desktop/Hardik/OpsisTechnology/Nestora/backend/venv/lib/python3.14/site-packages/aiomysql/cursors.py:458: Warning: Table 'entities' already exists
  await self._do_get_result()
/Users/hiralgandharva/Desktop/Hardik/OpsisTechnology/Nestora/backend/venv/lib/python3.14/site-packages/aiomysql/cursors.py:458: Warning: Table 'roles' already exists
  await self._do_get_result()
/Users/hiralgandharva/Desktop/Hardik/OpsisTechnology/Nestora/backend/venv/lib/python3.14/site-packages/aiomysql/cursors.py:458: Warning: Table 'accounts' already exists
  await self._do_get_result()
/Users/hiralgandharva/Desktop/Hardik/OpsisTechnology/Nestora/backend/venv/lib/python3.14/site-packages/aiomysql/cursors.py:458: Warning: Table 'features' already exists
  await self._do_get_result()
/Users/hiralgandharva/Desktop/Hardik/OpsisTechnology/Nestora/backend/venv/lib/python3.14/site-packages/aiomysql/cursors.py:458: Warning: Integer display width is deprecated and will be removed in a future release.
  await self._do_get_result()
/Users/hiralgandharva/Desktop/Hardik/OpsisTechnology/Nestora/backend/venv/lib/python3.14/site-packages/aiomysql/cursors.py:458: Warning: Table 'role_feature_permissions' already exists
  await self._do_get_result()
/Users/hiralgandharva/Desktop/Hardik/OpsisTechnology/Nestora/backend/venv/lib/python3.14/site-packages/aiomysql/cursors.py:458: Warning: Table 'associations' already exists
  await self._do_get_result()
/Users/hiralgandharva/Desktop/Hardik/OpsisTechnology/Nestora/backend/venv/lib/python3.14/site-packages/aiomysql/cursors.py:458: Warning: Table 'admin_associations' already exists
  await self._do_get_result()
/Users/hiralgandharva/Desktop/Hardik/OpsisTechnology/Nestora/backend/venv/lib/python3.14/site-packages/aiomysql/cursors.py:458: Warning: Table 'code_requests' already exists
  await self._do_get_result()
/Users/hiralgandharva/Desktop/Hardik/OpsisTechnology/Nestora/backend/venv/lib/python3.14/site-packages/aiomysql/cursors.py:458: Warning: Table 'update_requests' already exists
  await self._do_get_result()
/Users/hiralgandharva/Desktop/Hardik/OpsisTechnology/Nestora/backend/venv/lib/python3.14/site-packages/aiomysql/cursors.py:458: Warning: Table 'email_log' already exists
  await self._do_get_result()
/Users/hiralgandharva/Desktop/Hardik/OpsisTechnology/Nestora/backend/venv/lib/python3.14/site-packages/aiomysql/cursors.py:458: Warning: Table 'announcements' already exists
  await self._do_get_result()
/Users/hiralgandharva/Desktop/Hardik/OpsisTechnology/Nestora/backend/venv/lib/python3.14/site-packages/aiomysql/cursors.py:458: Warning: Table 'events' already exists
  await self._do_get_result()
/Users/hiralgandharva/Desktop/Hardik/OpsisTechnology/Nestora/backend/venv/lib/python3.14/site-packages/aiomysql/cursors.py:458: Warning: Table 'event_rsvps' already exists
  await self._do_get_result()
/Users/hiralgandharva/Desktop/Hardik/OpsisTechnology/Nestora/backend/venv/lib/python3.14/site-packages/aiomysql/cursors.py:458: Warning: Field 'id' doesn't have a default value
  await self._do_get_result()
/Users/hiralgandharva/Desktop/Hardik/OpsisTechnology/Nestora/backend/venv/lib/python3.14/site-packages/aiomysql/cursors.py:458: Warning: Duplicate entry '' for key 'entity_types.PRIMARY'
  await self._do_get_result()
/Users/hiralgandharva/Desktop/Hardik/OpsisTechnology/Nestora/backend/venv/lib/python3.14/site-packages/aiomysql/cursors.py:458: Warning: Duplicate entry '' for key 'entities.PRIMARY'
  await self._do_get_result()
2026-07-22 17:32:01,110 - nestora - INFO - Nestora API started (MySQL connected).
INFO:     Application startup complete.
INFO:     127.0.0.1:57141 - "PUT /api/admin/features/6f99d935-408c-4276-917b-fb184e0f480c HTTP/1.1" 200 OK
INFO:     127.0.0.1:57141 - "GET /api/admin/features HTTP/1.1" 200 OK
INFO:     127.0.0.1:57141 - "PUT /api/admin/features/6f99d935-408c-4276-917b-fb184e0f480c HTTP/1.1" 200 OK
INFO:     127.0.0.1:57141 - "GET /api/admin/features HTTP/1.1" 200 OK
INFO:     127.0.0.1:57141 - "PUT /api/admin/features/f3e58f72-d74e-47fa-934e-695517b61fa1 HTTP/1.1" 200 OK
INFO:     127.0.0.1:57141 - "GET /api/admin/features HTTP/1.1" 200 OK
INFO:     127.0.0.1:57141 - "PUT /api/admin/features/1e33297c-2025-4bf3-afc1-99b2b416e419 HTTP/1.1" 200 OK
INFO:     127.0.0.1:57141 - "GET /api/admin/features HTTP/1.1" 200 OK
INFO:     127.0.0.1:57141 - "PUT /api/admin/features/f3e58f72-d74e-47fa-934e-695517b61fa1 HTTP/1.1" 200 OK
INFO:     127.0.0.1:57141 - "GET /api/admin/features HTTP/1.1" 200 OK
INFO:     127.0.0.1:57141 - "PUT /api/admin/features/1e33297c-2025-4bf3-afc1-99b2b416e419 HTTP/1.1" 200 OK
INFO:     127.0.0.1:57141 - "GET /api/admin/features HTTP/1.1" 200 OK
INFO:     127.0.0.1:57141 - "PUT /api/admin/features/f3e58f72-d74e-47fa-934e-695517b61fa1 HTTP/1.1" 200 OK
INFO:     127.0.0.1:57141 - "GET /api/admin/features HTTP/1.1" 200 OK
INFO:     127.0.0.1:57141 - "PUT /api/admin/features/f3e58f72-d74e-47fa-934e-695517b61fa1 HTTP/1.1" 200 OK
INFO:     127.0.0.1:57141 - "GET /api/admin/features HTTP/1.1" 200 OK
INFO:     127.0.0.1:57141 - "PUT /api/admin/features/f3e58f72-d74e-47fa-934e-695517b61fa1 HTTP/1.1" 200 OK
INFO:     127.0.0.1:57141 - "GET /api/admin/features HTTP/1.1" 200 OK
INFO:     127.0.0.1:57148 - "PUT /api/admin/features/f3e58f72-d74e-47fa-934e-695517b61fa1 HTTP/1.1" 200 OK
INFO:     127.0.0.1:57148 - "GET /api/admin/features HTTP/1.1" 200 OK
INFO:     127.0.0.1:57148 - "PUT /api/admin/features/6f99d935-408c-4276-917b-fb184e0f480c HTTP/1.1" 200 OK
INFO:     127.0.0.1:57148 - "GET /api/admin/features HTTP/1.1" 200 OK
INFO:     127.0.0.1:57148 - "OPTIONS /api/admin/features/74895c78-5c4f-4914-8ce9-a27febb6fb70 HTTP/1.1" 200 OK
INFO:     127.0.0.1:57148 - "PUT /api/admin/features/74895c78-5c4f-4914-8ce9-a27febb6fb70 HTTP/1.1" 200 OK
INFO:     127.0.0.1:57148 - "GET /api/admin/features HTTP/1.1" 200 OK
INFO:     127.0.0.1:57148 - "PUT /api/admin/features/74895c78-5c4f-4914-8ce9-a27febb6fb70 HTTP/1.1" 200 OK
INFO:     127.0.0.1:57148 - "GET /api/admin/features HTTP/1.1" 200 OK
INFO:     127.0.0.1:57148 - "PUT /api/admin/features/6f99d935-408c-4276-917b-fb184e0f480c HTTP/1.1" 200 OK
INFO:     127.0.0.1:57148 - "GET /api/admin/features HTTP/1.1" 200 OK
INFO:     127.0.0.1:57148 - "PUT /api/admin/features/f3e58f72-d74e-47fa-934e-695517b61fa1 HTTP/1.1" 200 OK
INFO:     127.0.0.1:57148 - "GET /api/admin/features HTTP/1.1" 200 OK
INFO:     127.0.0.1:57148 - "PUT /api/admin/features/1e33297c-2025-4bf3-afc1-99b2b416e419 HTTP/1.1" 200 OK
INFO:     127.0.0.1:57148 - "GET /api/admin/features HTTP/1.1" 200 OK
INFO:     127.0.0.1:57168 - "OPTIONS /api/admin/features/62d186cf-a4cc-4ee9-87c6-72db28d333d5 HTTP/1.1" 200 OK
INFO:     127.0.0.1:57168 - "PUT /api/admin/features/62d186cf-a4cc-4ee9-87c6-72db28d333d5 HTTP/1.1" 200 OK
INFO:     127.0.0.1:57168 - "GET /api/admin/features HTTP/1.1" 200 OK
INFO:     127.0.0.1:57168 - "PUT /api/admin/features/62d186cf-a4cc-4ee9-87c6-72db28d333d5 HTTP/1.1" 200 OK
INFO:     127.0.0.1:57168 - "GET /api/admin/features HTTP/1.1" 200 OK
INFO:     127.0.0.1:57168 - "PUT /api/admin/features/62d186cf-a4cc-4ee9-87c6-72db28d333d5 HTTP/1.1" 200 OK
INFO:     127.0.0.1:57168 - "GET /api/admin/features HTTP/1.1" 200 OK
INFO:     127.0.0.1:57168 - "PUT /api/admin/features/62d186cf-a4cc-4ee9-87c6-72db28d333d5 HTTP/1.1" 200 OK
INFO:     127.0.0.1:57168 - "GET /api/admin/features HTTP/1.1" 200 OK
INFO:     127.0.0.1:57170 - "OPTIONS /api/admin/employees HTTP/1.1" 200 OK
INFO:     127.0.0.1:57170 - "GET /api/admin/employees HTTP/1.1" 500 Internal Server Error
ERROR:    Exception in ASGI application
Traceback (most recent call last):
  File "/Users/hiralgandharva/Desktop/Hardik/OpsisTechnology/Nestora/backend/venv/lib/python3.14/site-packages/uvicorn/protocols/http/h11_impl.py", line 408, in run_asgi
    result = await app(  # type: ignore[func-returns-value]
             ^^^^^^^^^^^^^^^^^^^^^^^^^^^^^^^^^^^^^^^^^^^^^^
        self.scope, self.receive, self.send
        ^^^^^^^^^^^^^^^^^^^^^^^^^^^^^^^^^^^
    )
    ^
  File "/Users/hiralgandharva/Desktop/Hardik/OpsisTechnology/Nestora/backend/venv/lib/python3.14/site-packages/uvicorn/middleware/proxy_headers.py", line 84, in __call__
    return await self.app(scope, receive, send)
           ^^^^^^^^^^^^^^^^^^^^^^^^^^^^^^^^^^^^
  File "/Users/hiralgandharva/Desktop/Hardik/OpsisTechnology/Nestora/backend/venv/lib/python3.14/site-packages/fastapi/applications.py", line 1054, in __call__
    await super().__call__(scope, receive, send)
  File "/Users/hiralgandharva/Desktop/Hardik/OpsisTechnology/Nestora/backend/venv/lib/python3.14/site-packages/starlette/applications.py", line 123, in __call__
    await self.middleware_stack(scope, receive, send)
  File "/Users/hiralgandharva/Desktop/Hardik/OpsisTechnology/Nestora/backend/venv/lib/python3.14/site-packages/starlette/middleware/errors.py", line 186, in __call__
    raise exc
  File "/Users/hiralgandharva/Desktop/Hardik/OpsisTechnology/Nestora/backend/venv/lib/python3.14/site-packages/starlette/middleware/errors.py", line 164, in __call__
    await self.app(scope, receive, _send)
  File "/Users/hiralgandharva/Desktop/Hardik/OpsisTechnology/Nestora/backend/venv/lib/python3.14/site-packages/starlette/middleware/cors.py", line 93, in __call__
    await self.simple_response(scope, receive, send, request_headers=headers)
  File "/Users/hiralgandharva/Desktop/Hardik/OpsisTechnology/Nestora/backend/venv/lib/python3.14/site-packages/starlette/middleware/cors.py", line 148, in simple_response
    await self.app(scope, receive, send)
  File "/Users/hiralgandharva/Desktop/Hardik/OpsisTechnology/Nestora/backend/venv/lib/python3.14/site-packages/starlette/middleware/exceptions.py", line 65, in __call__
    await wrap_app_handling_exceptions(self.app, conn)(scope, receive, send)
  File "/Users/hiralgandharva/Desktop/Hardik/OpsisTechnology/Nestora/backend/venv/lib/python3.14/site-packages/starlette/_exception_handler.py", line 64, in wrapped_app
    raise exc
  File "/Users/hiralgandharva/Desktop/Hardik/OpsisTechnology/Nestora/backend/venv/lib/python3.14/site-packages/starlette/_exception_handler.py", line 53, in wrapped_app
    await app(scope, receive, sender)
  File "/Users/hiralgandharva/Desktop/Hardik/OpsisTechnology/Nestora/backend/venv/lib/python3.14/site-packages/starlette/routing.py", line 756, in __call__
    await self.middleware_stack(scope, receive, send)
  File "/Users/hiralgandharva/Desktop/Hardik/OpsisTechnology/Nestora/backend/venv/lib/python3.14/site-packages/starlette/routing.py", line 776, in app
    await route.handle(scope, receive, send)
  File "/Users/hiralgandharva/Desktop/Hardik/OpsisTechnology/Nestora/backend/venv/lib/python3.14/site-packages/starlette/routing.py", line 297, in handle
    await self.app(scope, receive, send)
  File "/Users/hiralgandharva/Desktop/Hardik/OpsisTechnology/Nestora/backend/venv/lib/python3.14/site-packages/starlette/routing.py", line 77, in app
    await wrap_app_handling_exceptions(app, request)(scope, receive, send)
  File "/Users/hiralgandharva/Desktop/Hardik/OpsisTechnology/Nestora/backend/venv/lib/python3.14/site-packages/starlette/_exception_handler.py", line 64, in wrapped_app
    raise exc
  File "/Users/hiralgandharva/Desktop/Hardik/OpsisTechnology/Nestora/backend/venv/lib/python3.14/site-packages/starlette/_exception_handler.py", line 53, in wrapped_app
    await app(scope, receive, sender)
  File "/Users/hiralgandharva/Desktop/Hardik/OpsisTechnology/Nestora/backend/venv/lib/python3.14/site-packages/starlette/routing.py", line 72, in app
    response = await func(request)
               ^^^^^^^^^^^^^^^^^^^
  File "/Users/hiralgandharva/Desktop/Hardik/OpsisTechnology/Nestora/backend/venv/lib/python3.14/site-packages/fastapi/routing.py", line 278, in app
    raw_response = await run_endpoint_function(
                   ^^^^^^^^^^^^^^^^^^^^^^^^^^^^
        dependant=dependant, values=values, is_coroutine=is_coroutine
        ^^^^^^^^^^^^^^^^^^^^^^^^^^^^^^^^^^^^^^^^^^^^^^^^^^^^^^^^^^^^^
    )
    ^
  File "/Users/hiralgandharva/Desktop/Hardik/OpsisTechnology/Nestora/backend/venv/lib/python3.14/site-packages/fastapi/routing.py", line 191, in run_endpoint_function
    return await dependant.call(**values)
           ^^^^^^^^^^^^^^^^^^^^^^^^^^^^^^
  File "/Users/hiralgandharva/Desktop/Hardik/OpsisTechnology/Nestora/backend/server.py", line 1064, in list_employees
    rows = await db_fetchall(
           ^^^^^^^^^^^^^^^^^^
    ...<7 lines>...
    )
    ^
  File "/Users/hiralgandharva/Desktop/Hardik/OpsisTechnology/Nestora/backend/server.py", line 107, in db_fetchall
    await cur.execute(sql, params)
  File "/Users/hiralgandharva/Desktop/Hardik/OpsisTechnology/Nestora/backend/venv/lib/python3.14/site-packages/aiomysql/cursors.py", line 239, in execute
    await self._query(query)
  File "/Users/hiralgandharva/Desktop/Hardik/OpsisTechnology/Nestora/backend/venv/lib/python3.14/site-packages/aiomysql/cursors.py", line 457, in _query
    await conn.query(q)
  File "/Users/hiralgandharva/Desktop/Hardik/OpsisTechnology/Nestora/backend/venv/lib/python3.14/site-packages/aiomysql/connection.py", line 469, in query
    await self._read_query_result(unbuffered=unbuffered)
  File "/Users/hiralgandharva/Desktop/Hardik/OpsisTechnology/Nestora/backend/venv/lib/python3.14/site-packages/aiomysql/connection.py", line 683, in _read_query_result
    await result.read()
  File "/Users/hiralgandharva/Desktop/Hardik/OpsisTechnology/Nestora/backend/venv/lib/python3.14/site-packages/aiomysql/connection.py", line 1164, in read
    first_packet = await self.connection._read_packet()
                   ^^^^^^^^^^^^^^^^^^^^^^^^^^^^^^^^^^^^
  File "/Users/hiralgandharva/Desktop/Hardik/OpsisTechnology/Nestora/backend/venv/lib/python3.14/site-packages/aiomysql/connection.py", line 652, in _read_packet
    packet.raise_for_error()
    ~~~~~~~~~~~~~~~~~~~~~~^^
  File "/Users/hiralgandharva/Desktop/Hardik/OpsisTechnology/Nestora/backend/venv/lib/python3.14/site-packages/pymysql/protocol.py", line 219, in raise_for_error
    err.raise_mysql_exception(self._data)
    ~~~~~~~~~~~~~~~~~~~~~~~~~^^^^^^^^^^^^
  File "/Users/hiralgandharva/Desktop/Hardik/OpsisTechnology/Nestora/backend/venv/lib/python3.14/site-packages/pymysql/err.py", line 154, in raise_mysql_exception
    raise errorclass(errno, errval, sqlstate=sqlstate)
pymysql.err.OperationalError: (1054, "Unknown column 'a.raw_password' in 'field list'")
INFO:     127.0.0.1:57176 - "GET /api/admin/roles HTTP/1.1" 200 OK
INFO:     127.0.0.1:57176 - "GET /api/admin/features HTTP/1.1" 200 OK
INFO:     127.0.0.1:57181 - "GET /api/admin/roles HTTP/1.1" 200 OK
INFO:     127.0.0.1:57181 - "GET /api/admin/entities HTTP/1.1" 200 OK
INFO:     127.0.0.1:57181 - "GET /api/admin/features HTTP/1.1" 200 OK
INFO:     127.0.0.1:57184 - "GET /api/admin/roles HTTP/1.1" 200 OK
INFO:     127.0.0.1:57184 - "GET /api/admin/entities HTTP/1.1" 200 OK
INFO:     127.0.0.1:57184 - "GET /api/admin/features HTTP/1.1" 200 OK
INFO:     127.0.0.1:57190 - "GET /api/admin/roles HTTP/1.1" 200 OK
INFO:     127.0.0.1:57190 - "GET /api/admin/features HTTP/1.1" 200 OK
INFO:     127.0.0.1:57218 - "GET /api/admin/roles HTTP/1.1" 200 OK
INFO:     127.0.0.1:57218 - "GET /api/admin/entities HTTP/1.1" 200 OK
INFO:     127.0.0.1:57221 - "OPTIONS /api/admin/roles/20d4e94f-0f92-4b07-adf5-8e94f58bbc89 HTTP/1.1" 200 OK
INFO:     127.0.0.1:57221 - "PUT /api/admin/roles/20d4e94f-0f92-4b07-adf5-8e94f58bbc89 HTTP/1.1" 500 Internal Server Error
ERROR:    Exception in ASGI application
Traceback (most recent call last):
  File "/Users/hiralgandharva/Desktop/Hardik/OpsisTechnology/Nestora/backend/venv/lib/python3.14/site-packages/uvicorn/protocols/http/h11_impl.py", line 408, in run_asgi
    result = await app(  # type: ignore[func-returns-value]
             ^^^^^^^^^^^^^^^^^^^^^^^^^^^^^^^^^^^^^^^^^^^^^^
        self.scope, self.receive, self.send
        ^^^^^^^^^^^^^^^^^^^^^^^^^^^^^^^^^^^
    )
    ^
  File "/Users/hiralgandharva/Desktop/Hardik/OpsisTechnology/Nestora/backend/venv/lib/python3.14/site-packages/uvicorn/middleware/proxy_headers.py", line 84, in __call__
    return await self.app(scope, receive, send)
           ^^^^^^^^^^^^^^^^^^^^^^^^^^^^^^^^^^^^
  File "/Users/hiralgandharva/Desktop/Hardik/OpsisTechnology/Nestora/backend/venv/lib/python3.14/site-packages/fastapi/applications.py", line 1054, in __call__
    await super().__call__(scope, receive, send)
  File "/Users/hiralgandharva/Desktop/Hardik/OpsisTechnology/Nestora/backend/venv/lib/python3.14/site-packages/starlette/applications.py", line 123, in __call__
    await self.middleware_stack(scope, receive, send)
  File "/Users/hiralgandharva/Desktop/Hardik/OpsisTechnology/Nestora/backend/venv/lib/python3.14/site-packages/starlette/middleware/errors.py", line 186, in __call__
    raise exc
  File "/Users/hiralgandharva/Desktop/Hardik/OpsisTechnology/Nestora/backend/venv/lib/python3.14/site-packages/starlette/middleware/errors.py", line 164, in __call__
    await self.app(scope, receive, _send)
  File "/Users/hiralgandharva/Desktop/Hardik/OpsisTechnology/Nestora/backend/venv/lib/python3.14/site-packages/starlette/middleware/cors.py", line 93, in __call__
    await self.simple_response(scope, receive, send, request_headers=headers)
  File "/Users/hiralgandharva/Desktop/Hardik/OpsisTechnology/Nestora/backend/venv/lib/python3.14/site-packages/starlette/middleware/cors.py", line 148, in simple_response
    await self.app(scope, receive, send)
  File "/Users/hiralgandharva/Desktop/Hardik/OpsisTechnology/Nestora/backend/venv/lib/python3.14/site-packages/starlette/middleware/exceptions.py", line 65, in __call__
    await wrap_app_handling_exceptions(self.app, conn)(scope, receive, send)
  File "/Users/hiralgandharva/Desktop/Hardik/OpsisTechnology/Nestora/backend/venv/lib/python3.14/site-packages/starlette/_exception_handler.py", line 64, in wrapped_app
    raise exc
  File "/Users/hiralgandharva/Desktop/Hardik/OpsisTechnology/Nestora/backend/venv/lib/python3.14/site-packages/starlette/_exception_handler.py", line 53, in wrapped_app
    await app(scope, receive, sender)
  File "/Users/hiralgandharva/Desktop/Hardik/OpsisTechnology/Nestora/backend/venv/lib/python3.14/site-packages/starlette/routing.py", line 756, in __call__
    await self.middleware_stack(scope, receive, send)
  File "/Users/hiralgandharva/Desktop/Hardik/OpsisTechnology/Nestora/backend/venv/lib/python3.14/site-packages/starlette/routing.py", line 776, in app
    await route.handle(scope, receive, send)
  File "/Users/hiralgandharva/Desktop/Hardik/OpsisTechnology/Nestora/backend/venv/lib/python3.14/site-packages/starlette/routing.py", line 297, in handle
    await self.app(scope, receive, send)
  File "/Users/hiralgandharva/Desktop/Hardik/OpsisTechnology/Nestora/backend/venv/lib/python3.14/site-packages/starlette/routing.py", line 77, in app
    await wrap_app_handling_exceptions(app, request)(scope, receive, send)
  File "/Users/hiralgandharva/Desktop/Hardik/OpsisTechnology/Nestora/backend/venv/lib/python3.14/site-packages/starlette/_exception_handler.py", line 64, in wrapped_app
    raise exc
  File "/Users/hiralgandharva/Desktop/Hardik/OpsisTechnology/Nestora/backend/venv/lib/python3.14/site-packages/starlette/_exception_handler.py", line 53, in wrapped_app
    await app(scope, receive, sender)
  File "/Users/hiralgandharva/Desktop/Hardik/OpsisTechnology/Nestora/backend/venv/lib/python3.14/site-packages/starlette/routing.py", line 72, in app
    response = await func(request)
               ^^^^^^^^^^^^^^^^^^^
  File "/Users/hiralgandharva/Desktop/Hardik/OpsisTechnology/Nestora/backend/venv/lib/python3.14/site-packages/fastapi/routing.py", line 278, in app
    raw_response = await run_endpoint_function(
                   ^^^^^^^^^^^^^^^^^^^^^^^^^^^^
        dependant=dependant, values=values, is_coroutine=is_coroutine
        ^^^^^^^^^^^^^^^^^^^^^^^^^^^^^^^^^^^^^^^^^^^^^^^^^^^^^^^^^^^^^
    )
    ^
  File "/Users/hiralgandharva/Desktop/Hardik/OpsisTechnology/Nestora/backend/venv/lib/python3.14/site-packages/fastapi/routing.py", line 191, in run_endpoint_function
    return await dependant.call(**values)
           ^^^^^^^^^^^^^^^^^^^^^^^^^^^^^^
  File "/Users/hiralgandharva/Desktop/Hardik/OpsisTechnology/Nestora/backend/server.py", line 988, in update_role
    await db_execute("UPDATE roles SET entity_id=%s, name=%s, description=%s, is_active=%s WHERE id=%s",
                     (payload.entity_id, payload.name, payload.description, payload.is_active, item_id))
  File "/Users/hiralgandharva/Desktop/Hardik/OpsisTechnology/Nestora/backend/server.py", line 91, in db_execute
    await cur.execute(sql, params)
  File "/Users/hiralgandharva/Desktop/Hardik/OpsisTechnology/Nestora/backend/venv/lib/python3.14/site-packages/aiomysql/cursors.py", line 239, in execute
    await self._query(query)
  File "/Users/hiralgandharva/Desktop/Hardik/OpsisTechnology/Nestora/backend/venv/lib/python3.14/site-packages/aiomysql/cursors.py", line 457, in _query
    await conn.query(q)
  File "/Users/hiralgandharva/Desktop/Hardik/OpsisTechnology/Nestora/backend/venv/lib/python3.14/site-packages/aiomysql/connection.py", line 469, in query
    await self._read_query_result(unbuffered=unbuffered)
  File "/Users/hiralgandharva/Desktop/Hardik/OpsisTechnology/Nestora/backend/venv/lib/python3.14/site-packages/aiomysql/connection.py", line 683, in _read_query_result
    await result.read()
  File "/Users/hiralgandharva/Desktop/Hardik/OpsisTechnology/Nestora/backend/venv/lib/python3.14/site-packages/aiomysql/connection.py", line 1164, in read
    first_packet = await self.connection._read_packet()
                   ^^^^^^^^^^^^^^^^^^^^^^^^^^^^^^^^^^^^
  File "/Users/hiralgandharva/Desktop/Hardik/OpsisTechnology/Nestora/backend/venv/lib/python3.14/site-packages/aiomysql/connection.py", line 652, in _read_packet
    packet.raise_for_error()
    ~~~~~~~~~~~~~~~~~~~~~~^^
  File "/Users/hiralgandharva/Desktop/Hardik/OpsisTechnology/Nestora/backend/venv/lib/python3.14/site-packages/pymysql/protocol.py", line 219, in raise_for_error
    err.raise_mysql_exception(self._data)
    ~~~~~~~~~~~~~~~~~~~~~~~~~^^^^^^^^^^^^
  File "/Users/hiralgandharva/Desktop/Hardik/OpsisTechnology/Nestora/backend/venv/lib/python3.14/site-packages/pymysql/err.py", line 154, in raise_mysql_exception
    raise errorclass(errno, errval, sqlstate=sqlstate)
pymysql.err.OperationalError: (1054, "Unknown column 'is_active' in 'field list'")
WARNING:  StatReload detected changes in 'server.py'. Reloading...
INFO:     Shutting down
INFO:     Waiting for application shutdown.
INFO:     Application shutdown complete.
INFO:     Finished server process [9315]
INFO:     Started server process [9439]
INFO:     Waiting for application startup.
/Users/hiralgandharva/Desktop/Hardik/OpsisTechnology/Nestora/backend/venv/lib/python3.14/site-packages/aiomysql/cursors.py:458: Warning: Table 'user_codes' already exists
  await self._do_get_result()
/Users/hiralgandharva/Desktop/Hardik/OpsisTechnology/Nestora/backend/venv/lib/python3.14/site-packages/aiomysql/cursors.py:458: Warning: Table 'user_details' already exists
  await self._do_get_result()
/Users/hiralgandharva/Desktop/Hardik/OpsisTechnology/Nestora/backend/venv/lib/python3.14/site-packages/aiomysql/cursors.py:458: Warning: Table 'entity_types' already exists
  await self._do_get_result()
/Users/hiralgandharva/Desktop/Hardik/OpsisTechnology/Nestora/backend/venv/lib/python3.14/site-packages/aiomysql/cursors.py:458: Warning: Table 'entities' already exists
  await self._do_get_result()
/Users/hiralgandharva/Desktop/Hardik/OpsisTechnology/Nestora/backend/venv/lib/python3.14/site-packages/aiomysql/cursors.py:458: Warning: Table 'roles' already exists
  await self._do_get_result()
/Users/hiralgandharva/Desktop/Hardik/OpsisTechnology/Nestora/backend/venv/lib/python3.14/site-packages/aiomysql/cursors.py:458: Warning: Table 'accounts' already exists
  await self._do_get_result()
/Users/hiralgandharva/Desktop/Hardik/OpsisTechnology/Nestora/backend/venv/lib/python3.14/site-packages/aiomysql/cursors.py:458: Warning: Table 'features' already exists
  await self._do_get_result()
/Users/hiralgandharva/Desktop/Hardik/OpsisTechnology/Nestora/backend/venv/lib/python3.14/site-packages/aiomysql/cursors.py:458: Warning: Integer display width is deprecated and will be removed in a future release.
  await self._do_get_result()
/Users/hiralgandharva/Desktop/Hardik/OpsisTechnology/Nestora/backend/venv/lib/python3.14/site-packages/aiomysql/cursors.py:458: Warning: Table 'role_feature_permissions' already exists
  await self._do_get_result()
/Users/hiralgandharva/Desktop/Hardik/OpsisTechnology/Nestora/backend/venv/lib/python3.14/site-packages/aiomysql/cursors.py:458: Warning: Table 'associations' already exists
  await self._do_get_result()
/Users/hiralgandharva/Desktop/Hardik/OpsisTechnology/Nestora/backend/venv/lib/python3.14/site-packages/aiomysql/cursors.py:458: Warning: Table 'admin_associations' already exists
  await self._do_get_result()
/Users/hiralgandharva/Desktop/Hardik/OpsisTechnology/Nestora/backend/venv/lib/python3.14/site-packages/aiomysql/cursors.py:458: Warning: Table 'code_requests' already exists
  await self._do_get_result()
/Users/hiralgandharva/Desktop/Hardik/OpsisTechnology/Nestora/backend/venv/lib/python3.14/site-packages/aiomysql/cursors.py:458: Warning: Table 'update_requests' already exists
  await self._do_get_result()
/Users/hiralgandharva/Desktop/Hardik/OpsisTechnology/Nestora/backend/venv/lib/python3.14/site-packages/aiomysql/cursors.py:458: Warning: Table 'email_log' already exists
  await self._do_get_result()
/Users/hiralgandharva/Desktop/Hardik/OpsisTechnology/Nestora/backend/venv/lib/python3.14/site-packages/aiomysql/cursors.py:458: Warning: Table 'announcements' already exists
  await self._do_get_result()
/Users/hiralgandharva/Desktop/Hardik/OpsisTechnology/Nestora/backend/venv/lib/python3.14/site-packages/aiomysql/cursors.py:458: Warning: Table 'events' already exists
  await self._do_get_result()
/Users/hiralgandharva/Desktop/Hardik/OpsisTechnology/Nestora/backend/venv/lib/python3.14/site-packages/aiomysql/cursors.py:458: Warning: Table 'event_rsvps' already exists
  await self._do_get_result()
/Users/hiralgandharva/Desktop/Hardik/OpsisTechnology/Nestora/backend/venv/lib/python3.14/site-packages/aiomysql/cursors.py:458: Warning: Field 'id' doesn't have a default value
  await self._do_get_result()
/Users/hiralgandharva/Desktop/Hardik/OpsisTechnology/Nestora/backend/venv/lib/python3.14/site-packages/aiomysql/cursors.py:458: Warning: Duplicate entry '' for key 'entity_types.PRIMARY'
  await self._do_get_result()
/Users/hiralgandharva/Desktop/Hardik/OpsisTechnology/Nestora/backend/venv/lib/python3.14/site-packages/aiomysql/cursors.py:458: Warning: Duplicate entry '' for key 'entities.PRIMARY'
  await self._do_get_result()
2026-07-22 17:36:30,230 - nestora - INFO - Nestora API started (MySQL connected).
INFO:     Application startup complete.
INFO:     127.0.0.1:57289 - "GET /api/admin/entities HTTP/1.1" 200 OK
INFO:     127.0.0.1:57289 - "OPTIONS /api/admin/entity-types HTTP/1.1" 200 OK
INFO:     127.0.0.1:57289 - "GET /api/admin/entity-types HTTP/1.1" 200 OK
INFO:     127.0.0.1:57289 - "OPTIONS /api/admin/roles HTTP/1.1" 200 OK
INFO:     127.0.0.1:57291 - "GET /api/admin/roles HTTP/1.1" 200 OK
INFO:     127.0.0.1:57291 - "GET /api/admin/entities HTTP/1.1" 200 OK
INFO:     127.0.0.1:57291 - "OPTIONS /api/admin/features HTTP/1.1" 200 OK
INFO:     127.0.0.1:57289 - "GET /api/admin/features HTTP/1.1" 200 OK
INFO:     127.0.0.1:57289 - "GET /api/admin/roles HTTP/1.1" 200 OK
INFO:     127.0.0.1:57289 - "GET /api/admin/entities HTTP/1.1" 200 OK
INFO:     127.0.0.1:57289 - "GET /api/admin/features HTTP/1.1" 200 OK
INFO:     127.0.0.1:57302 - "GET /api/admin/roles HTTP/1.1" 200 OK
INFO:     127.0.0.1:57302 - "GET /api/admin/features HTTP/1.1" 200 OK
INFO:     127.0.0.1:57379 - "GET /api/admin/features HTTP/1.1" 200 OK
INFO:     127.0.0.1:57381 - "OPTIONS /api/admin/features/1e33297c-2025-4bf3-afc1-99b2b416e419 HTTP/1.1" 200 OK
INFO:     127.0.0.1:57381 - "PUT /api/admin/features/1e33297c-2025-4bf3-afc1-99b2b416e419 HTTP/1.1" 200 OK
INFO:     127.0.0.1:57381 - "GET /api/admin/features HTTP/1.1" 200 OK
INFO:     127.0.0.1:57383 - "PUT /api/admin/features/1e33297c-2025-4bf3-afc1-99b2b416e419 HTTP/1.1" 200 OK
INFO:     127.0.0.1:57383 - "GET /api/admin/features HTTP/1.1" 200 OK
INFO:     127.0.0.1:57398 - "PUT /api/admin/features/1e33297c-2025-4bf3-afc1-99b2b416e419 HTTP/1.1" 200 OK
INFO:     127.0.0.1:57398 - "GET /api/admin/features HTTP/1.1" 200 OK
INFO:     127.0.0.1:57424 - "GET /api/admin/roles HTTP/1.1" 200 OK
INFO:     127.0.0.1:57424 - "GET /api/admin/features HTTP/1.1" 200 OK
INFO:     127.0.0.1:57426 - "OPTIONS /api/admin/permissions HTTP/1.1" 200 OK
INFO:     127.0.0.1:57426 - "POST /api/admin/permissions HTTP/1.1" 200 OK
INFO:     127.0.0.1:57426 - "GET /api/admin/roles HTTP/1.1" 200 OK
INFO:     127.0.0.1:57426 - "GET /api/admin/features HTTP/1.1" 200 OK
INFO:     127.0.0.1:57428 - "GET /api/admin/features HTTP/1.1" 200 OK
INFO:     127.0.0.1:57428 - "GET /api/admin/roles HTTP/1.1" 200 OK
INFO:     127.0.0.1:57428 - "GET /api/admin/features HTTP/1.1" 200 OK
INFO:     127.0.0.1:57442 - "OPTIONS /api/admin/entities HTTP/1.1" 200 OK
INFO:     127.0.0.1:57443 - "OPTIONS /api/admin/entities HTTP/1.1" 200 OK
INFO:     127.0.0.1:57442 - "GET /api/admin/entities HTTP/1.1" 200 OK
INFO:     127.0.0.1:57442 - "GET /api/admin/entities HTTP/1.1" 200 OK
INFO:     127.0.0.1:57445 - "GET /api/admin/entities HTTP/1.1" 200 OK
INFO:     127.0.0.1:57445 - "GET /api/admin/entities HTTP/1.1" 200 OK
WARNING:  StatReload detected changes in 'server.py'. Reloading...
INFO:     Shutting down
INFO:     Waiting for application shutdown.
INFO:     Application shutdown complete.
INFO:     Finished server process [9439]
INFO:     Started server process [9778]
INFO:     Waiting for application startup.
/Users/hiralgandharva/Desktop/Hardik/OpsisTechnology/Nestora/backend/venv/lib/python3.14/site-packages/aiomysql/cursors.py:458: Warning: Table 'user_codes' already exists
  await self._do_get_result()
/Users/hiralgandharva/Desktop/Hardik/OpsisTechnology/Nestora/backend/venv/lib/python3.14/site-packages/aiomysql/cursors.py:458: Warning: Table 'user_details' already exists
  await self._do_get_result()
/Users/hiralgandharva/Desktop/Hardik/OpsisTechnology/Nestora/backend/venv/lib/python3.14/site-packages/aiomysql/cursors.py:458: Warning: Table 'entity_types' already exists
  await self._do_get_result()
/Users/hiralgandharva/Desktop/Hardik/OpsisTechnology/Nestora/backend/venv/lib/python3.14/site-packages/aiomysql/cursors.py:458: Warning: Table 'entities' already exists
  await self._do_get_result()
/Users/hiralgandharva/Desktop/Hardik/OpsisTechnology/Nestora/backend/venv/lib/python3.14/site-packages/aiomysql/cursors.py:458: Warning: Table 'roles' already exists
  await self._do_get_result()
/Users/hiralgandharva/Desktop/Hardik/OpsisTechnology/Nestora/backend/venv/lib/python3.14/site-packages/aiomysql/cursors.py:458: Warning: Table 'accounts' already exists
  await self._do_get_result()
/Users/hiralgandharva/Desktop/Hardik/OpsisTechnology/Nestora/backend/venv/lib/python3.14/site-packages/aiomysql/cursors.py:458: Warning: Table 'features' already exists
  await self._do_get_result()
/Users/hiralgandharva/Desktop/Hardik/OpsisTechnology/Nestora/backend/venv/lib/python3.14/site-packages/aiomysql/cursors.py:458: Warning: Integer display width is deprecated and will be removed in a future release.
  await self._do_get_result()
/Users/hiralgandharva/Desktop/Hardik/OpsisTechnology/Nestora/backend/venv/lib/python3.14/site-packages/aiomysql/cursors.py:458: Warning: Table 'role_feature_permissions' already exists
  await self._do_get_result()
/Users/hiralgandharva/Desktop/Hardik/OpsisTechnology/Nestora/backend/venv/lib/python3.14/site-packages/aiomysql/cursors.py:458: Warning: Table 'associations' already exists
  await self._do_get_result()
/Users/hiralgandharva/Desktop/Hardik/OpsisTechnology/Nestora/backend/venv/lib/python3.14/site-packages/aiomysql/cursors.py:458: Warning: Table 'admin_associations' already exists
  await self._do_get_result()
/Users/hiralgandharva/Desktop/Hardik/OpsisTechnology/Nestora/backend/venv/lib/python3.14/site-packages/aiomysql/cursors.py:458: Warning: Table 'code_requests' already exists
  await self._do_get_result()
/Users/hiralgandharva/Desktop/Hardik/OpsisTechnology/Nestora/backend/venv/lib/python3.14/site-packages/aiomysql/cursors.py:458: Warning: Table 'update_requests' already exists
  await self._do_get_result()
/Users/hiralgandharva/Desktop/Hardik/OpsisTechnology/Nestora/backend/venv/lib/python3.14/site-packages/aiomysql/cursors.py:458: Warning: Table 'email_log' already exists
  await self._do_get_result()
/Users/hiralgandharva/Desktop/Hardik/OpsisTechnology/Nestora/backend/venv/lib/python3.14/site-packages/aiomysql/cursors.py:458: Warning: Table 'announcements' already exists
  await self._do_get_result()
/Users/hiralgandharva/Desktop/Hardik/OpsisTechnology/Nestora/backend/venv/lib/python3.14/site-packages/aiomysql/cursors.py:458: Warning: Table 'events' already exists
  await self._do_get_result()
/Users/hiralgandharva/Desktop/Hardik/OpsisTechnology/Nestora/backend/venv/lib/python3.14/site-packages/aiomysql/cursors.py:458: Warning: Table 'event_rsvps' already exists
  await self._do_get_result()
/Users/hiralgandharva/Desktop/Hardik/OpsisTechnology/Nestora/backend/venv/lib/python3.14/site-packages/aiomysql/cursors.py:458: Warning: Field 'id' doesn't have a default value
  await self._do_get_result()
/Users/hiralgandharva/Desktop/Hardik/OpsisTechnology/Nestora/backend/venv/lib/python3.14/site-packages/aiomysql/cursors.py:458: Warning: Duplicate entry '' for key 'entity_types.PRIMARY'
  await self._do_get_result()
/Users/hiralgandharva/Desktop/Hardik/OpsisTechnology/Nestora/backend/venv/lib/python3.14/site-packages/aiomysql/cursors.py:458: Warning: Duplicate entry '' for key 'entities.PRIMARY'
  await self._do_get_result()
2026-07-22 17:47:49,193 - nestora - INFO - Nestora API started (MySQL connected).
INFO:     Application startup complete.
INFO:     127.0.0.1:57510 - "OPTIONS /api/admin/roles HTTP/1.1" 200 OK
INFO:     127.0.0.1:57510 - "GET /api/admin/roles HTTP/1.1" 200 OK
INFO:     127.0.0.1:57510 - "OPTIONS /api/admin/features HTTP/1.1" 200 OK
INFO:     127.0.0.1:57512 - "GET /api/admin/features HTTP/1.1" 200 OK
INFO:     127.0.0.1:57512 - "GET /api/admin/permissions HTTP/1.1" 200 OK
INFO:     127.0.0.1:57515 - "POST /api/admin/permissions HTTP/1.1" 200 OK
INFO:     127.0.0.1:57515 - "GET /api/admin/roles HTTP/1.1" 200 OK
INFO:     127.0.0.1:57515 - "GET /api/admin/features HTTP/1.1" 200 OK
INFO:     127.0.0.1:57515 - "GET /api/admin/permissions HTTP/1.1" 200 OK
INFO:     127.0.0.1:57517 - "POST /api/admin/permissions HTTP/1.1" 200 OK
INFO:     127.0.0.1:57517 - "GET /api/admin/roles HTTP/1.1" 200 OK
INFO:     127.0.0.1:57517 - "GET /api/admin/features HTTP/1.1" 200 OK
INFO:     127.0.0.1:57517 - "GET /api/admin/permissions HTTP/1.1" 200 OK
INFO:     127.0.0.1:57520 - "POST /api/admin/permissions HTTP/1.1" 200 OK
INFO:     127.0.0.1:57520 - "GET /api/admin/roles HTTP/1.1" 200 OK
INFO:     127.0.0.1:57520 - "GET /api/admin/features HTTP/1.1" 200 OK
INFO:     127.0.0.1:57520 - "GET /api/admin/permissions HTTP/1.1" 200 OK
INFO:     127.0.0.1:57538 - "POST /api/admin/permissions HTTP/1.1" 200 OK
INFO:     127.0.0.1:57538 - "GET /api/admin/roles HTTP/1.1" 200 OK
INFO:     127.0.0.1:57538 - "GET /api/admin/features HTTP/1.1" 200 OK
INFO:     127.0.0.1:57538 - "GET /api/admin/permissions HTTP/1.1" 200 OK
INFO:     127.0.0.1:57540 - "POST /api/admin/permissions HTTP/1.1" 200 OK
INFO:     127.0.0.1:57540 - "GET /api/admin/roles HTTP/1.1" 200 OK
INFO:     127.0.0.1:57540 - "GET /api/admin/features HTTP/1.1" 200 OK
INFO:     127.0.0.1:57540 - "GET /api/admin/permissions HTTP/1.1" 200 OK
INFO:     127.0.0.1:57542 - "POST /api/admin/permissions HTTP/1.1" 200 OK
INFO:     127.0.0.1:57542 - "GET /api/admin/roles HTTP/1.1" 200 OK
INFO:     127.0.0.1:57542 - "GET /api/admin/features HTTP/1.1" 200 OK
INFO:     127.0.0.1:57542 - "GET /api/admin/permissions HTTP/1.1" 200 OK
INFO:     127.0.0.1:57544 - "POST /api/admin/permissions HTTP/1.1" 200 OK
INFO:     127.0.0.1:57544 - "GET /api/admin/roles HTTP/1.1" 200 OK
INFO:     127.0.0.1:57544 - "GET /api/admin/features HTTP/1.1" 200 OK
INFO:     127.0.0.1:57544 - "GET /api/admin/permissions HTTP/1.1" 200 OK
INFO:     127.0.0.1:57547 - "POST /api/admin/permissions HTTP/1.1" 200 OK
INFO:     127.0.0.1:57547 - "GET /api/admin/roles HTTP/1.1" 200 OK
INFO:     127.0.0.1:57547 - "GET /api/admin/features HTTP/1.1" 200 OK
INFO:     127.0.0.1:57547 - "GET /api/admin/permissions HTTP/1.1" 200 OK
INFO:     127.0.0.1:57549 - "POST /api/admin/permissions HTTP/1.1" 200 OK
INFO:     127.0.0.1:57549 - "GET /api/admin/roles HTTP/1.1" 200 OK
INFO:     127.0.0.1:57549 - "GET /api/admin/features HTTP/1.1" 200 OK
INFO:     127.0.0.1:57549 - "GET /api/admin/permissions HTTP/1.1" 200 OK
INFO:     127.0.0.1:57556 - "POST /api/admin/permissions HTTP/1.1" 200 OK
INFO:     127.0.0.1:57556 - "GET /api/admin/roles HTTP/1.1" 200 OK
INFO:     127.0.0.1:57556 - "GET /api/admin/features HTTP/1.1" 200 OK
INFO:     127.0.0.1:57556 - "GET /api/admin/permissions HTTP/1.1" 200 OK
INFO:     127.0.0.1:57561 - "POST /api/admin/permissions HTTP/1.1" 200 OK
INFO:     127.0.0.1:57561 - "GET /api/admin/roles HTTP/1.1" 200 OK
INFO:     127.0.0.1:57561 - "GET /api/admin/features HTTP/1.1" 200 OK
INFO:     127.0.0.1:57561 - "GET /api/admin/permissions HTTP/1.1" 200 OK
INFO:     127.0.0.1:57564 - "POST /api/admin/permissions HTTP/1.1" 200 OK
INFO:     127.0.0.1:57564 - "GET /api/admin/roles HTTP/1.1" 200 OK
INFO:     127.0.0.1:57564 - "GET /api/admin/features HTTP/1.1" 200 OK
INFO:     127.0.0.1:57564 - "GET /api/admin/permissions HTTP/1.1" 200 OK
INFO:     127.0.0.1:57566 - "POST /api/admin/permissions HTTP/1.1" 200 OK
INFO:     127.0.0.1:57566 - "GET /api/admin/roles HTTP/1.1" 200 OK
INFO:     127.0.0.1:57566 - "GET /api/admin/features HTTP/1.1" 200 OK
INFO:     127.0.0.1:57566 - "GET /api/admin/permissions HTTP/1.1" 200 OK
INFO:     127.0.0.1:57570 - "POST /api/admin/permissions HTTP/1.1" 200 OK
INFO:     127.0.0.1:57570 - "GET /api/admin/roles HTTP/1.1" 200 OK
INFO:     127.0.0.1:57570 - "GET /api/admin/features HTTP/1.1" 200 OK
INFO:     127.0.0.1:57570 - "GET /api/admin/permissions HTTP/1.1" 200 OK
INFO:     127.0.0.1:57583 - "POST /api/admin/permissions HTTP/1.1" 200 OK
INFO:     127.0.0.1:57583 - "GET /api/admin/roles HTTP/1.1" 200 OK
INFO:     127.0.0.1:57583 - "GET /api/admin/features HTTP/1.1" 200 OK
INFO:     127.0.0.1:57583 - "GET /api/admin/permissions HTTP/1.1" 200 OK
INFO:     127.0.0.1:57586 - "POST /api/admin/permissions HTTP/1.1" 200 OK
INFO:     127.0.0.1:57586 - "GET /api/admin/roles HTTP/1.1" 200 OK
INFO:     127.0.0.1:57586 - "GET /api/admin/features HTTP/1.1" 200 OK
INFO:     127.0.0.1:57586 - "GET /api/admin/permissions HTTP/1.1" 200 OK
INFO:     127.0.0.1:57613 - "POST /api/admin/permissions HTTP/1.1" 200 OK
INFO:     127.0.0.1:57613 - "GET /api/admin/roles HTTP/1.1" 200 OK
INFO:     127.0.0.1:57613 - "GET /api/admin/features HTTP/1.1" 200 OK
INFO:     127.0.0.1:57613 - "GET /api/admin/permissions HTTP/1.1" 200 OK
INFO:     127.0.0.1:57615 - "POST /api/admin/permissions HTTP/1.1" 200 OK
INFO:     127.0.0.1:57615 - "GET /api/admin/roles HTTP/1.1" 200 OK
INFO:     127.0.0.1:57615 - "GET /api/admin/features HTTP/1.1" 200 OK
INFO:     127.0.0.1:57615 - "GET /api/admin/permissions HTTP/1.1" 200 OK
INFO:     127.0.0.1:57624 - "OPTIONS /api/admin/permissions HTTP/1.1" 200 OK
INFO:     127.0.0.1:57624 - "POST /api/admin/permissions HTTP/1.1" 200 OK
INFO:     127.0.0.1:57624 - "GET /api/admin/roles HTTP/1.1" 200 OK
INFO:     127.0.0.1:57624 - "GET /api/admin/features HTTP/1.1" 200 OK
INFO:     127.0.0.1:57624 - "GET /api/admin/permissions HTTP/1.1" 200 OK
INFO:     127.0.0.1:57626 - "POST /api/admin/permissions HTTP/1.1" 200 OK
INFO:     127.0.0.1:57626 - "GET /api/admin/roles HTTP/1.1" 200 OK
INFO:     127.0.0.1:57626 - "GET /api/admin/features HTTP/1.1" 200 OK
INFO:     127.0.0.1:57626 - "GET /api/admin/permissions HTTP/1.1" 200 OK
INFO:     127.0.0.1:57629 - "POST /api/admin/permissions HTTP/1.1" 200 OK
INFO:     127.0.0.1:57629 - "GET /api/admin/roles HTTP/1.1" 200 OK
INFO:     127.0.0.1:57629 - "GET /api/admin/features HTTP/1.1" 200 OK
INFO:     127.0.0.1:57629 - "GET /api/admin/permissions HTTP/1.1" 200 OK
INFO:     127.0.0.1:57632 - "POST /api/admin/permissions HTTP/1.1" 200 OK
INFO:     127.0.0.1:57632 - "GET /api/admin/roles HTTP/1.1" 200 OK
INFO:     127.0.0.1:57632 - "GET /api/admin/features HTTP/1.1" 200 OK
INFO:     127.0.0.1:57632 - "GET /api/admin/permissions HTTP/1.1" 200 OK
INFO:     127.0.0.1:57634 - "POST /api/admin/permissions HTTP/1.1" 200 OK
INFO:     127.0.0.1:57634 - "GET /api/admin/roles HTTP/1.1" 200 OK
INFO:     127.0.0.1:57634 - "GET /api/admin/features HTTP/1.1" 200 OK
INFO:     127.0.0.1:57634 - "GET /api/admin/permissions HTTP/1.1" 200 OK
INFO:     127.0.0.1:57646 - "POST /api/admin/permissions HTTP/1.1" 200 OK
INFO:     127.0.0.1:57646 - "GET /api/admin/roles HTTP/1.1" 200 OK
INFO:     127.0.0.1:57646 - "GET /api/admin/features HTTP/1.1" 200 OK
INFO:     127.0.0.1:57646 - "GET /api/admin/permissions HTTP/1.1" 200 OK
INFO:     127.0.0.1:57652 - "POST /api/admin/permissions HTTP/1.1" 200 OK
INFO:     127.0.0.1:57652 - "GET /api/admin/roles HTTP/1.1" 200 OK
INFO:     127.0.0.1:57652 - "GET /api/admin/features HTTP/1.1" 200 OK
INFO:     127.0.0.1:57652 - "GET /api/admin/permissions HTTP/1.1" 200 OK
INFO:     127.0.0.1:57654 - "POST /api/admin/permissions HTTP/1.1" 200 OK
INFO:     127.0.0.1:57654 - "GET /api/admin/roles HTTP/1.1" 200 OK
INFO:     127.0.0.1:57654 - "GET /api/admin/features HTTP/1.1" 200 OK
INFO:     127.0.0.1:57654 - "GET /api/admin/permissions HTTP/1.1" 200 OK
INFO:     127.0.0.1:57656 - "POST /api/admin/permissions HTTP/1.1" 200 OK
INFO:     127.0.0.1:57656 - "GET /api/admin/roles HTTP/1.1" 200 OK
INFO:     127.0.0.1:57656 - "GET /api/admin/features HTTP/1.1" 200 OK
INFO:     127.0.0.1:57656 - "GET /api/admin/permissions HTTP/1.1" 200 OK
INFO:     127.0.0.1:57658 - "POST /api/admin/permissions HTTP/1.1" 200 OK
INFO:     127.0.0.1:57658 - "GET /api/admin/roles HTTP/1.1" 200 OK
INFO:     127.0.0.1:57658 - "GET /api/admin/features HTTP/1.1" 200 OK
INFO:     127.0.0.1:57658 - "GET /api/admin/permissions HTTP/1.1" 200 OK
INFO:     127.0.0.1:57661 - "POST /api/admin/permissions HTTP/1.1" 200 OK
INFO:     127.0.0.1:57661 - "GET /api/admin/roles HTTP/1.1" 200 OK
INFO:     127.0.0.1:57661 - "GET /api/admin/features HTTP/1.1" 200 OK
INFO:     127.0.0.1:57661 - "GET /api/admin/permissions HTTP/1.1" 200 OK
INFO:     127.0.0.1:57665 - "POST /api/admin/permissions HTTP/1.1" 200 OK
INFO:     127.0.0.1:57665 - "GET /api/admin/roles HTTP/1.1" 200 OK
INFO:     127.0.0.1:57665 - "GET /api/admin/features HTTP/1.1" 200 OK
INFO:     127.0.0.1:57665 - "GET /api/admin/permissions HTTP/1.1" 200 OK
INFO:     127.0.0.1:57671 - "POST /api/admin/permissions HTTP/1.1" 200 OK
INFO:     127.0.0.1:57671 - "GET /api/admin/roles HTTP/1.1" 200 OK
INFO:     127.0.0.1:57671 - "GET /api/admin/features HTTP/1.1" 200 OK
INFO:     127.0.0.1:57671 - "GET /api/admin/permissions HTTP/1.1" 200 OK
INFO:     127.0.0.1:57677 - "POST /api/admin/permissions HTTP/1.1" 200 OK
INFO:     127.0.0.1:57677 - "GET /api/admin/roles HTTP/1.1" 200 OK
INFO:     127.0.0.1:57677 - "GET /api/admin/features HTTP/1.1" 200 OK
INFO:     127.0.0.1:57677 - "GET /api/admin/permissions HTTP/1.1" 200 OK
INFO:     127.0.0.1:57682 - "POST /api/admin/permissions HTTP/1.1" 200 OK
INFO:     127.0.0.1:57682 - "GET /api/admin/roles HTTP/1.1" 200 OK
INFO:     127.0.0.1:57682 - "GET /api/admin/features HTTP/1.1" 200 OK
INFO:     127.0.0.1:57682 - "GET /api/admin/permissions HTTP/1.1" 200 OK
INFO:     127.0.0.1:57684 - "POST /api/admin/permissions HTTP/1.1" 200 OK
INFO:     127.0.0.1:57684 - "GET /api/admin/roles HTTP/1.1" 200 OK
INFO:     127.0.0.1:57684 - "GET /api/admin/features HTTP/1.1" 200 OK
INFO:     127.0.0.1:57684 - "GET /api/admin/permissions HTTP/1.1" 200 OK
INFO:     127.0.0.1:57686 - "POST /api/admin/permissions HTTP/1.1" 200 OK
INFO:     127.0.0.1:57686 - "GET /api/admin/roles HTTP/1.1" 200 OK
INFO:     127.0.0.1:57686 - "GET /api/admin/features HTTP/1.1" 200 OK
INFO:     127.0.0.1:57686 - "GET /api/admin/permissions HTTP/1.1" 200 OK
INFO:     127.0.0.1:57692 - "POST /api/admin/permissions HTTP/1.1" 500 Internal Server Error
ERROR:    Exception in ASGI application
Traceback (most recent call last):
  File "/Users/hiralgandharva/Desktop/Hardik/OpsisTechnology/Nestora/backend/venv/lib/python3.14/site-packages/uvicorn/protocols/http/h11_impl.py", line 408, in run_asgi
    result = await app(  # type: ignore[func-returns-value]
             ^^^^^^^^^^^^^^^^^^^^^^^^^^^^^^^^^^^^^^^^^^^^^^
        self.scope, self.receive, self.send
        ^^^^^^^^^^^^^^^^^^^^^^^^^^^^^^^^^^^
    )
    ^
  File "/Users/hiralgandharva/Desktop/Hardik/OpsisTechnology/Nestora/backend/venv/lib/python3.14/site-packages/uvicorn/middleware/proxy_headers.py", line 84, in __call__
    return await self.app(scope, receive, send)
           ^^^^^^^^^^^^^^^^^^^^^^^^^^^^^^^^^^^^
  File "/Users/hiralgandharva/Desktop/Hardik/OpsisTechnology/Nestora/backend/venv/lib/python3.14/site-packages/fastapi/applications.py", line 1054, in __call__
    await super().__call__(scope, receive, send)
  File "/Users/hiralgandharva/Desktop/Hardik/OpsisTechnology/Nestora/backend/venv/lib/python3.14/site-packages/starlette/applications.py", line 123, in __call__
    await self.middleware_stack(scope, receive, send)
  File "/Users/hiralgandharva/Desktop/Hardik/OpsisTechnology/Nestora/backend/venv/lib/python3.14/site-packages/starlette/middleware/errors.py", line 186, in __call__
    raise exc
  File "/Users/hiralgandharva/Desktop/Hardik/OpsisTechnology/Nestora/backend/venv/lib/python3.14/site-packages/starlette/middleware/errors.py", line 164, in __call__
    await self.app(scope, receive, _send)
  File "/Users/hiralgandharva/Desktop/Hardik/OpsisTechnology/Nestora/backend/venv/lib/python3.14/site-packages/starlette/middleware/cors.py", line 93, in __call__
    await self.simple_response(scope, receive, send, request_headers=headers)
  File "/Users/hiralgandharva/Desktop/Hardik/OpsisTechnology/Nestora/backend/venv/lib/python3.14/site-packages/starlette/middleware/cors.py", line 148, in simple_response
    await self.app(scope, receive, send)
  File "/Users/hiralgandharva/Desktop/Hardik/OpsisTechnology/Nestora/backend/venv/lib/python3.14/site-packages/starlette/middleware/exceptions.py", line 65, in __call__
    await wrap_app_handling_exceptions(self.app, conn)(scope, receive, send)
  File "/Users/hiralgandharva/Desktop/Hardik/OpsisTechnology/Nestora/backend/venv/lib/python3.14/site-packages/starlette/_exception_handler.py", line 64, in wrapped_app
    raise exc
  File "/Users/hiralgandharva/Desktop/Hardik/OpsisTechnology/Nestora/backend/venv/lib/python3.14/site-packages/starlette/_exception_handler.py", line 53, in wrapped_app
    await app(scope, receive, sender)
  File "/Users/hiralgandharva/Desktop/Hardik/OpsisTechnology/Nestora/backend/venv/lib/python3.14/site-packages/starlette/routing.py", line 756, in __call__
    await self.middleware_stack(scope, receive, send)
  File "/Users/hiralgandharva/Desktop/Hardik/OpsisTechnology/Nestora/backend/venv/lib/python3.14/site-packages/starlette/routing.py", line 776, in app
    await route.handle(scope, receive, send)
  File "/Users/hiralgandharva/Desktop/Hardik/OpsisTechnology/Nestora/backend/venv/lib/python3.14/site-packages/starlette/routing.py", line 297, in handle
    await self.app(scope, receive, send)
  File "/Users/hiralgandharva/Desktop/Hardik/OpsisTechnology/Nestora/backend/venv/lib/python3.14/site-packages/starlette/routing.py", line 77, in app
    await wrap_app_handling_exceptions(app, request)(scope, receive, send)
  File "/Users/hiralgandharva/Desktop/Hardik/OpsisTechnology/Nestora/backend/venv/lib/python3.14/site-packages/starlette/_exception_handler.py", line 64, in wrapped_app
    raise exc
  File "/Users/hiralgandharva/Desktop/Hardik/OpsisTechnology/Nestora/backend/venv/lib/python3.14/site-packages/starlette/_exception_handler.py", line 53, in wrapped_app
    await app(scope, receive, sender)
  File "/Users/hiralgandharva/Desktop/Hardik/OpsisTechnology/Nestora/backend/venv/lib/python3.14/site-packages/starlette/routing.py", line 72, in app
    response = await func(request)
               ^^^^^^^^^^^^^^^^^^^
  File "/Users/hiralgandharva/Desktop/Hardik/OpsisTechnology/Nestora/backend/venv/lib/python3.14/site-packages/fastapi/routing.py", line 278, in app
    raw_response = await run_endpoint_function(
                   ^^^^^^^^^^^^^^^^^^^^^^^^^^^^
        dependant=dependant, values=values, is_coroutine=is_coroutine
        ^^^^^^^^^^^^^^^^^^^^^^^^^^^^^^^^^^^^^^^^^^^^^^^^^^^^^^^^^^^^^
    )
    ^
  File "/Users/hiralgandharva/Desktop/Hardik/OpsisTechnology/Nestora/backend/venv/lib/python3.14/site-packages/fastapi/routing.py", line 191, in run_endpoint_function
    return await dependant.call(**values)
           ^^^^^^^^^^^^^^^^^^^^^^^^^^^^^^
  File "/Users/hiralgandharva/Desktop/Hardik/OpsisTechnology/Nestora/backend/server.py", line 1151, in create_permission
    perm_id = await db_execute(
              ^^^^^^^^^^^^^^^^^
    ...<3 lines>...
    )
    ^
  File "/Users/hiralgandharva/Desktop/Hardik/OpsisTechnology/Nestora/backend/server.py", line 91, in db_execute
    await cur.execute(sql, params)
  File "/Users/hiralgandharva/Desktop/Hardik/OpsisTechnology/Nestora/backend/venv/lib/python3.14/site-packages/aiomysql/cursors.py", line 239, in execute
    await self._query(query)
  File "/Users/hiralgandharva/Desktop/Hardik/OpsisTechnology/Nestora/backend/venv/lib/python3.14/site-packages/aiomysql/cursors.py", line 457, in _query
    await conn.query(q)
  File "/Users/hiralgandharva/Desktop/Hardik/OpsisTechnology/Nestora/backend/venv/lib/python3.14/site-packages/aiomysql/connection.py", line 469, in query
    await self._read_query_result(unbuffered=unbuffered)
  File "/Users/hiralgandharva/Desktop/Hardik/OpsisTechnology/Nestora/backend/venv/lib/python3.14/site-packages/aiomysql/connection.py", line 683, in _read_query_result
    await result.read()
  File "/Users/hiralgandharva/Desktop/Hardik/OpsisTechnology/Nestora/backend/venv/lib/python3.14/site-packages/aiomysql/connection.py", line 1164, in read
    first_packet = await self.connection._read_packet()
                   ^^^^^^^^^^^^^^^^^^^^^^^^^^^^^^^^^^^^
  File "/Users/hiralgandharva/Desktop/Hardik/OpsisTechnology/Nestora/backend/venv/lib/python3.14/site-packages/aiomysql/connection.py", line 652, in _read_packet
    packet.raise_for_error()
    ~~~~~~~~~~~~~~~~~~~~~~^^
  File "/Users/hiralgandharva/Desktop/Hardik/OpsisTechnology/Nestora/backend/venv/lib/python3.14/site-packages/pymysql/protocol.py", line 219, in raise_for_error
    err.raise_mysql_exception(self._data)
    ~~~~~~~~~~~~~~~~~~~~~~~~~^^^^^^^^^^^^
  File "/Users/hiralgandharva/Desktop/Hardik/OpsisTechnology/Nestora/backend/venv/lib/python3.14/site-packages/pymysql/err.py", line 154, in raise_mysql_exception
    raise errorclass(errno, errval, sqlstate=sqlstate)
pymysql.err.IntegrityError: (1062, "Duplicate entry '8388f5d5-65f0-45f3-bc81-9ad530513f60-2e2a886f-5bcd-4487-9749-2c1' for key 'role_feature_permissions.uniq_role_feature'")
INFO:     127.0.0.1:57694 - "POST /api/admin/permissions HTTP/1.1" 200 OK
INFO:     127.0.0.1:57694 - "GET /api/admin/roles HTTP/1.1" 200 OK
INFO:     127.0.0.1:57694 - "GET /api/admin/features HTTP/1.1" 200 OK
INFO:     127.0.0.1:57694 - "GET /api/admin/permissions HTTP/1.1" 200 OK
INFO:     127.0.0.1:57730 - "POST /api/admin/permissions HTTP/1.1" 200 OK
INFO:     127.0.0.1:57730 - "OPTIONS /api/admin/roles HTTP/1.1" 200 OK
INFO:     127.0.0.1:57730 - "GET /api/admin/roles HTTP/1.1" 200 OK
INFO:     127.0.0.1:57730 - "OPTIONS /api/admin/features HTTP/1.1" 200 OK
INFO:     127.0.0.1:57732 - "GET /api/admin/features HTTP/1.1" 200 OK
INFO:     127.0.0.1:57732 - "GET /api/admin/permissions HTTP/1.1" 200 OK
INFO:     127.0.0.1:57737 - "POST /api/admin/permissions HTTP/1.1" 200 OK
INFO:     127.0.0.1:57737 - "GET /api/admin/roles HTTP/1.1" 200 OK
INFO:     127.0.0.1:57737 - "GET /api/admin/features HTTP/1.1" 200 OK
INFO:     127.0.0.1:57737 - "GET /api/admin/permissions HTTP/1.1" 200 OK
INFO:     127.0.0.1:57747 - "POST /api/admin/permissions HTTP/1.1" 200 OK
INFO:     127.0.0.1:57747 - "GET /api/admin/roles HTTP/1.1" 200 OK
INFO:     127.0.0.1:57747 - "GET /api/admin/features HTTP/1.1" 200 OK
INFO:     127.0.0.1:57747 - "GET /api/admin/permissions HTTP/1.1" 200 OK
INFO:     127.0.0.1:57750 - "POST /api/admin/permissions HTTP/1.1" 200 OK
INFO:     127.0.0.1:57750 - "GET /api/admin/roles HTTP/1.1" 200 OK
INFO:     127.0.0.1:57750 - "GET /api/admin/features HTTP/1.1" 200 OK
INFO:     127.0.0.1:57750 - "GET /api/admin/permissions HTTP/1.1" 200 OK
INFO:     127.0.0.1:57752 - "POST /api/admin/permissions HTTP/1.1" 200 OK
INFO:     127.0.0.1:57752 - "GET /api/admin/roles HTTP/1.1" 200 OK
INFO:     127.0.0.1:57752 - "GET /api/admin/features HTTP/1.1" 200 OK
INFO:     127.0.0.1:57752 - "GET /api/admin/permissions HTTP/1.1" 200 OK
INFO:     127.0.0.1:57754 - "POST /api/admin/permissions HTTP/1.1" 200 OK
INFO:     127.0.0.1:57754 - "GET /api/admin/roles HTTP/1.1" 200 OK
INFO:     127.0.0.1:57754 - "GET /api/admin/features HTTP/1.1" 200 OK
INFO:     127.0.0.1:57754 - "GET /api/admin/permissions HTTP/1.1" 200 OK
INFO:     127.0.0.1:57756 - "POST /api/admin/permissions HTTP/1.1" 200 OK
INFO:     127.0.0.1:57756 - "GET /api/admin/roles HTTP/1.1" 200 OK
INFO:     127.0.0.1:57756 - "GET /api/admin/features HTTP/1.1" 200 OK
INFO:     127.0.0.1:57756 - "GET /api/admin/permissions HTTP/1.1" 200 OK
INFO:     127.0.0.1:57759 - "POST /api/admin/permissions HTTP/1.1" 200 OK
INFO:     127.0.0.1:57759 - "GET /api/admin/roles HTTP/1.1" 200 OK
INFO:     127.0.0.1:57759 - "GET /api/admin/features HTTP/1.1" 200 OK
INFO:     127.0.0.1:57759 - "GET /api/admin/permissions HTTP/1.1" 200 OK
INFO:     127.0.0.1:57761 - "POST /api/admin/permissions HTTP/1.1" 200 OK
INFO:     127.0.0.1:57761 - "GET /api/admin/roles HTTP/1.1" 200 OK
INFO:     127.0.0.1:57761 - "GET /api/admin/features HTTP/1.1" 200 OK
INFO:     127.0.0.1:57761 - "GET /api/admin/permissions HTTP/1.1" 200 OK
INFO:     127.0.0.1:57763 - "POST /api/admin/permissions HTTP/1.1" 200 OK
INFO:     127.0.0.1:57763 - "GET /api/admin/roles HTTP/1.1" 200 OK
INFO:     127.0.0.1:57763 - "GET /api/admin/features HTTP/1.1" 200 OK
INFO:     127.0.0.1:57763 - "GET /api/admin/permissions HTTP/1.1" 200 OK
INFO:     127.0.0.1:57770 - "POST /api/admin/permissions HTTP/1.1" 200 OK
INFO:     127.0.0.1:57770 - "GET /api/admin/roles HTTP/1.1" 200 OK
INFO:     127.0.0.1:57770 - "GET /api/admin/features HTTP/1.1" 200 OK
INFO:     127.0.0.1:57770 - "GET /api/admin/permissions HTTP/1.1" 200 OK
INFO:     127.0.0.1:57778 - "POST /api/admin/permissions HTTP/1.1" 200 OK
INFO:     127.0.0.1:57778 - "GET /api/admin/roles HTTP/1.1" 200 OK
INFO:     127.0.0.1:57778 - "GET /api/admin/features HTTP/1.1" 200 OK
INFO:     127.0.0.1:57778 - "GET /api/admin/permissions HTTP/1.1" 200 OK
INFO:     127.0.0.1:57780 - "POST /api/admin/permissions HTTP/1.1" 500 Internal Server Error
ERROR:    Exception in ASGI application
Traceback (most recent call last):
  File "/Users/hiralgandharva/Desktop/Hardik/OpsisTechnology/Nestora/backend/venv/lib/python3.14/site-packages/uvicorn/protocols/http/h11_impl.py", line 408, in run_asgi
    result = await app(  # type: ignore[func-returns-value]
             ^^^^^^^^^^^^^^^^^^^^^^^^^^^^^^^^^^^^^^^^^^^^^^
        self.scope, self.receive, self.send
        ^^^^^^^^^^^^^^^^^^^^^^^^^^^^^^^^^^^
    )
    ^
  File "/Users/hiralgandharva/Desktop/Hardik/OpsisTechnology/Nestora/backend/venv/lib/python3.14/site-packages/uvicorn/middleware/proxy_headers.py", line 84, in __call__
    return await self.app(scope, receive, send)
           ^^^^^^^^^^^^^^^^^^^^^^^^^^^^^^^^^^^^
  File "/Users/hiralgandharva/Desktop/Hardik/OpsisTechnology/Nestora/backend/venv/lib/python3.14/site-packages/fastapi/applications.py", line 1054, in __call__
    await super().__call__(scope, receive, send)
  File "/Users/hiralgandharva/Desktop/Hardik/OpsisTechnology/Nestora/backend/venv/lib/python3.14/site-packages/starlette/applications.py", line 123, in __call__
    await self.middleware_stack(scope, receive, send)
  File "/Users/hiralgandharva/Desktop/Hardik/OpsisTechnology/Nestora/backend/venv/lib/python3.14/site-packages/starlette/middleware/errors.py", line 186, in __call__
    raise exc
  File "/Users/hiralgandharva/Desktop/Hardik/OpsisTechnology/Nestora/backend/venv/lib/python3.14/site-packages/starlette/middleware/errors.py", line 164, in __call__
    await self.app(scope, receive, _send)
  File "/Users/hiralgandharva/Desktop/Hardik/OpsisTechnology/Nestora/backend/venv/lib/python3.14/site-packages/starlette/middleware/cors.py", line 93, in __call__
    await self.simple_response(scope, receive, send, request_headers=headers)
  File "/Users/hiralgandharva/Desktop/Hardik/OpsisTechnology/Nestora/backend/venv/lib/python3.14/site-packages/starlette/middleware/cors.py", line 148, in simple_response
    await self.app(scope, receive, send)
  File "/Users/hiralgandharva/Desktop/Hardik/OpsisTechnology/Nestora/backend/venv/lib/python3.14/site-packages/starlette/middleware/exceptions.py", line 65, in __call__
    await wrap_app_handling_exceptions(self.app, conn)(scope, receive, send)
  File "/Users/hiralgandharva/Desktop/Hardik/OpsisTechnology/Nestora/backend/venv/lib/python3.14/site-packages/starlette/_exception_handler.py", line 64, in wrapped_app
    raise exc
  File "/Users/hiralgandharva/Desktop/Hardik/OpsisTechnology/Nestora/backend/venv/lib/python3.14/site-packages/starlette/_exception_handler.py", line 53, in wrapped_app
    await app(scope, receive, sender)
  File "/Users/hiralgandharva/Desktop/Hardik/OpsisTechnology/Nestora/backend/venv/lib/python3.14/site-packages/starlette/routing.py", line 756, in __call__
    await self.middleware_stack(scope, receive, send)
  File "/Users/hiralgandharva/Desktop/Hardik/OpsisTechnology/Nestora/backend/venv/lib/python3.14/site-packages/starlette/routing.py", line 776, in app
    await route.handle(scope, receive, send)
  File "/Users/hiralgandharva/Desktop/Hardik/OpsisTechnology/Nestora/backend/venv/lib/python3.14/site-packages/starlette/routing.py", line 297, in handle
    await self.app(scope, receive, send)
  File "/Users/hiralgandharva/Desktop/Hardik/OpsisTechnology/Nestora/backend/venv/lib/python3.14/site-packages/starlette/routing.py", line 77, in app
    await wrap_app_handling_exceptions(app, request)(scope, receive, send)
  File "/Users/hiralgandharva/Desktop/Hardik/OpsisTechnology/Nestora/backend/venv/lib/python3.14/site-packages/starlette/_exception_handler.py", line 64, in wrapped_app
    raise exc
  File "/Users/hiralgandharva/Desktop/Hardik/OpsisTechnology/Nestora/backend/venv/lib/python3.14/site-packages/starlette/_exception_handler.py", line 53, in wrapped_app
    await app(scope, receive, sender)
  File "/Users/hiralgandharva/Desktop/Hardik/OpsisTechnology/Nestora/backend/venv/lib/python3.14/site-packages/starlette/routing.py", line 72, in app
    response = await func(request)
               ^^^^^^^^^^^^^^^^^^^
  File "/Users/hiralgandharva/Desktop/Hardik/OpsisTechnology/Nestora/backend/venv/lib/python3.14/site-packages/fastapi/routing.py", line 278, in app
    raw_response = await run_endpoint_function(
                   ^^^^^^^^^^^^^^^^^^^^^^^^^^^^
        dependant=dependant, values=values, is_coroutine=is_coroutine
        ^^^^^^^^^^^^^^^^^^^^^^^^^^^^^^^^^^^^^^^^^^^^^^^^^^^^^^^^^^^^^
    )
    ^
  File "/Users/hiralgandharva/Desktop/Hardik/OpsisTechnology/Nestora/backend/venv/lib/python3.14/site-packages/fastapi/routing.py", line 191, in run_endpoint_function
    return await dependant.call(**values)
           ^^^^^^^^^^^^^^^^^^^^^^^^^^^^^^
  File "/Users/hiralgandharva/Desktop/Hardik/OpsisTechnology/Nestora/backend/server.py", line 1151, in create_permission
    perm_id = await db_execute(
              ^^^^^^^^^^^^^^^^^
    ...<3 lines>...
    )
    ^
  File "/Users/hiralgandharva/Desktop/Hardik/OpsisTechnology/Nestora/backend/server.py", line 91, in db_execute
    await cur.execute(sql, params)
  File "/Users/hiralgandharva/Desktop/Hardik/OpsisTechnology/Nestora/backend/venv/lib/python3.14/site-packages/aiomysql/cursors.py", line 239, in execute
    await self._query(query)
  File "/Users/hiralgandharva/Desktop/Hardik/OpsisTechnology/Nestora/backend/venv/lib/python3.14/site-packages/aiomysql/cursors.py", line 457, in _query
    await conn.query(q)
  File "/Users/hiralgandharva/Desktop/Hardik/OpsisTechnology/Nestora/backend/venv/lib/python3.14/site-packages/aiomysql/connection.py", line 469, in query
    await self._read_query_result(unbuffered=unbuffered)
  File "/Users/hiralgandharva/Desktop/Hardik/OpsisTechnology/Nestora/backend/venv/lib/python3.14/site-packages/aiomysql/connection.py", line 683, in _read_query_result
    await result.read()
  File "/Users/hiralgandharva/Desktop/Hardik/OpsisTechnology/Nestora/backend/venv/lib/python3.14/site-packages/aiomysql/connection.py", line 1164, in read
    first_packet = await self.connection._read_packet()
                   ^^^^^^^^^^^^^^^^^^^^^^^^^^^^^^^^^^^^
  File "/Users/hiralgandharva/Desktop/Hardik/OpsisTechnology/Nestora/backend/venv/lib/python3.14/site-packages/aiomysql/connection.py", line 652, in _read_packet
    packet.raise_for_error()
    ~~~~~~~~~~~~~~~~~~~~~~^^
  File "/Users/hiralgandharva/Desktop/Hardik/OpsisTechnology/Nestora/backend/venv/lib/python3.14/site-packages/pymysql/protocol.py", line 219, in raise_for_error
    err.raise_mysql_exception(self._data)
    ~~~~~~~~~~~~~~~~~~~~~~~~~^^^^^^^^^^^^
  File "/Users/hiralgandharva/Desktop/Hardik/OpsisTechnology/Nestora/backend/venv/lib/python3.14/site-packages/pymysql/err.py", line 154, in raise_mysql_exception
    raise errorclass(errno, errval, sqlstate=sqlstate)
pymysql.err.IntegrityError: (1062, "Duplicate entry '8388f5d5-65f0-45f3-bc81-9ad530513f60-bd7f8f9c-2099-48e3-9dfa-3d8' for key 'role_feature_permissions.uniq_role_feature'")
INFO:     127.0.0.1:57782 - "POST /api/admin/permissions HTTP/1.1" 200 OK
INFO:     127.0.0.1:57782 - "GET /api/admin/roles HTTP/1.1" 200 OK
INFO:     127.0.0.1:57782 - "GET /api/admin/features HTTP/1.1" 200 OK
INFO:     127.0.0.1:57782 - "GET /api/admin/permissions HTTP/1.1" 200 OK
INFO:     127.0.0.1:57784 - "POST /api/admin/permissions HTTP/1.1" 200 OK
INFO:     127.0.0.1:57784 - "GET /api/admin/roles HTTP/1.1" 200 OK
INFO:     127.0.0.1:57784 - "GET /api/admin/features HTTP/1.1" 200 OK
INFO:     127.0.0.1:57784 - "GET /api/admin/permissions HTTP/1.1" 200 OK
INFO:     127.0.0.1:57788 - "POST /api/admin/permissions HTTP/1.1" 200 OK
INFO:     127.0.0.1:57788 - "GET /api/admin/roles HTTP/1.1" 200 OK
INFO:     127.0.0.1:57788 - "GET /api/admin/features HTTP/1.1" 200 OK
INFO:     127.0.0.1:57788 - "GET /api/admin/permissions HTTP/1.1" 200 OK
INFO:     127.0.0.1:57795 - "POST /api/admin/permissions HTTP/1.1" 200 OK
INFO:     127.0.0.1:57795 - "GET /api/admin/roles HTTP/1.1" 200 OK
INFO:     127.0.0.1:57795 - "GET /api/admin/features HTTP/1.1" 200 OK
INFO:     127.0.0.1:57795 - "GET /api/admin/permissions HTTP/1.1" 200 OK
INFO:     127.0.0.1:57824 - "POST /api/admin/permissions HTTP/1.1" 200 OK
INFO:     127.0.0.1:57824 - "GET /api/admin/roles HTTP/1.1" 200 OK
INFO:     127.0.0.1:57824 - "GET /api/admin/features HTTP/1.1" 200 OK
INFO:     127.0.0.1:57824 - "GET /api/admin/permissions HTTP/1.1" 200 OK
INFO:     127.0.0.1:57827 - "POST /api/admin/permissions HTTP/1.1" 200 OK
INFO:     127.0.0.1:57827 - "GET /api/admin/roles HTTP/1.1" 200 OK
INFO:     127.0.0.1:57827 - "GET /api/admin/features HTTP/1.1" 200 OK
INFO:     127.0.0.1:57827 - "GET /api/admin/permissions HTTP/1.1" 200 OK
INFO:     127.0.0.1:57829 - "POST /api/admin/permissions HTTP/1.1" 200 OK
INFO:     127.0.0.1:57829 - "GET /api/admin/roles HTTP/1.1" 200 OK
INFO:     127.0.0.1:57829 - "GET /api/admin/features HTTP/1.1" 200 OK
INFO:     127.0.0.1:57829 - "GET /api/admin/permissions HTTP/1.1" 200 OK
INFO:     127.0.0.1:57833 - "POST /api/admin/permissions HTTP/1.1" 200 OK
INFO:     127.0.0.1:57833 - "GET /api/admin/roles HTTP/1.1" 200 OK
INFO:     127.0.0.1:57833 - "GET /api/admin/features HTTP/1.1" 200 OK
INFO:     127.0.0.1:57833 - "GET /api/admin/permissions HTTP/1.1" 200 OK
INFO:     127.0.0.1:57842 - "POST /api/admin/permissions HTTP/1.1" 200 OK
INFO:     127.0.0.1:57842 - "GET /api/admin/roles HTTP/1.1" 200 OK
INFO:     127.0.0.1:57842 - "GET /api/admin/features HTTP/1.1" 200 OK
INFO:     127.0.0.1:57842 - "GET /api/admin/permissions HTTP/1.1" 200 OK
INFO:     127.0.0.1:57891 - "POST /api/admin/permissions HTTP/1.1" 200 OK
INFO:     127.0.0.1:57891 - "GET /api/admin/roles HTTP/1.1" 200 OK
INFO:     127.0.0.1:57891 - "GET /api/admin/features HTTP/1.1" 200 OK
INFO:     127.0.0.1:57891 - "GET /api/admin/permissions HTTP/1.1" 200 OK
INFO:     127.0.0.1:57905 - "POST /api/admin/permissions HTTP/1.1" 200 OK
INFO:     127.0.0.1:57905 - "GET /api/admin/roles HTTP/1.1" 200 OK
INFO:     127.0.0.1:57905 - "GET /api/admin/features HTTP/1.1" 200 OK
INFO:     127.0.0.1:57905 - "GET /api/admin/permissions HTTP/1.1" 200 OK
INFO:     127.0.0.1:57907 - "POST /api/admin/permissions HTTP/1.1" 200 OK
INFO:     127.0.0.1:57907 - "GET /api/admin/roles HTTP/1.1" 200 OK
INFO:     127.0.0.1:57907 - "GET /api/admin/features HTTP/1.1" 200 OK
INFO:     127.0.0.1:57907 - "GET /api/admin/permissions HTTP/1.1" 200 OK
INFO:     127.0.0.1:57909 - "POST /api/admin/permissions HTTP/1.1" 200 OK
INFO:     127.0.0.1:57909 - "GET /api/admin/roles HTTP/1.1" 200 OK
INFO:     127.0.0.1:57909 - "GET /api/admin/features HTTP/1.1" 200 OK
INFO:     127.0.0.1:57909 - "GET /api/admin/permissions HTTP/1.1" 200 OK
INFO:     127.0.0.1:57911 - "OPTIONS /api/admin/permissions HTTP/1.1" 200 OK
INFO:     127.0.0.1:57911 - "POST /api/admin/permissions HTTP/1.1" 200 OK
INFO:     127.0.0.1:57911 - "GET /api/admin/roles HTTP/1.1" 200 OK
INFO:     127.0.0.1:57911 - "GET /api/admin/features HTTP/1.1" 200 OK
INFO:     127.0.0.1:57911 - "GET /api/admin/permissions HTTP/1.1" 200 OK
INFO:     127.0.0.1:57913 - "POST /api/admin/permissions HTTP/1.1" 200 OK
INFO:     127.0.0.1:57913 - "GET /api/admin/roles HTTP/1.1" 200 OK
INFO:     127.0.0.1:57913 - "GET /api/admin/features HTTP/1.1" 200 OK
INFO:     127.0.0.1:57913 - "GET /api/admin/permissions HTTP/1.1" 200 OK
INFO:     127.0.0.1:57918 - "POST /api/admin/permissions HTTP/1.1" 200 OK
INFO:     127.0.0.1:57918 - "GET /api/admin/roles HTTP/1.1" 200 OK
INFO:     127.0.0.1:57918 - "GET /api/admin/features HTTP/1.1" 200 OK
INFO:     127.0.0.1:57918 - "GET /api/admin/permissions HTTP/1.1" 200 OK
INFO:     127.0.0.1:57920 - "POST /api/admin/permissions HTTP/1.1" 200 OK
INFO:     127.0.0.1:57920 - "GET /api/admin/roles HTTP/1.1" 200 OK
INFO:     127.0.0.1:57920 - "GET /api/admin/features HTTP/1.1" 200 OK
INFO:     127.0.0.1:57920 - "GET /api/admin/permissions HTTP/1.1" 200 OK
INFO:     127.0.0.1:57929 - "POST /api/admin/permissions HTTP/1.1" 200 OK
INFO:     127.0.0.1:57929 - "GET /api/admin/roles HTTP/1.1" 200 OK
INFO:     127.0.0.1:57929 - "GET /api/admin/features HTTP/1.1" 200 OK
INFO:     127.0.0.1:57929 - "GET /api/admin/permissions HTTP/1.1" 200 OK
INFO:     127.0.0.1:57932 - "POST /api/admin/permissions HTTP/1.1" 200 OK
INFO:     127.0.0.1:57932 - "GET /api/admin/roles HTTP/1.1" 200 OK
INFO:     127.0.0.1:57932 - "GET /api/admin/features HTTP/1.1" 200 OK
INFO:     127.0.0.1:57932 - "GET /api/admin/permissions HTTP/1.1" 200 OK
INFO:     127.0.0.1:57934 - "POST /api/admin/permissions HTTP/1.1" 200 OK
INFO:     127.0.0.1:57934 - "GET /api/admin/roles HTTP/1.1" 200 OK
INFO:     127.0.0.1:57934 - "GET /api/admin/features HTTP/1.1" 200 OK
INFO:     127.0.0.1:57934 - "GET /api/admin/permissions HTTP/1.1" 200 OK
INFO:     127.0.0.1:58016 - "OPTIONS /api/auth/me HTTP/1.1" 200 OK
INFO:     127.0.0.1:58017 - "OPTIONS /api/auth/me HTTP/1.1" 200 OK
INFO:     127.0.0.1:58016 - "GET /api/auth/me HTTP/1.1" 200 OK
INFO:     127.0.0.1:58016 - "GET /api/auth/me HTTP/1.1" 200 OK
INFO:     127.0.0.1:58019 - "OPTIONS /api/admin/roles HTTP/1.1" 200 OK
INFO:     127.0.0.1:58019 - "GET /api/admin/roles HTTP/1.1" 200 OK
INFO:     127.0.0.1:58019 - "OPTIONS /api/admin/features HTTP/1.1" 200 OK
INFO:     127.0.0.1:58031 - "GET /api/admin/features HTTP/1.1" 200 OK
INFO:     127.0.0.1:58031 - "GET /api/admin/permissions HTTP/1.1" 200 OK
INFO:     127.0.0.1:59153 - "OPTIONS /api/admin/roles HTTP/1.1" 200 OK
INFO:     127.0.0.1:59153 - "GET /api/admin/roles HTTP/1.1" 200 OK
INFO:     127.0.0.1:59153 - "OPTIONS /api/admin/entities HTTP/1.1" 200 OK
INFO:     127.0.0.1:59155 - "GET /api/admin/entities HTTP/1.1" 200 OK
INFO:     127.0.0.1:59158 - "OPTIONS /api/admin/features HTTP/1.1" 200 OK
INFO:     127.0.0.1:59158 - "GET /api/admin/features HTTP/1.1" 200 OK
INFO:     127.0.0.1:59216 - "GET /api/admin/features HTTP/1.1" 200 OK
INFO:     127.0.0.1:59219 - "GET /api/admin/entities HTTP/1.1" 200 OK
INFO:     127.0.0.1:59219 - "OPTIONS /api/admin/entity-types HTTP/1.1" 200 OK
INFO:     127.0.0.1:59219 - "GET /api/admin/entity-types HTTP/1.1" 200 OK
INFO:     127.0.0.1:59221 - "OPTIONS /api/admin/employees HTTP/1.1" 200 OK
INFO:     127.0.0.1:59221 - "GET /api/admin/employees HTTP/1.1" 500 Internal Server Error
ERROR:    Exception in ASGI application
Traceback (most recent call last):
  File "/Users/hiralgandharva/Desktop/Hardik/OpsisTechnology/Nestora/backend/venv/lib/python3.14/site-packages/uvicorn/protocols/http/h11_impl.py", line 408, in run_asgi
    result = await app(  # type: ignore[func-returns-value]
             ^^^^^^^^^^^^^^^^^^^^^^^^^^^^^^^^^^^^^^^^^^^^^^
        self.scope, self.receive, self.send
        ^^^^^^^^^^^^^^^^^^^^^^^^^^^^^^^^^^^
    )
    ^
  File "/Users/hiralgandharva/Desktop/Hardik/OpsisTechnology/Nestora/backend/venv/lib/python3.14/site-packages/uvicorn/middleware/proxy_headers.py", line 84, in __call__
    return await self.app(scope, receive, send)
           ^^^^^^^^^^^^^^^^^^^^^^^^^^^^^^^^^^^^
  File "/Users/hiralgandharva/Desktop/Hardik/OpsisTechnology/Nestora/backend/venv/lib/python3.14/site-packages/fastapi/applications.py", line 1054, in __call__
    await super().__call__(scope, receive, send)
  File "/Users/hiralgandharva/Desktop/Hardik/OpsisTechnology/Nestora/backend/venv/lib/python3.14/site-packages/starlette/applications.py", line 123, in __call__
    await self.middleware_stack(scope, receive, send)
  File "/Users/hiralgandharva/Desktop/Hardik/OpsisTechnology/Nestora/backend/venv/lib/python3.14/site-packages/starlette/middleware/errors.py", line 186, in __call__
    raise exc
  File "/Users/hiralgandharva/Desktop/Hardik/OpsisTechnology/Nestora/backend/venv/lib/python3.14/site-packages/starlette/middleware/errors.py", line 164, in __call__
    await self.app(scope, receive, _send)
  File "/Users/hiralgandharva/Desktop/Hardik/OpsisTechnology/Nestora/backend/venv/lib/python3.14/site-packages/starlette/middleware/cors.py", line 93, in __call__
    await self.simple_response(scope, receive, send, request_headers=headers)
  File "/Users/hiralgandharva/Desktop/Hardik/OpsisTechnology/Nestora/backend/venv/lib/python3.14/site-packages/starlette/middleware/cors.py", line 148, in simple_response
    await self.app(scope, receive, send)
  File "/Users/hiralgandharva/Desktop/Hardik/OpsisTechnology/Nestora/backend/venv/lib/python3.14/site-packages/starlette/middleware/exceptions.py", line 65, in __call__
    await wrap_app_handling_exceptions(self.app, conn)(scope, receive, send)
  File "/Users/hiralgandharva/Desktop/Hardik/OpsisTechnology/Nestora/backend/venv/lib/python3.14/site-packages/starlette/_exception_handler.py", line 64, in wrapped_app
    raise exc
  File "/Users/hiralgandharva/Desktop/Hardik/OpsisTechnology/Nestora/backend/venv/lib/python3.14/site-packages/starlette/_exception_handler.py", line 53, in wrapped_app
    await app(scope, receive, sender)
  File "/Users/hiralgandharva/Desktop/Hardik/OpsisTechnology/Nestora/backend/venv/lib/python3.14/site-packages/starlette/routing.py", line 756, in __call__
    await self.middleware_stack(scope, receive, send)
  File "/Users/hiralgandharva/Desktop/Hardik/OpsisTechnology/Nestora/backend/venv/lib/python3.14/site-packages/starlette/routing.py", line 776, in app
    await route.handle(scope, receive, send)
  File "/Users/hiralgandharva/Desktop/Hardik/OpsisTechnology/Nestora/backend/venv/lib/python3.14/site-packages/starlette/routing.py", line 297, in handle
    await self.app(scope, receive, send)
  File "/Users/hiralgandharva/Desktop/Hardik/OpsisTechnology/Nestora/backend/venv/lib/python3.14/site-packages/starlette/routing.py", line 77, in app
    await wrap_app_handling_exceptions(app, request)(scope, receive, send)
  File "/Users/hiralgandharva/Desktop/Hardik/OpsisTechnology/Nestora/backend/venv/lib/python3.14/site-packages/starlette/_exception_handler.py", line 64, in wrapped_app
    raise exc
  File "/Users/hiralgandharva/Desktop/Hardik/OpsisTechnology/Nestora/backend/venv/lib/python3.14/site-packages/starlette/_exception_handler.py", line 53, in wrapped_app
    await app(scope, receive, sender)
  File "/Users/hiralgandharva/Desktop/Hardik/OpsisTechnology/Nestora/backend/venv/lib/python3.14/site-packages/starlette/routing.py", line 72, in app
    response = await func(request)
               ^^^^^^^^^^^^^^^^^^^
  File "/Users/hiralgandharva/Desktop/Hardik/OpsisTechnology/Nestora/backend/venv/lib/python3.14/site-packages/fastapi/routing.py", line 278, in app
    raw_response = await run_endpoint_function(
                   ^^^^^^^^^^^^^^^^^^^^^^^^^^^^
        dependant=dependant, values=values, is_coroutine=is_coroutine
        ^^^^^^^^^^^^^^^^^^^^^^^^^^^^^^^^^^^^^^^^^^^^^^^^^^^^^^^^^^^^^
    )
    ^
  File "/Users/hiralgandharva/Desktop/Hardik/OpsisTechnology/Nestora/backend/venv/lib/python3.14/site-packages/fastapi/routing.py", line 191, in run_endpoint_function
    return await dependant.call(**values)
           ^^^^^^^^^^^^^^^^^^^^^^^^^^^^^^
  File "/Users/hiralgandharva/Desktop/Hardik/OpsisTechnology/Nestora/backend/server.py", line 1065, in list_employees
    rows = await db_fetchall(
           ^^^^^^^^^^^^^^^^^^
    ...<7 lines>...
    )
    ^
  File "/Users/hiralgandharva/Desktop/Hardik/OpsisTechnology/Nestora/backend/server.py", line 107, in db_fetchall
    await cur.execute(sql, params)
  File "/Users/hiralgandharva/Desktop/Hardik/OpsisTechnology/Nestora/backend/venv/lib/python3.14/site-packages/aiomysql/cursors.py", line 239, in execute
    await self._query(query)
  File "/Users/hiralgandharva/Desktop/Hardik/OpsisTechnology/Nestora/backend/venv/lib/python3.14/site-packages/aiomysql/cursors.py", line 457, in _query
    await conn.query(q)
  File "/Users/hiralgandharva/Desktop/Hardik/OpsisTechnology/Nestora/backend/venv/lib/python3.14/site-packages/aiomysql/connection.py", line 469, in query
    await self._read_query_result(unbuffered=unbuffered)
  File "/Users/hiralgandharva/Desktop/Hardik/OpsisTechnology/Nestora/backend/venv/lib/python3.14/site-packages/aiomysql/connection.py", line 683, in _read_query_result
    await result.read()
  File "/Users/hiralgandharva/Desktop/Hardik/OpsisTechnology/Nestora/backend/venv/lib/python3.14/site-packages/aiomysql/connection.py", line 1164, in read
    first_packet = await self.connection._read_packet()
                   ^^^^^^^^^^^^^^^^^^^^^^^^^^^^^^^^^^^^
  File "/Users/hiralgandharva/Desktop/Hardik/OpsisTechnology/Nestora/backend/venv/lib/python3.14/site-packages/aiomysql/connection.py", line 652, in _read_packet
    packet.raise_for_error()
    ~~~~~~~~~~~~~~~~~~~~~~^^
  File "/Users/hiralgandharva/Desktop/Hardik/OpsisTechnology/Nestora/backend/venv/lib/python3.14/site-packages/pymysql/protocol.py", line 219, in raise_for_error
    err.raise_mysql_exception(self._data)
    ~~~~~~~~~~~~~~~~~~~~~~~~~^^^^^^^^^^^^
  File "/Users/hiralgandharva/Desktop/Hardik/OpsisTechnology/Nestora/backend/venv/lib/python3.14/site-packages/pymysql/err.py", line 154, in raise_mysql_exception
    raise errorclass(errno, errval, sqlstate=sqlstate)
pymysql.err.OperationalError: (1054, "Unknown column 'a.raw_password' in 'field list'")
INFO:     127.0.0.1:59227 - "GET /api/admin/entities HTTP/1.1" 200 OK
INFO:     127.0.0.1:59227 - "GET /api/admin/entity-types HTTP/1.1" 200 OK
INFO:     127.0.0.1:59293 - "GET /api/admin/employees HTTP/1.1" 500 Internal Server Error
ERROR:    Exception in ASGI application
Traceback (most recent call last):
  File "/Users/hiralgandharva/Desktop/Hardik/OpsisTechnology/Nestora/backend/venv/lib/python3.14/site-packages/uvicorn/protocols/http/h11_impl.py", line 408, in run_asgi
    result = await app(  # type: ignore[func-returns-value]
             ^^^^^^^^^^^^^^^^^^^^^^^^^^^^^^^^^^^^^^^^^^^^^^
        self.scope, self.receive, self.send
        ^^^^^^^^^^^^^^^^^^^^^^^^^^^^^^^^^^^
    )
    ^
  File "/Users/hiralgandharva/Desktop/Hardik/OpsisTechnology/Nestora/backend/venv/lib/python3.14/site-packages/uvicorn/middleware/proxy_headers.py", line 84, in __call__
    return await self.app(scope, receive, send)
           ^^^^^^^^^^^^^^^^^^^^^^^^^^^^^^^^^^^^
  File "/Users/hiralgandharva/Desktop/Hardik/OpsisTechnology/Nestora/backend/venv/lib/python3.14/site-packages/fastapi/applications.py", line 1054, in __call__
    await super().__call__(scope, receive, send)
  File "/Users/hiralgandharva/Desktop/Hardik/OpsisTechnology/Nestora/backend/venv/lib/python3.14/site-packages/starlette/applications.py", line 123, in __call__
    await self.middleware_stack(scope, receive, send)
  File "/Users/hiralgandharva/Desktop/Hardik/OpsisTechnology/Nestora/backend/venv/lib/python3.14/site-packages/starlette/middleware/errors.py", line 186, in __call__
    raise exc
  File "/Users/hiralgandharva/Desktop/Hardik/OpsisTechnology/Nestora/backend/venv/lib/python3.14/site-packages/starlette/middleware/errors.py", line 164, in __call__
    await self.app(scope, receive, _send)
  File "/Users/hiralgandharva/Desktop/Hardik/OpsisTechnology/Nestora/backend/venv/lib/python3.14/site-packages/starlette/middleware/cors.py", line 93, in __call__
    await self.simple_response(scope, receive, send, request_headers=headers)
  File "/Users/hiralgandharva/Desktop/Hardik/OpsisTechnology/Nestora/backend/venv/lib/python3.14/site-packages/starlette/middleware/cors.py", line 148, in simple_response
    await self.app(scope, receive, send)
  File "/Users/hiralgandharva/Desktop/Hardik/OpsisTechnology/Nestora/backend/venv/lib/python3.14/site-packages/starlette/middleware/exceptions.py", line 65, in __call__
    await wrap_app_handling_exceptions(self.app, conn)(scope, receive, send)
  File "/Users/hiralgandharva/Desktop/Hardik/OpsisTechnology/Nestora/backend/venv/lib/python3.14/site-packages/starlette/_exception_handler.py", line 64, in wrapped_app
    raise exc
  File "/Users/hiralgandharva/Desktop/Hardik/OpsisTechnology/Nestora/backend/venv/lib/python3.14/site-packages/starlette/_exception_handler.py", line 53, in wrapped_app
    await app(scope, receive, sender)
  File "/Users/hiralgandharva/Desktop/Hardik/OpsisTechnology/Nestora/backend/venv/lib/python3.14/site-packages/starlette/routing.py", line 756, in __call__
    await self.middleware_stack(scope, receive, send)
  File "/Users/hiralgandharva/Desktop/Hardik/OpsisTechnology/Nestora/backend/venv/lib/python3.14/site-packages/starlette/routing.py", line 776, in app
    await route.handle(scope, receive, send)
  File "/Users/hiralgandharva/Desktop/Hardik/OpsisTechnology/Nestora/backend/venv/lib/python3.14/site-packages/starlette/routing.py", line 297, in handle
    await self.app(scope, receive, send)
  File "/Users/hiralgandharva/Desktop/Hardik/OpsisTechnology/Nestora/backend/venv/lib/python3.14/site-packages/starlette/routing.py", line 77, in app
    await wrap_app_handling_exceptions(app, request)(scope, receive, send)
  File "/Users/hiralgandharva/Desktop/Hardik/OpsisTechnology/Nestora/backend/venv/lib/python3.14/site-packages/starlette/_exception_handler.py", line 64, in wrapped_app
    raise exc
  File "/Users/hiralgandharva/Desktop/Hardik/OpsisTechnology/Nestora/backend/venv/lib/python3.14/site-packages/starlette/_exception_handler.py", line 53, in wrapped_app
    await app(scope, receive, sender)
  File "/Users/hiralgandharva/Desktop/Hardik/OpsisTechnology/Nestora/backend/venv/lib/python3.14/site-packages/starlette/routing.py", line 72, in app
    response = await func(request)
               ^^^^^^^^^^^^^^^^^^^
  File "/Users/hiralgandharva/Desktop/Hardik/OpsisTechnology/Nestora/backend/venv/lib/python3.14/site-packages/fastapi/routing.py", line 278, in app
    raw_response = await run_endpoint_function(
                   ^^^^^^^^^^^^^^^^^^^^^^^^^^^^
        dependant=dependant, values=values, is_coroutine=is_coroutine
        ^^^^^^^^^^^^^^^^^^^^^^^^^^^^^^^^^^^^^^^^^^^^^^^^^^^^^^^^^^^^^
    )
    ^
  File "/Users/hiralgandharva/Desktop/Hardik/OpsisTechnology/Nestora/backend/venv/lib/python3.14/site-packages/fastapi/routing.py", line 191, in run_endpoint_function
    return await dependant.call(**values)
           ^^^^^^^^^^^^^^^^^^^^^^^^^^^^^^
  File "/Users/hiralgandharva/Desktop/Hardik/OpsisTechnology/Nestora/backend/server.py", line 1065, in list_employees
    rows = await db_fetchall(
           ^^^^^^^^^^^^^^^^^^
    ...<7 lines>...
    )
    ^
  File "/Users/hiralgandharva/Desktop/Hardik/OpsisTechnology/Nestora/backend/server.py", line 107, in db_fetchall
    await cur.execute(sql, params)
  File "/Users/hiralgandharva/Desktop/Hardik/OpsisTechnology/Nestora/backend/venv/lib/python3.14/site-packages/aiomysql/cursors.py", line 239, in execute
    await self._query(query)
  File "/Users/hiralgandharva/Desktop/Hardik/OpsisTechnology/Nestora/backend/venv/lib/python3.14/site-packages/aiomysql/cursors.py", line 457, in _query
    await conn.query(q)
  File "/Users/hiralgandharva/Desktop/Hardik/OpsisTechnology/Nestora/backend/venv/lib/python3.14/site-packages/aiomysql/connection.py", line 469, in query
    await self._read_query_result(unbuffered=unbuffered)
  File "/Users/hiralgandharva/Desktop/Hardik/OpsisTechnology/Nestora/backend/venv/lib/python3.14/site-packages/aiomysql/connection.py", line 683, in _read_query_result
    await result.read()
  File "/Users/hiralgandharva/Desktop/Hardik/OpsisTechnology/Nestora/backend/venv/lib/python3.14/site-packages/aiomysql/connection.py", line 1164, in read
    first_packet = await self.connection._read_packet()
                   ^^^^^^^^^^^^^^^^^^^^^^^^^^^^^^^^^^^^
  File "/Users/hiralgandharva/Desktop/Hardik/OpsisTechnology/Nestora/backend/venv/lib/python3.14/site-packages/aiomysql/connection.py", line 652, in _read_packet
    packet.raise_for_error()
    ~~~~~~~~~~~~~~~~~~~~~~^^
  File "/Users/hiralgandharva/Desktop/Hardik/OpsisTechnology/Nestora/backend/venv/lib/python3.14/site-packages/pymysql/protocol.py", line 219, in raise_for_error
    err.raise_mysql_exception(self._data)
    ~~~~~~~~~~~~~~~~~~~~~~~~~^^^^^^^^^^^^
  File "/Users/hiralgandharva/Desktop/Hardik/OpsisTechnology/Nestora/backend/venv/lib/python3.14/site-packages/pymysql/err.py", line 154, in raise_mysql_exception
    raise errorclass(errno, errval, sqlstate=sqlstate)
pymysql.err.OperationalError: (1054, "Unknown column 'a.raw_password' in 'field list'")
WARNING:  StatReload detected changes in 'server.py'. Reloading...
INFO:     Shutting down
INFO:     Waiting for application shutdown.
INFO:     Application shutdown complete.
INFO:     Finished server process [9778]
INFO:     Started server process [12406]
INFO:     Waiting for application startup.
/Users/hiralgandharva/Desktop/Hardik/OpsisTechnology/Nestora/backend/venv/lib/python3.14/site-packages/aiomysql/cursors.py:458: Warning: Table 'user_codes' already exists
  await self._do_get_result()
/Users/hiralgandharva/Desktop/Hardik/OpsisTechnology/Nestora/backend/venv/lib/python3.14/site-packages/aiomysql/cursors.py:458: Warning: Table 'user_details' already exists
  await self._do_get_result()
/Users/hiralgandharva/Desktop/Hardik/OpsisTechnology/Nestora/backend/venv/lib/python3.14/site-packages/aiomysql/cursors.py:458: Warning: Table 'entity_types' already exists
  await self._do_get_result()
/Users/hiralgandharva/Desktop/Hardik/OpsisTechnology/Nestora/backend/venv/lib/python3.14/site-packages/aiomysql/cursors.py:458: Warning: Table 'entities' already exists
  await self._do_get_result()
/Users/hiralgandharva/Desktop/Hardik/OpsisTechnology/Nestora/backend/venv/lib/python3.14/site-packages/aiomysql/cursors.py:458: Warning: Table 'roles' already exists
  await self._do_get_result()
/Users/hiralgandharva/Desktop/Hardik/OpsisTechnology/Nestora/backend/venv/lib/python3.14/site-packages/aiomysql/cursors.py:458: Warning: Table 'accounts' already exists
  await self._do_get_result()
/Users/hiralgandharva/Desktop/Hardik/OpsisTechnology/Nestora/backend/venv/lib/python3.14/site-packages/aiomysql/cursors.py:458: Warning: Table 'features' already exists
  await self._do_get_result()
/Users/hiralgandharva/Desktop/Hardik/OpsisTechnology/Nestora/backend/venv/lib/python3.14/site-packages/aiomysql/cursors.py:458: Warning: Integer display width is deprecated and will be removed in a future release.
  await self._do_get_result()
/Users/hiralgandharva/Desktop/Hardik/OpsisTechnology/Nestora/backend/venv/lib/python3.14/site-packages/aiomysql/cursors.py:458: Warning: Table 'role_feature_permissions' already exists
  await self._do_get_result()
/Users/hiralgandharva/Desktop/Hardik/OpsisTechnology/Nestora/backend/venv/lib/python3.14/site-packages/aiomysql/cursors.py:458: Warning: Table 'associations' already exists
  await self._do_get_result()
/Users/hiralgandharva/Desktop/Hardik/OpsisTechnology/Nestora/backend/venv/lib/python3.14/site-packages/aiomysql/cursors.py:458: Warning: Table 'admin_associations' already exists
  await self._do_get_result()
/Users/hiralgandharva/Desktop/Hardik/OpsisTechnology/Nestora/backend/venv/lib/python3.14/site-packages/aiomysql/cursors.py:458: Warning: Table 'code_requests' already exists
  await self._do_get_result()
/Users/hiralgandharva/Desktop/Hardik/OpsisTechnology/Nestora/backend/venv/lib/python3.14/site-packages/aiomysql/cursors.py:458: Warning: Table 'update_requests' already exists
  await self._do_get_result()
/Users/hiralgandharva/Desktop/Hardik/OpsisTechnology/Nestora/backend/venv/lib/python3.14/site-packages/aiomysql/cursors.py:458: Warning: Table 'email_log' already exists
  await self._do_get_result()
/Users/hiralgandharva/Desktop/Hardik/OpsisTechnology/Nestora/backend/venv/lib/python3.14/site-packages/aiomysql/cursors.py:458: Warning: Table 'announcements' already exists
  await self._do_get_result()
/Users/hiralgandharva/Desktop/Hardik/OpsisTechnology/Nestora/backend/venv/lib/python3.14/site-packages/aiomysql/cursors.py:458: Warning: Table 'events' already exists
  await self._do_get_result()
/Users/hiralgandharva/Desktop/Hardik/OpsisTechnology/Nestora/backend/venv/lib/python3.14/site-packages/aiomysql/cursors.py:458: Warning: Table 'event_rsvps' already exists
  await self._do_get_result()
/Users/hiralgandharva/Desktop/Hardik/OpsisTechnology/Nestora/backend/venv/lib/python3.14/site-packages/aiomysql/cursors.py:458: Warning: Field 'id' doesn't have a default value
  await self._do_get_result()
/Users/hiralgandharva/Desktop/Hardik/OpsisTechnology/Nestora/backend/venv/lib/python3.14/site-packages/aiomysql/cursors.py:458: Warning: Duplicate entry '' for key 'entity_types.PRIMARY'
  await self._do_get_result()
/Users/hiralgandharva/Desktop/Hardik/OpsisTechnology/Nestora/backend/venv/lib/python3.14/site-packages/aiomysql/cursors.py:458: Warning: Duplicate entry '' for key 'entities.PRIMARY'
  await self._do_get_result()
2026-07-22 19:28:25,218 - nestora - INFO - Nestora API started (MySQL connected).
INFO:     Application startup complete.
INFO:     127.0.0.1:59329 - "GET /api/admin/roles HTTP/1.1" 200 OK
INFO:     127.0.0.1:59329 - "GET /api/admin/roles HTTP/1.1" 200 OK
INFO:     127.0.0.1:59332 - "GET /api/admin/entities HTTP/1.1" 200 OK
INFO:     127.0.0.1:59332 - "GET /api/admin/entities HTTP/1.1" 200 OK
INFO:     127.0.0.1:59376 - "OPTIONS /api/admin/associations HTTP/1.1" 200 OK
INFO:     127.0.0.1:59376 - "GET /api/admin/associations HTTP/1.1" 200 OK
INFO:     127.0.0.1:59378 - "OPTIONS /api/admin/entities HTTP/1.1" 200 OK
INFO:     127.0.0.1:59382 - "OPTIONS /api/admin/entities HTTP/1.1" 200 OK
INFO:     127.0.0.1:59378 - "GET /api/admin/entities HTTP/1.1" 200 OK
INFO:     127.0.0.1:59378 - "GET /api/admin/entities HTTP/1.1" 200 OK
INFO:     127.0.0.1:59384 - "OPTIONS /api/admin/associations/onboard HTTP/1.1" 200 OK
INFO:     127.0.0.1:59384 - "POST /api/admin/associations/onboard HTTP/1.1" 400 Bad Request
INFO:     127.0.0.1:59388 - "OPTIONS /api/admin/roles HTTP/1.1" 200 OK
INFO:     127.0.0.1:59388 - "GET /api/admin/roles HTTP/1.1" 200 OK
INFO:     127.0.0.1:59388 - "OPTIONS /api/admin/features HTTP/1.1" 200 OK
INFO:     127.0.0.1:59390 - "GET /api/admin/features HTTP/1.1" 200 OK
INFO:     127.0.0.1:59390 - "OPTIONS /api/admin/permissions HTTP/1.1" 200 OK
INFO:     127.0.0.1:59388 - "GET /api/admin/permissions HTTP/1.1" 200 OK
INFO:     127.0.0.1:59388 - "GET /api/admin/associations HTTP/1.1" 200 OK
INFO:     127.0.0.1:59396 - "GET /api/admin/employees HTTP/1.1" 500 Internal Server Error
ERROR:    Exception in ASGI application
Traceback (most recent call last):
  File "/Users/hiralgandharva/Desktop/Hardik/OpsisTechnology/Nestora/backend/venv/lib/python3.14/site-packages/uvicorn/protocols/http/h11_impl.py", line 408, in run_asgi
    result = await app(  # type: ignore[func-returns-value]
             ^^^^^^^^^^^^^^^^^^^^^^^^^^^^^^^^^^^^^^^^^^^^^^
        self.scope, self.receive, self.send
        ^^^^^^^^^^^^^^^^^^^^^^^^^^^^^^^^^^^
    )
    ^
  File "/Users/hiralgandharva/Desktop/Hardik/OpsisTechnology/Nestora/backend/venv/lib/python3.14/site-packages/uvicorn/middleware/proxy_headers.py", line 84, in __call__
    return await self.app(scope, receive, send)
           ^^^^^^^^^^^^^^^^^^^^^^^^^^^^^^^^^^^^
  File "/Users/hiralgandharva/Desktop/Hardik/OpsisTechnology/Nestora/backend/venv/lib/python3.14/site-packages/fastapi/applications.py", line 1054, in __call__
    await super().__call__(scope, receive, send)
  File "/Users/hiralgandharva/Desktop/Hardik/OpsisTechnology/Nestora/backend/venv/lib/python3.14/site-packages/starlette/applications.py", line 123, in __call__
    await self.middleware_stack(scope, receive, send)
  File "/Users/hiralgandharva/Desktop/Hardik/OpsisTechnology/Nestora/backend/venv/lib/python3.14/site-packages/starlette/middleware/errors.py", line 186, in __call__
    raise exc
  File "/Users/hiralgandharva/Desktop/Hardik/OpsisTechnology/Nestora/backend/venv/lib/python3.14/site-packages/starlette/middleware/errors.py", line 164, in __call__
    await self.app(scope, receive, _send)
  File "/Users/hiralgandharva/Desktop/Hardik/OpsisTechnology/Nestora/backend/venv/lib/python3.14/site-packages/starlette/middleware/cors.py", line 93, in __call__
    await self.simple_response(scope, receive, send, request_headers=headers)
  File "/Users/hiralgandharva/Desktop/Hardik/OpsisTechnology/Nestora/backend/venv/lib/python3.14/site-packages/starlette/middleware/cors.py", line 148, in simple_response
    await self.app(scope, receive, send)
  File "/Users/hiralgandharva/Desktop/Hardik/OpsisTechnology/Nestora/backend/venv/lib/python3.14/site-packages/starlette/middleware/exceptions.py", line 65, in __call__
    await wrap_app_handling_exceptions(self.app, conn)(scope, receive, send)
  File "/Users/hiralgandharva/Desktop/Hardik/OpsisTechnology/Nestora/backend/venv/lib/python3.14/site-packages/starlette/_exception_handler.py", line 64, in wrapped_app
    raise exc
  File "/Users/hiralgandharva/Desktop/Hardik/OpsisTechnology/Nestora/backend/venv/lib/python3.14/site-packages/starlette/_exception_handler.py", line 53, in wrapped_app
    await app(scope, receive, sender)
  File "/Users/hiralgandharva/Desktop/Hardik/OpsisTechnology/Nestora/backend/venv/lib/python3.14/site-packages/starlette/routing.py", line 756, in __call__
    await self.middleware_stack(scope, receive, send)
  File "/Users/hiralgandharva/Desktop/Hardik/OpsisTechnology/Nestora/backend/venv/lib/python3.14/site-packages/starlette/routing.py", line 776, in app
    await route.handle(scope, receive, send)
  File "/Users/hiralgandharva/Desktop/Hardik/OpsisTechnology/Nestora/backend/venv/lib/python3.14/site-packages/starlette/routing.py", line 297, in handle
    await self.app(scope, receive, send)
  File "/Users/hiralgandharva/Desktop/Hardik/OpsisTechnology/Nestora/backend/venv/lib/python3.14/site-packages/starlette/routing.py", line 77, in app
    await wrap_app_handling_exceptions(app, request)(scope, receive, send)
  File "/Users/hiralgandharva/Desktop/Hardik/OpsisTechnology/Nestora/backend/venv/lib/python3.14/site-packages/starlette/_exception_handler.py", line 64, in wrapped_app
    raise exc
  File "/Users/hiralgandharva/Desktop/Hardik/OpsisTechnology/Nestora/backend/venv/lib/python3.14/site-packages/starlette/_exception_handler.py", line 53, in wrapped_app
    await app(scope, receive, sender)
  File "/Users/hiralgandharva/Desktop/Hardik/OpsisTechnology/Nestora/backend/venv/lib/python3.14/site-packages/starlette/routing.py", line 72, in app
    response = await func(request)
               ^^^^^^^^^^^^^^^^^^^
  File "/Users/hiralgandharva/Desktop/Hardik/OpsisTechnology/Nestora/backend/venv/lib/python3.14/site-packages/fastapi/routing.py", line 278, in app
    raw_response = await run_endpoint_function(
                   ^^^^^^^^^^^^^^^^^^^^^^^^^^^^
        dependant=dependant, values=values, is_coroutine=is_coroutine
        ^^^^^^^^^^^^^^^^^^^^^^^^^^^^^^^^^^^^^^^^^^^^^^^^^^^^^^^^^^^^^
    )
    ^
  File "/Users/hiralgandharva/Desktop/Hardik/OpsisTechnology/Nestora/backend/venv/lib/python3.14/site-packages/fastapi/routing.py", line 191, in run_endpoint_function
    return await dependant.call(**values)
           ^^^^^^^^^^^^^^^^^^^^^^^^^^^^^^
  File "/Users/hiralgandharva/Desktop/Hardik/OpsisTechnology/Nestora/backend/server.py", line 1065, in list_employees
    rows = await db_fetchall(
           ^^^^^^^^^^^^^^^^^^
    ...<7 lines>...
    )
    ^
  File "/Users/hiralgandharva/Desktop/Hardik/OpsisTechnology/Nestora/backend/server.py", line 107, in db_fetchall
    await cur.execute(sql, params)
  File "/Users/hiralgandharva/Desktop/Hardik/OpsisTechnology/Nestora/backend/venv/lib/python3.14/site-packages/aiomysql/cursors.py", line 239, in execute
    await self._query(query)
  File "/Users/hiralgandharva/Desktop/Hardik/OpsisTechnology/Nestora/backend/venv/lib/python3.14/site-packages/aiomysql/cursors.py", line 457, in _query
    await conn.query(q)
  File "/Users/hiralgandharva/Desktop/Hardik/OpsisTechnology/Nestora/backend/venv/lib/python3.14/site-packages/aiomysql/connection.py", line 469, in query
    await self._read_query_result(unbuffered=unbuffered)
  File "/Users/hiralgandharva/Desktop/Hardik/OpsisTechnology/Nestora/backend/venv/lib/python3.14/site-packages/aiomysql/connection.py", line 683, in _read_query_result
    await result.read()
  File "/Users/hiralgandharva/Desktop/Hardik/OpsisTechnology/Nestora/backend/venv/lib/python3.14/site-packages/aiomysql/connection.py", line 1164, in read
    first_packet = await self.connection._read_packet()
                   ^^^^^^^^^^^^^^^^^^^^^^^^^^^^^^^^^^^^
  File "/Users/hiralgandharva/Desktop/Hardik/OpsisTechnology/Nestora/backend/venv/lib/python3.14/site-packages/aiomysql/connection.py", line 652, in _read_packet
    packet.raise_for_error()
    ~~~~~~~~~~~~~~~~~~~~~~^^
  File "/Users/hiralgandharva/Desktop/Hardik/OpsisTechnology/Nestora/backend/venv/lib/python3.14/site-packages/pymysql/protocol.py", line 219, in raise_for_error
    err.raise_mysql_exception(self._data)
    ~~~~~~~~~~~~~~~~~~~~~~~~~^^^^^^^^^^^^
  File "/Users/hiralgandharva/Desktop/Hardik/OpsisTechnology/Nestora/backend/venv/lib/python3.14/site-packages/pymysql/err.py", line 154, in raise_mysql_exception
    raise errorclass(errno, errval, sqlstate=sqlstate)
pymysql.err.OperationalError: (1054, "Unknown column 'a.raw_password' in 'field list'")
INFO:     127.0.0.1:59403 - "GET /api/admin/associations HTTP/1.1" 200 OK
INFO:     127.0.0.1:59408 - "GET /api/admin/entities HTTP/1.1" 200 OK
INFO:     127.0.0.1:59408 - "GET /api/admin/entities HTTP/1.1" 200 OK
INFO:     127.0.0.1:60263 - "OPTIONS /api/admin/entities HTTP/1.1" 200 OK
INFO:     127.0.0.1:60264 - "OPTIONS /api/admin/entities HTTP/1.1" 200 OK
INFO:     127.0.0.1:60263 - "GET /api/admin/entities HTTP/1.1" 200 OK
INFO:     127.0.0.1:60263 - "GET /api/admin/entities HTTP/1.1" 200 OK
INFO:     127.0.0.1:60266 - "GET /api/admin/entities HTTP/1.1" 200 OK
INFO:     127.0.0.1:60266 - "OPTIONS /api/admin/entity-types HTTP/1.1" 200 OK
INFO:     127.0.0.1:60266 - "GET /api/admin/entity-types HTTP/1.1" 200 OK
INFO:     127.0.0.1:60273 - "OPTIONS /api/admin/employees HTTP/1.1" 200 OK
INFO:     127.0.0.1:60273 - "GET /api/admin/employees HTTP/1.1" 500 Internal Server Error
ERROR:    Exception in ASGI application
Traceback (most recent call last):
  File "/Users/hiralgandharva/Desktop/Hardik/OpsisTechnology/Nestora/backend/venv/lib/python3.14/site-packages/uvicorn/protocols/http/h11_impl.py", line 408, in run_asgi
    result = await app(  # type: ignore[func-returns-value]
             ^^^^^^^^^^^^^^^^^^^^^^^^^^^^^^^^^^^^^^^^^^^^^^
        self.scope, self.receive, self.send
        ^^^^^^^^^^^^^^^^^^^^^^^^^^^^^^^^^^^
    )
    ^
  File "/Users/hiralgandharva/Desktop/Hardik/OpsisTechnology/Nestora/backend/venv/lib/python3.14/site-packages/uvicorn/middleware/proxy_headers.py", line 84, in __call__
    return await self.app(scope, receive, send)
           ^^^^^^^^^^^^^^^^^^^^^^^^^^^^^^^^^^^^
  File "/Users/hiralgandharva/Desktop/Hardik/OpsisTechnology/Nestora/backend/venv/lib/python3.14/site-packages/fastapi/applications.py", line 1054, in __call__
    await super().__call__(scope, receive, send)
  File "/Users/hiralgandharva/Desktop/Hardik/OpsisTechnology/Nestora/backend/venv/lib/python3.14/site-packages/starlette/applications.py", line 123, in __call__
    await self.middleware_stack(scope, receive, send)
  File "/Users/hiralgandharva/Desktop/Hardik/OpsisTechnology/Nestora/backend/venv/lib/python3.14/site-packages/starlette/middleware/errors.py", line 186, in __call__
    raise exc
  File "/Users/hiralgandharva/Desktop/Hardik/OpsisTechnology/Nestora/backend/venv/lib/python3.14/site-packages/starlette/middleware/errors.py", line 164, in __call__
    await self.app(scope, receive, _send)
  File "/Users/hiralgandharva/Desktop/Hardik/OpsisTechnology/Nestora/backend/venv/lib/python3.14/site-packages/starlette/middleware/cors.py", line 93, in __call__
    await self.simple_response(scope, receive, send, request_headers=headers)
  File "/Users/hiralgandharva/Desktop/Hardik/OpsisTechnology/Nestora/backend/venv/lib/python3.14/site-packages/starlette/middleware/cors.py", line 148, in simple_response
    await self.app(scope, receive, send)
  File "/Users/hiralgandharva/Desktop/Hardik/OpsisTechnology/Nestora/backend/venv/lib/python3.14/site-packages/starlette/middleware/exceptions.py", line 65, in __call__
    await wrap_app_handling_exceptions(self.app, conn)(scope, receive, send)
  File "/Users/hiralgandharva/Desktop/Hardik/OpsisTechnology/Nestora/backend/venv/lib/python3.14/site-packages/starlette/_exception_handler.py", line 64, in wrapped_app
    raise exc
  File "/Users/hiralgandharva/Desktop/Hardik/OpsisTechnology/Nestora/backend/venv/lib/python3.14/site-packages/starlette/_exception_handler.py", line 53, in wrapped_app
    await app(scope, receive, sender)
  File "/Users/hiralgandharva/Desktop/Hardik/OpsisTechnology/Nestora/backend/venv/lib/python3.14/site-packages/starlette/routing.py", line 756, in __call__
    await self.middleware_stack(scope, receive, send)
  File "/Users/hiralgandharva/Desktop/Hardik/OpsisTechnology/Nestora/backend/venv/lib/python3.14/site-packages/starlette/routing.py", line 776, in app
    await route.handle(scope, receive, send)
  File "/Users/hiralgandharva/Desktop/Hardik/OpsisTechnology/Nestora/backend/venv/lib/python3.14/site-packages/starlette/routing.py", line 297, in handle
    await self.app(scope, receive, send)
  File "/Users/hiralgandharva/Desktop/Hardik/OpsisTechnology/Nestora/backend/venv/lib/python3.14/site-packages/starlette/routing.py", line 77, in app
    await wrap_app_handling_exceptions(app, request)(scope, receive, send)
  File "/Users/hiralgandharva/Desktop/Hardik/OpsisTechnology/Nestora/backend/venv/lib/python3.14/site-packages/starlette/_exception_handler.py", line 64, in wrapped_app
    raise exc
  File "/Users/hiralgandharva/Desktop/Hardik/OpsisTechnology/Nestora/backend/venv/lib/python3.14/site-packages/starlette/_exception_handler.py", line 53, in wrapped_app
    await app(scope, receive, sender)
  File "/Users/hiralgandharva/Desktop/Hardik/OpsisTechnology/Nestora/backend/venv/lib/python3.14/site-packages/starlette/routing.py", line 72, in app
    response = await func(request)
               ^^^^^^^^^^^^^^^^^^^
  File "/Users/hiralgandharva/Desktop/Hardik/OpsisTechnology/Nestora/backend/venv/lib/python3.14/site-packages/fastapi/routing.py", line 278, in app
    raw_response = await run_endpoint_function(
                   ^^^^^^^^^^^^^^^^^^^^^^^^^^^^
        dependant=dependant, values=values, is_coroutine=is_coroutine
        ^^^^^^^^^^^^^^^^^^^^^^^^^^^^^^^^^^^^^^^^^^^^^^^^^^^^^^^^^^^^^
    )
    ^
  File "/Users/hiralgandharva/Desktop/Hardik/OpsisTechnology/Nestora/backend/venv/lib/python3.14/site-packages/fastapi/routing.py", line 191, in run_endpoint_function
    return await dependant.call(**values)
           ^^^^^^^^^^^^^^^^^^^^^^^^^^^^^^
  File "/Users/hiralgandharva/Desktop/Hardik/OpsisTechnology/Nestora/backend/server.py", line 1065, in list_employees
    rows = await db_fetchall(
           ^^^^^^^^^^^^^^^^^^
    ...<7 lines>...
    )
    ^
  File "/Users/hiralgandharva/Desktop/Hardik/OpsisTechnology/Nestora/backend/server.py", line 107, in db_fetchall
    await cur.execute(sql, params)
  File "/Users/hiralgandharva/Desktop/Hardik/OpsisTechnology/Nestora/backend/venv/lib/python3.14/site-packages/aiomysql/cursors.py", line 239, in execute
    await self._query(query)
  File "/Users/hiralgandharva/Desktop/Hardik/OpsisTechnology/Nestora/backend/venv/lib/python3.14/site-packages/aiomysql/cursors.py", line 457, in _query
    await conn.query(q)
  File "/Users/hiralgandharva/Desktop/Hardik/OpsisTechnology/Nestora/backend/venv/lib/python3.14/site-packages/aiomysql/connection.py", line 469, in query
    await self._read_query_result(unbuffered=unbuffered)
  File "/Users/hiralgandharva/Desktop/Hardik/OpsisTechnology/Nestora/backend/venv/lib/python3.14/site-packages/aiomysql/connection.py", line 683, in _read_query_result
    await result.read()
  File "/Users/hiralgandharva/Desktop/Hardik/OpsisTechnology/Nestora/backend/venv/lib/python3.14/site-packages/aiomysql/connection.py", line 1164, in read
    first_packet = await self.connection._read_packet()
                   ^^^^^^^^^^^^^^^^^^^^^^^^^^^^^^^^^^^^
  File "/Users/hiralgandharva/Desktop/Hardik/OpsisTechnology/Nestora/backend/venv/lib/python3.14/site-packages/aiomysql/connection.py", line 652, in _read_packet
    packet.raise_for_error()
    ~~~~~~~~~~~~~~~~~~~~~~^^
  File "/Users/hiralgandharva/Desktop/Hardik/OpsisTechnology/Nestora/backend/venv/lib/python3.14/site-packages/pymysql/protocol.py", line 219, in raise_for_error
    err.raise_mysql_exception(self._data)
    ~~~~~~~~~~~~~~~~~~~~~~~~~^^^^^^^^^^^^
  File "/Users/hiralgandharva/Desktop/Hardik/OpsisTechnology/Nestora/backend/venv/lib/python3.14/site-packages/pymysql/err.py", line 154, in raise_mysql_exception
    raise errorclass(errno, errval, sqlstate=sqlstate)
pymysql.err.OperationalError: (1054, "Unknown column 'a.raw_password' in 'field list'")
INFO:     127.0.0.1:60275 - "OPTIONS /api/admin/roles HTTP/1.1" 200 OK
INFO:     127.0.0.1:60278 - "OPTIONS /api/admin/roles HTTP/1.1" 200 OK
INFO:     127.0.0.1:60275 - "GET /api/admin/roles HTTP/1.1" 200 OK
INFO:     127.0.0.1:60278 - "GET /api/admin/entities HTTP/1.1" 200 OK
INFO:     127.0.0.1:60275 - "GET /api/admin/roles HTTP/1.1" 200 OK
INFO:     127.0.0.1:60275 - "GET /api/admin/entities HTTP/1.1" 200 OK
INFO:     127.0.0.1:60280 - "GET /api/admin/roles HTTP/1.1" 200 OK
INFO:     127.0.0.1:60280 - "GET /api/admin/roles HTTP/1.1" 200 OK
INFO:     127.0.0.1:60316 - "GET /api/admin/entities HTTP/1.1" 200 OK
INFO:     127.0.0.1:60316 - "GET /api/admin/entities HTTP/1.1" 200 OK
INFO:     127.0.0.1:60656 - "OPTIONS /api/admin/employees HTTP/1.1" 200 OK
INFO:     127.0.0.1:60656 - "POST /api/admin/employees HTTP/1.1" 422 Unprocessable Content
INFO:     127.0.0.1:60658 - "POST /api/admin/employees HTTP/1.1" 422 Unprocessable Content
WARNING:  StatReload detected changes in 'server.py'. Reloading...
INFO:     Shutting down
INFO:     Waiting for application shutdown.
INFO:     Application shutdown complete.
INFO:     Finished server process [12406]
INFO:     Started server process [14383]
INFO:     Waiting for application startup.
/Users/hiralgandharva/Desktop/Hardik/OpsisTechnology/Nestora/backend/venv/lib/python3.14/site-packages/aiomysql/cursors.py:458: Warning: Table 'user_codes' already exists
  await self._do_get_result()
/Users/hiralgandharva/Desktop/Hardik/OpsisTechnology/Nestora/backend/venv/lib/python3.14/site-packages/aiomysql/cursors.py:458: Warning: Table 'user_details' already exists
  await self._do_get_result()
/Users/hiralgandharva/Desktop/Hardik/OpsisTechnology/Nestora/backend/venv/lib/python3.14/site-packages/aiomysql/cursors.py:458: Warning: Table 'entity_types' already exists
  await self._do_get_result()
/Users/hiralgandharva/Desktop/Hardik/OpsisTechnology/Nestora/backend/venv/lib/python3.14/site-packages/aiomysql/cursors.py:458: Warning: Table 'entities' already exists
  await self._do_get_result()
/Users/hiralgandharva/Desktop/Hardik/OpsisTechnology/Nestora/backend/venv/lib/python3.14/site-packages/aiomysql/cursors.py:458: Warning: Table 'roles' already exists
  await self._do_get_result()
/Users/hiralgandharva/Desktop/Hardik/OpsisTechnology/Nestora/backend/venv/lib/python3.14/site-packages/aiomysql/cursors.py:458: Warning: Table 'accounts' already exists
  await self._do_get_result()
/Users/hiralgandharva/Desktop/Hardik/OpsisTechnology/Nestora/backend/venv/lib/python3.14/site-packages/aiomysql/cursors.py:458: Warning: Table 'features' already exists
  await self._do_get_result()
/Users/hiralgandharva/Desktop/Hardik/OpsisTechnology/Nestora/backend/venv/lib/python3.14/site-packages/aiomysql/cursors.py:458: Warning: Integer display width is deprecated and will be removed in a future release.
  await self._do_get_result()
/Users/hiralgandharva/Desktop/Hardik/OpsisTechnology/Nestora/backend/venv/lib/python3.14/site-packages/aiomysql/cursors.py:458: Warning: Table 'role_feature_permissions' already exists
  await self._do_get_result()
/Users/hiralgandharva/Desktop/Hardik/OpsisTechnology/Nestora/backend/venv/lib/python3.14/site-packages/aiomysql/cursors.py:458: Warning: Table 'associations' already exists
  await self._do_get_result()
/Users/hiralgandharva/Desktop/Hardik/OpsisTechnology/Nestora/backend/venv/lib/python3.14/site-packages/aiomysql/cursors.py:458: Warning: Table 'admin_associations' already exists
  await self._do_get_result()
/Users/hiralgandharva/Desktop/Hardik/OpsisTechnology/Nestora/backend/venv/lib/python3.14/site-packages/aiomysql/cursors.py:458: Warning: Table 'code_requests' already exists
  await self._do_get_result()
/Users/hiralgandharva/Desktop/Hardik/OpsisTechnology/Nestora/backend/venv/lib/python3.14/site-packages/aiomysql/cursors.py:458: Warning: Table 'update_requests' already exists
  await self._do_get_result()
/Users/hiralgandharva/Desktop/Hardik/OpsisTechnology/Nestora/backend/venv/lib/python3.14/site-packages/aiomysql/cursors.py:458: Warning: Table 'email_log' already exists
  await self._do_get_result()
/Users/hiralgandharva/Desktop/Hardik/OpsisTechnology/Nestora/backend/venv/lib/python3.14/site-packages/aiomysql/cursors.py:458: Warning: Table 'announcements' already exists
  await self._do_get_result()
/Users/hiralgandharva/Desktop/Hardik/OpsisTechnology/Nestora/backend/venv/lib/python3.14/site-packages/aiomysql/cursors.py:458: Warning: Table 'events' already exists
  await self._do_get_result()
/Users/hiralgandharva/Desktop/Hardik/OpsisTechnology/Nestora/backend/venv/lib/python3.14/site-packages/aiomysql/cursors.py:458: Warning: Table 'event_rsvps' already exists
  await self._do_get_result()
/Users/hiralgandharva/Desktop/Hardik/OpsisTechnology/Nestora/backend/venv/lib/python3.14/site-packages/aiomysql/cursors.py:458: Warning: Field 'id' doesn't have a default value
  await self._do_get_result()
/Users/hiralgandharva/Desktop/Hardik/OpsisTechnology/Nestora/backend/venv/lib/python3.14/site-packages/aiomysql/cursors.py:458: Warning: Duplicate entry '' for key 'entity_types.PRIMARY'
  await self._do_get_result()
/Users/hiralgandharva/Desktop/Hardik/OpsisTechnology/Nestora/backend/venv/lib/python3.14/site-packages/aiomysql/cursors.py:458: Warning: Duplicate entry '' for key 'entities.PRIMARY'
  await self._do_get_result()
2026-07-22 20:53:53,190 - nestora - INFO - Nestora API started (MySQL connected).
INFO:     Application startup complete.
INFO:     127.0.0.1:60723 - "POST /api/admin/employees HTTP/1.1" 500 Internal Server Error
ERROR:    Exception in ASGI application
Traceback (most recent call last):
  File "/Users/hiralgandharva/Desktop/Hardik/OpsisTechnology/Nestora/backend/venv/lib/python3.14/site-packages/uvicorn/protocols/http/h11_impl.py", line 408, in run_asgi
    result = await app(  # type: ignore[func-returns-value]
             ^^^^^^^^^^^^^^^^^^^^^^^^^^^^^^^^^^^^^^^^^^^^^^
        self.scope, self.receive, self.send
        ^^^^^^^^^^^^^^^^^^^^^^^^^^^^^^^^^^^
    )
    ^
  File "/Users/hiralgandharva/Desktop/Hardik/OpsisTechnology/Nestora/backend/venv/lib/python3.14/site-packages/uvicorn/middleware/proxy_headers.py", line 84, in __call__
    return await self.app(scope, receive, send)
           ^^^^^^^^^^^^^^^^^^^^^^^^^^^^^^^^^^^^
  File "/Users/hiralgandharva/Desktop/Hardik/OpsisTechnology/Nestora/backend/venv/lib/python3.14/site-packages/fastapi/applications.py", line 1054, in __call__
    await super().__call__(scope, receive, send)
  File "/Users/hiralgandharva/Desktop/Hardik/OpsisTechnology/Nestora/backend/venv/lib/python3.14/site-packages/starlette/applications.py", line 123, in __call__
    await self.middleware_stack(scope, receive, send)
  File "/Users/hiralgandharva/Desktop/Hardik/OpsisTechnology/Nestora/backend/venv/lib/python3.14/site-packages/starlette/middleware/errors.py", line 186, in __call__
    raise exc
  File "/Users/hiralgandharva/Desktop/Hardik/OpsisTechnology/Nestora/backend/venv/lib/python3.14/site-packages/starlette/middleware/errors.py", line 164, in __call__
    await self.app(scope, receive, _send)
  File "/Users/hiralgandharva/Desktop/Hardik/OpsisTechnology/Nestora/backend/venv/lib/python3.14/site-packages/starlette/middleware/cors.py", line 93, in __call__
    await self.simple_response(scope, receive, send, request_headers=headers)
  File "/Users/hiralgandharva/Desktop/Hardik/OpsisTechnology/Nestora/backend/venv/lib/python3.14/site-packages/starlette/middleware/cors.py", line 148, in simple_response
    await self.app(scope, receive, send)
  File "/Users/hiralgandharva/Desktop/Hardik/OpsisTechnology/Nestora/backend/venv/lib/python3.14/site-packages/starlette/middleware/exceptions.py", line 65, in __call__
    await wrap_app_handling_exceptions(self.app, conn)(scope, receive, send)
  File "/Users/hiralgandharva/Desktop/Hardik/OpsisTechnology/Nestora/backend/venv/lib/python3.14/site-packages/starlette/_exception_handler.py", line 64, in wrapped_app
    raise exc
  File "/Users/hiralgandharva/Desktop/Hardik/OpsisTechnology/Nestora/backend/venv/lib/python3.14/site-packages/starlette/_exception_handler.py", line 53, in wrapped_app
    await app(scope, receive, sender)
  File "/Users/hiralgandharva/Desktop/Hardik/OpsisTechnology/Nestora/backend/venv/lib/python3.14/site-packages/starlette/routing.py", line 756, in __call__
    await self.middleware_stack(scope, receive, send)
  File "/Users/hiralgandharva/Desktop/Hardik/OpsisTechnology/Nestora/backend/venv/lib/python3.14/site-packages/starlette/routing.py", line 776, in app
    await route.handle(scope, receive, send)
  File "/Users/hiralgandharva/Desktop/Hardik/OpsisTechnology/Nestora/backend/venv/lib/python3.14/site-packages/starlette/routing.py", line 297, in handle
    await self.app(scope, receive, send)
  File "/Users/hiralgandharva/Desktop/Hardik/OpsisTechnology/Nestora/backend/venv/lib/python3.14/site-packages/starlette/routing.py", line 77, in app
    await wrap_app_handling_exceptions(app, request)(scope, receive, send)
  File "/Users/hiralgandharva/Desktop/Hardik/OpsisTechnology/Nestora/backend/venv/lib/python3.14/site-packages/starlette/_exception_handler.py", line 64, in wrapped_app
    raise exc
  File "/Users/hiralgandharva/Desktop/Hardik/OpsisTechnology/Nestora/backend/venv/lib/python3.14/site-packages/starlette/_exception_handler.py", line 53, in wrapped_app
    await app(scope, receive, sender)
  File "/Users/hiralgandharva/Desktop/Hardik/OpsisTechnology/Nestora/backend/venv/lib/python3.14/site-packages/starlette/routing.py", line 72, in app
    response = await func(request)
               ^^^^^^^^^^^^^^^^^^^
  File "/Users/hiralgandharva/Desktop/Hardik/OpsisTechnology/Nestora/backend/venv/lib/python3.14/site-packages/fastapi/routing.py", line 278, in app
    raw_response = await run_endpoint_function(
                   ^^^^^^^^^^^^^^^^^^^^^^^^^^^^
        dependant=dependant, values=values, is_coroutine=is_coroutine
        ^^^^^^^^^^^^^^^^^^^^^^^^^^^^^^^^^^^^^^^^^^^^^^^^^^^^^^^^^^^^^
    )
    ^
  File "/Users/hiralgandharva/Desktop/Hardik/OpsisTechnology/Nestora/backend/venv/lib/python3.14/site-packages/fastapi/routing.py", line 191, in run_endpoint_function
    return await dependant.call(**values)
           ^^^^^^^^^^^^^^^^^^^^^^^^^^^^^^
  File "/Users/hiralgandharva/Desktop/Hardik/OpsisTechnology/Nestora/backend/server.py", line 1033, in add_employee
    user_id = await db_execute(
              ^^^^^^^^^^^^^^^^^
    ...<4 lines>...
    )
    ^
  File "/Users/hiralgandharva/Desktop/Hardik/OpsisTechnology/Nestora/backend/server.py", line 91, in db_execute
    await cur.execute(sql, params)
  File "/Users/hiralgandharva/Desktop/Hardik/OpsisTechnology/Nestora/backend/venv/lib/python3.14/site-packages/aiomysql/cursors.py", line 239, in execute
    await self._query(query)
  File "/Users/hiralgandharva/Desktop/Hardik/OpsisTechnology/Nestora/backend/venv/lib/python3.14/site-packages/aiomysql/cursors.py", line 457, in _query
    await conn.query(q)
  File "/Users/hiralgandharva/Desktop/Hardik/OpsisTechnology/Nestora/backend/venv/lib/python3.14/site-packages/aiomysql/connection.py", line 469, in query
    await self._read_query_result(unbuffered=unbuffered)
  File "/Users/hiralgandharva/Desktop/Hardik/OpsisTechnology/Nestora/backend/venv/lib/python3.14/site-packages/aiomysql/connection.py", line 683, in _read_query_result
    await result.read()
  File "/Users/hiralgandharva/Desktop/Hardik/OpsisTechnology/Nestora/backend/venv/lib/python3.14/site-packages/aiomysql/connection.py", line 1164, in read
    first_packet = await self.connection._read_packet()
                   ^^^^^^^^^^^^^^^^^^^^^^^^^^^^^^^^^^^^
  File "/Users/hiralgandharva/Desktop/Hardik/OpsisTechnology/Nestora/backend/venv/lib/python3.14/site-packages/aiomysql/connection.py", line 652, in _read_packet
    packet.raise_for_error()
    ~~~~~~~~~~~~~~~~~~~~~~^^
  File "/Users/hiralgandharva/Desktop/Hardik/OpsisTechnology/Nestora/backend/venv/lib/python3.14/site-packages/pymysql/protocol.py", line 219, in raise_for_error
    err.raise_mysql_exception(self._data)
    ~~~~~~~~~~~~~~~~~~~~~~~~~^^^^^^^^^^^^
  File "/Users/hiralgandharva/Desktop/Hardik/OpsisTechnology/Nestora/backend/venv/lib/python3.14/site-packages/pymysql/err.py", line 154, in raise_mysql_exception
    raise errorclass(errno, errval, sqlstate=sqlstate)
pymysql.err.OperationalError: (1054, "Unknown column 'first_name' in 'field list'")
INFO:     127.0.0.1:60727 - "POST /api/admin/employees HTTP/1.1" 500 Internal Server Error
ERROR:    Exception in ASGI application
Traceback (most recent call last):
  File "/Users/hiralgandharva/Desktop/Hardik/OpsisTechnology/Nestora/backend/venv/lib/python3.14/site-packages/uvicorn/protocols/http/h11_impl.py", line 408, in run_asgi
    result = await app(  # type: ignore[func-returns-value]
             ^^^^^^^^^^^^^^^^^^^^^^^^^^^^^^^^^^^^^^^^^^^^^^
        self.scope, self.receive, self.send
        ^^^^^^^^^^^^^^^^^^^^^^^^^^^^^^^^^^^
    )
    ^
  File "/Users/hiralgandharva/Desktop/Hardik/OpsisTechnology/Nestora/backend/venv/lib/python3.14/site-packages/uvicorn/middleware/proxy_headers.py", line 84, in __call__
    return await self.app(scope, receive, send)
           ^^^^^^^^^^^^^^^^^^^^^^^^^^^^^^^^^^^^
  File "/Users/hiralgandharva/Desktop/Hardik/OpsisTechnology/Nestora/backend/venv/lib/python3.14/site-packages/fastapi/applications.py", line 1054, in __call__
    await super().__call__(scope, receive, send)
  File "/Users/hiralgandharva/Desktop/Hardik/OpsisTechnology/Nestora/backend/venv/lib/python3.14/site-packages/starlette/applications.py", line 123, in __call__
    await self.middleware_stack(scope, receive, send)
  File "/Users/hiralgandharva/Desktop/Hardik/OpsisTechnology/Nestora/backend/venv/lib/python3.14/site-packages/starlette/middleware/errors.py", line 186, in __call__
    raise exc
  File "/Users/hiralgandharva/Desktop/Hardik/OpsisTechnology/Nestora/backend/venv/lib/python3.14/site-packages/starlette/middleware/errors.py", line 164, in __call__
    await self.app(scope, receive, _send)
  File "/Users/hiralgandharva/Desktop/Hardik/OpsisTechnology/Nestora/backend/venv/lib/python3.14/site-packages/starlette/middleware/cors.py", line 93, in __call__
    await self.simple_response(scope, receive, send, request_headers=headers)
  File "/Users/hiralgandharva/Desktop/Hardik/OpsisTechnology/Nestora/backend/venv/lib/python3.14/site-packages/starlette/middleware/cors.py", line 148, in simple_response
    await self.app(scope, receive, send)
  File "/Users/hiralgandharva/Desktop/Hardik/OpsisTechnology/Nestora/backend/venv/lib/python3.14/site-packages/starlette/middleware/exceptions.py", line 65, in __call__
    await wrap_app_handling_exceptions(self.app, conn)(scope, receive, send)
  File "/Users/hiralgandharva/Desktop/Hardik/OpsisTechnology/Nestora/backend/venv/lib/python3.14/site-packages/starlette/_exception_handler.py", line 64, in wrapped_app
    raise exc
  File "/Users/hiralgandharva/Desktop/Hardik/OpsisTechnology/Nestora/backend/venv/lib/python3.14/site-packages/starlette/_exception_handler.py", line 53, in wrapped_app
    await app(scope, receive, sender)
  File "/Users/hiralgandharva/Desktop/Hardik/OpsisTechnology/Nestora/backend/venv/lib/python3.14/site-packages/starlette/routing.py", line 756, in __call__
    await self.middleware_stack(scope, receive, send)
  File "/Users/hiralgandharva/Desktop/Hardik/OpsisTechnology/Nestora/backend/venv/lib/python3.14/site-packages/starlette/routing.py", line 776, in app
    await route.handle(scope, receive, send)
  File "/Users/hiralgandharva/Desktop/Hardik/OpsisTechnology/Nestora/backend/venv/lib/python3.14/site-packages/starlette/routing.py", line 297, in handle
    await self.app(scope, receive, send)
  File "/Users/hiralgandharva/Desktop/Hardik/OpsisTechnology/Nestora/backend/venv/lib/python3.14/site-packages/starlette/routing.py", line 77, in app
    await wrap_app_handling_exceptions(app, request)(scope, receive, send)
  File "/Users/hiralgandharva/Desktop/Hardik/OpsisTechnology/Nestora/backend/venv/lib/python3.14/site-packages/starlette/_exception_handler.py", line 64, in wrapped_app
    raise exc
  File "/Users/hiralgandharva/Desktop/Hardik/OpsisTechnology/Nestora/backend/venv/lib/python3.14/site-packages/starlette/_exception_handler.py", line 53, in wrapped_app
    await app(scope, receive, sender)
  File "/Users/hiralgandharva/Desktop/Hardik/OpsisTechnology/Nestora/backend/venv/lib/python3.14/site-packages/starlette/routing.py", line 72, in app
    response = await func(request)
               ^^^^^^^^^^^^^^^^^^^
  File "/Users/hiralgandharva/Desktop/Hardik/OpsisTechnology/Nestora/backend/venv/lib/python3.14/site-packages/fastapi/routing.py", line 278, in app
    raw_response = await run_endpoint_function(
                   ^^^^^^^^^^^^^^^^^^^^^^^^^^^^
        dependant=dependant, values=values, is_coroutine=is_coroutine
        ^^^^^^^^^^^^^^^^^^^^^^^^^^^^^^^^^^^^^^^^^^^^^^^^^^^^^^^^^^^^^
    )
    ^
  File "/Users/hiralgandharva/Desktop/Hardik/OpsisTechnology/Nestora/backend/venv/lib/python3.14/site-packages/fastapi/routing.py", line 191, in run_endpoint_function
    return await dependant.call(**values)
           ^^^^^^^^^^^^^^^^^^^^^^^^^^^^^^
  File "/Users/hiralgandharva/Desktop/Hardik/OpsisTechnology/Nestora/backend/server.py", line 1033, in add_employee
    user_id = await db_execute(
              ^^^^^^^^^^^^^^^^^
    ...<4 lines>...
    )
    ^
  File "/Users/hiralgandharva/Desktop/Hardik/OpsisTechnology/Nestora/backend/server.py", line 91, in db_execute
    await cur.execute(sql, params)
  File "/Users/hiralgandharva/Desktop/Hardik/OpsisTechnology/Nestora/backend/venv/lib/python3.14/site-packages/aiomysql/cursors.py", line 239, in execute
    await self._query(query)
  File "/Users/hiralgandharva/Desktop/Hardik/OpsisTechnology/Nestora/backend/venv/lib/python3.14/site-packages/aiomysql/cursors.py", line 457, in _query
    await conn.query(q)
  File "/Users/hiralgandharva/Desktop/Hardik/OpsisTechnology/Nestora/backend/venv/lib/python3.14/site-packages/aiomysql/connection.py", line 469, in query
    await self._read_query_result(unbuffered=unbuffered)
  File "/Users/hiralgandharva/Desktop/Hardik/OpsisTechnology/Nestora/backend/venv/lib/python3.14/site-packages/aiomysql/connection.py", line 683, in _read_query_result
    await result.read()
  File "/Users/hiralgandharva/Desktop/Hardik/OpsisTechnology/Nestora/backend/venv/lib/python3.14/site-packages/aiomysql/connection.py", line 1164, in read
    first_packet = await self.connection._read_packet()
                   ^^^^^^^^^^^^^^^^^^^^^^^^^^^^^^^^^^^^
  File "/Users/hiralgandharva/Desktop/Hardik/OpsisTechnology/Nestora/backend/venv/lib/python3.14/site-packages/aiomysql/connection.py", line 652, in _read_packet
    packet.raise_for_error()
    ~~~~~~~~~~~~~~~~~~~~~~^^
  File "/Users/hiralgandharva/Desktop/Hardik/OpsisTechnology/Nestora/backend/venv/lib/python3.14/site-packages/pymysql/protocol.py", line 219, in raise_for_error
    err.raise_mysql_exception(self._data)
    ~~~~~~~~~~~~~~~~~~~~~~~~~^^^^^^^^^^^^
  File "/Users/hiralgandharva/Desktop/Hardik/OpsisTechnology/Nestora/backend/venv/lib/python3.14/site-packages/pymysql/err.py", line 154, in raise_mysql_exception
    raise errorclass(errno, errval, sqlstate=sqlstate)
pymysql.err.OperationalError: (1054, "Unknown column 'first_name' in 'field list'")
INFO:     127.0.0.1:60729 - "POST /api/admin/employees HTTP/1.1" 500 Internal Server Error
ERROR:    Exception in ASGI application
Traceback (most recent call last):
  File "/Users/hiralgandharva/Desktop/Hardik/OpsisTechnology/Nestora/backend/venv/lib/python3.14/site-packages/uvicorn/protocols/http/h11_impl.py", line 408, in run_asgi
    result = await app(  # type: ignore[func-returns-value]
             ^^^^^^^^^^^^^^^^^^^^^^^^^^^^^^^^^^^^^^^^^^^^^^
        self.scope, self.receive, self.send
        ^^^^^^^^^^^^^^^^^^^^^^^^^^^^^^^^^^^
    )
    ^
  File "/Users/hiralgandharva/Desktop/Hardik/OpsisTechnology/Nestora/backend/venv/lib/python3.14/site-packages/uvicorn/middleware/proxy_headers.py", line 84, in __call__
    return await self.app(scope, receive, send)
           ^^^^^^^^^^^^^^^^^^^^^^^^^^^^^^^^^^^^
  File "/Users/hiralgandharva/Desktop/Hardik/OpsisTechnology/Nestora/backend/venv/lib/python3.14/site-packages/fastapi/applications.py", line 1054, in __call__
    await super().__call__(scope, receive, send)
  File "/Users/hiralgandharva/Desktop/Hardik/OpsisTechnology/Nestora/backend/venv/lib/python3.14/site-packages/starlette/applications.py", line 123, in __call__
    await self.middleware_stack(scope, receive, send)
  File "/Users/hiralgandharva/Desktop/Hardik/OpsisTechnology/Nestora/backend/venv/lib/python3.14/site-packages/starlette/middleware/errors.py", line 186, in __call__
    raise exc
  File "/Users/hiralgandharva/Desktop/Hardik/OpsisTechnology/Nestora/backend/venv/lib/python3.14/site-packages/starlette/middleware/errors.py", line 164, in __call__
    await self.app(scope, receive, _send)
  File "/Users/hiralgandharva/Desktop/Hardik/OpsisTechnology/Nestora/backend/venv/lib/python3.14/site-packages/starlette/middleware/cors.py", line 93, in __call__
    await self.simple_response(scope, receive, send, request_headers=headers)
  File "/Users/hiralgandharva/Desktop/Hardik/OpsisTechnology/Nestora/backend/venv/lib/python3.14/site-packages/starlette/middleware/cors.py", line 148, in simple_response
    await self.app(scope, receive, send)
  File "/Users/hiralgandharva/Desktop/Hardik/OpsisTechnology/Nestora/backend/venv/lib/python3.14/site-packages/starlette/middleware/exceptions.py", line 65, in __call__
    await wrap_app_handling_exceptions(self.app, conn)(scope, receive, send)
  File "/Users/hiralgandharva/Desktop/Hardik/OpsisTechnology/Nestora/backend/venv/lib/python3.14/site-packages/starlette/_exception_handler.py", line 64, in wrapped_app
    raise exc
  File "/Users/hiralgandharva/Desktop/Hardik/OpsisTechnology/Nestora/backend/venv/lib/python3.14/site-packages/starlette/_exception_handler.py", line 53, in wrapped_app
    await app(scope, receive, sender)
  File "/Users/hiralgandharva/Desktop/Hardik/OpsisTechnology/Nestora/backend/venv/lib/python3.14/site-packages/starlette/routing.py", line 756, in __call__
    await self.middleware_stack(scope, receive, send)
  File "/Users/hiralgandharva/Desktop/Hardik/OpsisTechnology/Nestora/backend/venv/lib/python3.14/site-packages/starlette/routing.py", line 776, in app
    await route.handle(scope, receive, send)
  File "/Users/hiralgandharva/Desktop/Hardik/OpsisTechnology/Nestora/backend/venv/lib/python3.14/site-packages/starlette/routing.py", line 297, in handle
    await self.app(scope, receive, send)
  File "/Users/hiralgandharva/Desktop/Hardik/OpsisTechnology/Nestora/backend/venv/lib/python3.14/site-packages/starlette/routing.py", line 77, in app
    await wrap_app_handling_exceptions(app, request)(scope, receive, send)
  File "/Users/hiralgandharva/Desktop/Hardik/OpsisTechnology/Nestora/backend/venv/lib/python3.14/site-packages/starlette/_exception_handler.py", line 64, in wrapped_app
    raise exc
  File "/Users/hiralgandharva/Desktop/Hardik/OpsisTechnology/Nestora/backend/venv/lib/python3.14/site-packages/starlette/_exception_handler.py", line 53, in wrapped_app
    await app(scope, receive, sender)
  File "/Users/hiralgandharva/Desktop/Hardik/OpsisTechnology/Nestora/backend/venv/lib/python3.14/site-packages/starlette/routing.py", line 72, in app
    response = await func(request)
               ^^^^^^^^^^^^^^^^^^^
  File "/Users/hiralgandharva/Desktop/Hardik/OpsisTechnology/Nestora/backend/venv/lib/python3.14/site-packages/fastapi/routing.py", line 278, in app
    raw_response = await run_endpoint_function(
                   ^^^^^^^^^^^^^^^^^^^^^^^^^^^^
        dependant=dependant, values=values, is_coroutine=is_coroutine
        ^^^^^^^^^^^^^^^^^^^^^^^^^^^^^^^^^^^^^^^^^^^^^^^^^^^^^^^^^^^^^
    )
    ^
  File "/Users/hiralgandharva/Desktop/Hardik/OpsisTechnology/Nestora/backend/venv/lib/python3.14/site-packages/fastapi/routing.py", line 191, in run_endpoint_function
    return await dependant.call(**values)
           ^^^^^^^^^^^^^^^^^^^^^^^^^^^^^^
  File "/Users/hiralgandharva/Desktop/Hardik/OpsisTechnology/Nestora/backend/server.py", line 1033, in add_employee
    user_id = await db_execute(
              ^^^^^^^^^^^^^^^^^
    ...<4 lines>...
    )
    ^
  File "/Users/hiralgandharva/Desktop/Hardik/OpsisTechnology/Nestora/backend/server.py", line 91, in db_execute
    await cur.execute(sql, params)
  File "/Users/hiralgandharva/Desktop/Hardik/OpsisTechnology/Nestora/backend/venv/lib/python3.14/site-packages/aiomysql/cursors.py", line 239, in execute
    await self._query(query)
  File "/Users/hiralgandharva/Desktop/Hardik/OpsisTechnology/Nestora/backend/venv/lib/python3.14/site-packages/aiomysql/cursors.py", line 457, in _query
    await conn.query(q)
  File "/Users/hiralgandharva/Desktop/Hardik/OpsisTechnology/Nestora/backend/venv/lib/python3.14/site-packages/aiomysql/connection.py", line 469, in query
    await self._read_query_result(unbuffered=unbuffered)
  File "/Users/hiralgandharva/Desktop/Hardik/OpsisTechnology/Nestora/backend/venv/lib/python3.14/site-packages/aiomysql/connection.py", line 683, in _read_query_result
    await result.read()
  File "/Users/hiralgandharva/Desktop/Hardik/OpsisTechnology/Nestora/backend/venv/lib/python3.14/site-packages/aiomysql/connection.py", line 1164, in read
    first_packet = await self.connection._read_packet()
                   ^^^^^^^^^^^^^^^^^^^^^^^^^^^^^^^^^^^^
  File "/Users/hiralgandharva/Desktop/Hardik/OpsisTechnology/Nestora/backend/venv/lib/python3.14/site-packages/aiomysql/connection.py", line 652, in _read_packet
    packet.raise_for_error()
    ~~~~~~~~~~~~~~~~~~~~~~^^
  File "/Users/hiralgandharva/Desktop/Hardik/OpsisTechnology/Nestora/backend/venv/lib/python3.14/site-packages/pymysql/protocol.py", line 219, in raise_for_error
    err.raise_mysql_exception(self._data)
    ~~~~~~~~~~~~~~~~~~~~~~~~~^^^^^^^^^^^^
  File "/Users/hiralgandharva/Desktop/Hardik/OpsisTechnology/Nestora/backend/venv/lib/python3.14/site-packages/pymysql/err.py", line 154, in raise_mysql_exception
    raise errorclass(errno, errval, sqlstate=sqlstate)
pymysql.err.OperationalError: (1054, "Unknown column 'first_name' in 'field list'")
INFO:     127.0.0.1:60738 - "OPTIONS /api/admin/associations HTTP/1.1" 200 OK
INFO:     127.0.0.1:60738 - "GET /api/admin/associations HTTP/1.1" 200 OK
INFO:     127.0.0.1:60738 - "OPTIONS /api/admin/entities HTTP/1.1" 200 OK
INFO:     127.0.0.1:60740 - "OPTIONS /api/admin/entities HTTP/1.1" 200 OK
INFO:     127.0.0.1:60738 - "GET /api/admin/entities HTTP/1.1" 200 OK
INFO:     127.0.0.1:60738 - "GET /api/admin/entities HTTP/1.1" 200 OK
WARNING:  StatReload detected changes in 'server.py'. Reloading...
INFO:     Shutting down
INFO:     Waiting for application shutdown.
INFO:     Application shutdown complete.
INFO:     Finished server process [14383]
INFO:     Started server process [14457]
INFO:     Waiting for application startup.
/Users/hiralgandharva/Desktop/Hardik/OpsisTechnology/Nestora/backend/venv/lib/python3.14/site-packages/aiomysql/cursors.py:458: Warning: Table 'user_codes' already exists
  await self._do_get_result()
/Users/hiralgandharva/Desktop/Hardik/OpsisTechnology/Nestora/backend/venv/lib/python3.14/site-packages/aiomysql/cursors.py:458: Warning: Table 'user_details' already exists
  await self._do_get_result()
/Users/hiralgandharva/Desktop/Hardik/OpsisTechnology/Nestora/backend/venv/lib/python3.14/site-packages/aiomysql/cursors.py:458: Warning: Table 'entity_types' already exists
  await self._do_get_result()
/Users/hiralgandharva/Desktop/Hardik/OpsisTechnology/Nestora/backend/venv/lib/python3.14/site-packages/aiomysql/cursors.py:458: Warning: Table 'entities' already exists
  await self._do_get_result()
/Users/hiralgandharva/Desktop/Hardik/OpsisTechnology/Nestora/backend/venv/lib/python3.14/site-packages/aiomysql/cursors.py:458: Warning: Table 'roles' already exists
  await self._do_get_result()
/Users/hiralgandharva/Desktop/Hardik/OpsisTechnology/Nestora/backend/venv/lib/python3.14/site-packages/aiomysql/cursors.py:458: Warning: Table 'accounts' already exists
  await self._do_get_result()
/Users/hiralgandharva/Desktop/Hardik/OpsisTechnology/Nestora/backend/venv/lib/python3.14/site-packages/aiomysql/cursors.py:458: Warning: Table 'features' already exists
  await self._do_get_result()
/Users/hiralgandharva/Desktop/Hardik/OpsisTechnology/Nestora/backend/venv/lib/python3.14/site-packages/aiomysql/cursors.py:458: Warning: Integer display width is deprecated and will be removed in a future release.
  await self._do_get_result()
/Users/hiralgandharva/Desktop/Hardik/OpsisTechnology/Nestora/backend/venv/lib/python3.14/site-packages/aiomysql/cursors.py:458: Warning: Table 'role_feature_permissions' already exists
  await self._do_get_result()
/Users/hiralgandharva/Desktop/Hardik/OpsisTechnology/Nestora/backend/venv/lib/python3.14/site-packages/aiomysql/cursors.py:458: Warning: Table 'associations' already exists
  await self._do_get_result()
/Users/hiralgandharva/Desktop/Hardik/OpsisTechnology/Nestora/backend/venv/lib/python3.14/site-packages/aiomysql/cursors.py:458: Warning: Table 'admin_associations' already exists
  await self._do_get_result()
/Users/hiralgandharva/Desktop/Hardik/OpsisTechnology/Nestora/backend/venv/lib/python3.14/site-packages/aiomysql/cursors.py:458: Warning: Table 'code_requests' already exists
  await self._do_get_result()
/Users/hiralgandharva/Desktop/Hardik/OpsisTechnology/Nestora/backend/venv/lib/python3.14/site-packages/aiomysql/cursors.py:458: Warning: Table 'update_requests' already exists
  await self._do_get_result()
/Users/hiralgandharva/Desktop/Hardik/OpsisTechnology/Nestora/backend/venv/lib/python3.14/site-packages/aiomysql/cursors.py:458: Warning: Table 'email_log' already exists
  await self._do_get_result()
/Users/hiralgandharva/Desktop/Hardik/OpsisTechnology/Nestora/backend/venv/lib/python3.14/site-packages/aiomysql/cursors.py:458: Warning: Table 'announcements' already exists
  await self._do_get_result()
/Users/hiralgandharva/Desktop/Hardik/OpsisTechnology/Nestora/backend/venv/lib/python3.14/site-packages/aiomysql/cursors.py:458: Warning: Table 'events' already exists
  await self._do_get_result()
/Users/hiralgandharva/Desktop/Hardik/OpsisTechnology/Nestora/backend/venv/lib/python3.14/site-packages/aiomysql/cursors.py:458: Warning: Table 'event_rsvps' already exists
  await self._do_get_result()
/Users/hiralgandharva/Desktop/Hardik/OpsisTechnology/Nestora/backend/venv/lib/python3.14/site-packages/aiomysql/cursors.py:458: Warning: Field 'id' doesn't have a default value
  await self._do_get_result()
/Users/hiralgandharva/Desktop/Hardik/OpsisTechnology/Nestora/backend/venv/lib/python3.14/site-packages/aiomysql/cursors.py:458: Warning: Duplicate entry '' for key 'entity_types.PRIMARY'
  await self._do_get_result()
/Users/hiralgandharva/Desktop/Hardik/OpsisTechnology/Nestora/backend/venv/lib/python3.14/site-packages/aiomysql/cursors.py:458: Warning: Duplicate entry '' for key 'entities.PRIMARY'
  await self._do_get_result()
2026-07-22 20:56:43,480 - nestora - INFO - Nestora API started (MySQL connected).
INFO:     Application startup complete.
INFO:     127.0.0.1:62214 - "OPTIONS /api/admin/employees HTTP/1.1" 200 OK
INFO:     127.0.0.1:62214 - "GET /api/admin/employees HTTP/1.1" 500 Internal Server Error
ERROR:    Exception in ASGI application
Traceback (most recent call last):
  File "/Users/hiralgandharva/Desktop/Hardik/OpsisTechnology/Nestora/backend/venv/lib/python3.14/site-packages/uvicorn/protocols/http/h11_impl.py", line 408, in run_asgi
    result = await app(  # type: ignore[func-returns-value]
             ^^^^^^^^^^^^^^^^^^^^^^^^^^^^^^^^^^^^^^^^^^^^^^
        self.scope, self.receive, self.send
        ^^^^^^^^^^^^^^^^^^^^^^^^^^^^^^^^^^^
    )
    ^
  File "/Users/hiralgandharva/Desktop/Hardik/OpsisTechnology/Nestora/backend/venv/lib/python3.14/site-packages/uvicorn/middleware/proxy_headers.py", line 84, in __call__
    return await self.app(scope, receive, send)
           ^^^^^^^^^^^^^^^^^^^^^^^^^^^^^^^^^^^^
  File "/Users/hiralgandharva/Desktop/Hardik/OpsisTechnology/Nestora/backend/venv/lib/python3.14/site-packages/fastapi/applications.py", line 1054, in __call__
    await super().__call__(scope, receive, send)
  File "/Users/hiralgandharva/Desktop/Hardik/OpsisTechnology/Nestora/backend/venv/lib/python3.14/site-packages/starlette/applications.py", line 123, in __call__
    await self.middleware_stack(scope, receive, send)
  File "/Users/hiralgandharva/Desktop/Hardik/OpsisTechnology/Nestora/backend/venv/lib/python3.14/site-packages/starlette/middleware/errors.py", line 186, in __call__
    raise exc
  File "/Users/hiralgandharva/Desktop/Hardik/OpsisTechnology/Nestora/backend/venv/lib/python3.14/site-packages/starlette/middleware/errors.py", line 164, in __call__
    await self.app(scope, receive, _send)
  File "/Users/hiralgandharva/Desktop/Hardik/OpsisTechnology/Nestora/backend/venv/lib/python3.14/site-packages/starlette/middleware/cors.py", line 93, in __call__
    await self.simple_response(scope, receive, send, request_headers=headers)
  File "/Users/hiralgandharva/Desktop/Hardik/OpsisTechnology/Nestora/backend/venv/lib/python3.14/site-packages/starlette/middleware/cors.py", line 148, in simple_response
    await self.app(scope, receive, send)
  File "/Users/hiralgandharva/Desktop/Hardik/OpsisTechnology/Nestora/backend/venv/lib/python3.14/site-packages/starlette/middleware/exceptions.py", line 65, in __call__
    await wrap_app_handling_exceptions(self.app, conn)(scope, receive, send)
  File "/Users/hiralgandharva/Desktop/Hardik/OpsisTechnology/Nestora/backend/venv/lib/python3.14/site-packages/starlette/_exception_handler.py", line 64, in wrapped_app
    raise exc
  File "/Users/hiralgandharva/Desktop/Hardik/OpsisTechnology/Nestora/backend/venv/lib/python3.14/site-packages/starlette/_exception_handler.py", line 53, in wrapped_app
    await app(scope, receive, sender)
  File "/Users/hiralgandharva/Desktop/Hardik/OpsisTechnology/Nestora/backend/venv/lib/python3.14/site-packages/starlette/routing.py", line 756, in __call__
    await self.middleware_stack(scope, receive, send)
  File "/Users/hiralgandharva/Desktop/Hardik/OpsisTechnology/Nestora/backend/venv/lib/python3.14/site-packages/starlette/routing.py", line 776, in app
    await route.handle(scope, receive, send)
  File "/Users/hiralgandharva/Desktop/Hardik/OpsisTechnology/Nestora/backend/venv/lib/python3.14/site-packages/starlette/routing.py", line 297, in handle
    await self.app(scope, receive, send)
  File "/Users/hiralgandharva/Desktop/Hardik/OpsisTechnology/Nestora/backend/venv/lib/python3.14/site-packages/starlette/routing.py", line 77, in app
    await wrap_app_handling_exceptions(app, request)(scope, receive, send)
  File "/Users/hiralgandharva/Desktop/Hardik/OpsisTechnology/Nestora/backend/venv/lib/python3.14/site-packages/starlette/_exception_handler.py", line 64, in wrapped_app
    raise exc
  File "/Users/hiralgandharva/Desktop/Hardik/OpsisTechnology/Nestora/backend/venv/lib/python3.14/site-packages/starlette/_exception_handler.py", line 53, in wrapped_app
    await app(scope, receive, sender)
  File "/Users/hiralgandharva/Desktop/Hardik/OpsisTechnology/Nestora/backend/venv/lib/python3.14/site-packages/starlette/routing.py", line 72, in app
    response = await func(request)
               ^^^^^^^^^^^^^^^^^^^
  File "/Users/hiralgandharva/Desktop/Hardik/OpsisTechnology/Nestora/backend/venv/lib/python3.14/site-packages/fastapi/routing.py", line 278, in app
    raw_response = await run_endpoint_function(
                   ^^^^^^^^^^^^^^^^^^^^^^^^^^^^
        dependant=dependant, values=values, is_coroutine=is_coroutine
        ^^^^^^^^^^^^^^^^^^^^^^^^^^^^^^^^^^^^^^^^^^^^^^^^^^^^^^^^^^^^^
    )
    ^
  File "/Users/hiralgandharva/Desktop/Hardik/OpsisTechnology/Nestora/backend/venv/lib/python3.14/site-packages/fastapi/routing.py", line 191, in run_endpoint_function
    return await dependant.call(**values)
           ^^^^^^^^^^^^^^^^^^^^^^^^^^^^^^
  File "/Users/hiralgandharva/Desktop/Hardik/OpsisTechnology/Nestora/backend/server.py", line 1077, in list_employees
    rows = await db_fetchall(
           ^^^^^^^^^^^^^^^^^^
    ...<7 lines>...
    )
    ^
  File "/Users/hiralgandharva/Desktop/Hardik/OpsisTechnology/Nestora/backend/server.py", line 107, in db_fetchall
    await cur.execute(sql, params)
  File "/Users/hiralgandharva/Desktop/Hardik/OpsisTechnology/Nestora/backend/venv/lib/python3.14/site-packages/aiomysql/cursors.py", line 239, in execute
    await self._query(query)
  File "/Users/hiralgandharva/Desktop/Hardik/OpsisTechnology/Nestora/backend/venv/lib/python3.14/site-packages/aiomysql/cursors.py", line 457, in _query
    await conn.query(q)
  File "/Users/hiralgandharva/Desktop/Hardik/OpsisTechnology/Nestora/backend/venv/lib/python3.14/site-packages/aiomysql/connection.py", line 469, in query
    await self._read_query_result(unbuffered=unbuffered)
  File "/Users/hiralgandharva/Desktop/Hardik/OpsisTechnology/Nestora/backend/venv/lib/python3.14/site-packages/aiomysql/connection.py", line 683, in _read_query_result
    await result.read()
  File "/Users/hiralgandharva/Desktop/Hardik/OpsisTechnology/Nestora/backend/venv/lib/python3.14/site-packages/aiomysql/connection.py", line 1164, in read
    first_packet = await self.connection._read_packet()
                   ^^^^^^^^^^^^^^^^^^^^^^^^^^^^^^^^^^^^
  File "/Users/hiralgandharva/Desktop/Hardik/OpsisTechnology/Nestora/backend/venv/lib/python3.14/site-packages/aiomysql/connection.py", line 652, in _read_packet
    packet.raise_for_error()
    ~~~~~~~~~~~~~~~~~~~~~~^^
  File "/Users/hiralgandharva/Desktop/Hardik/OpsisTechnology/Nestora/backend/venv/lib/python3.14/site-packages/pymysql/protocol.py", line 219, in raise_for_error
    err.raise_mysql_exception(self._data)
    ~~~~~~~~~~~~~~~~~~~~~~~~~^^^^^^^^^^^^
  File "/Users/hiralgandharva/Desktop/Hardik/OpsisTechnology/Nestora/backend/venv/lib/python3.14/site-packages/pymysql/err.py", line 154, in raise_mysql_exception
    raise errorclass(errno, errval, sqlstate=sqlstate)
pymysql.err.OperationalError: (1054, "Unknown column 'a.raw_password' in 'field list'")
INFO:     127.0.0.1:62216 - "OPTIONS /api/admin/roles HTTP/1.1" 200 OK
INFO:     127.0.0.1:62219 - "OPTIONS /api/admin/roles HTTP/1.1" 200 OK
INFO:     127.0.0.1:62216 - "GET /api/admin/roles HTTP/1.1" 200 OK
INFO:     127.0.0.1:62219 - "OPTIONS /api/admin/entities HTTP/1.1" 200 OK
INFO:     127.0.0.1:62216 - "GET /api/admin/roles HTTP/1.1" 200 OK
INFO:     127.0.0.1:62221 - "GET /api/admin/entities HTTP/1.1" 200 OK
INFO:     127.0.0.1:62221 - "GET /api/admin/entities HTTP/1.1" 200 OK
INFO:     127.0.0.1:62259 - "OPTIONS /api/admin/employees HTTP/1.1" 200 OK
INFO:     127.0.0.1:62259 - "POST /api/admin/employees HTTP/1.1" 500 Internal Server Error
ERROR:    Exception in ASGI application
Traceback (most recent call last):
  File "/Users/hiralgandharva/Desktop/Hardik/OpsisTechnology/Nestora/backend/venv/lib/python3.14/site-packages/uvicorn/protocols/http/h11_impl.py", line 408, in run_asgi
    result = await app(  # type: ignore[func-returns-value]
             ^^^^^^^^^^^^^^^^^^^^^^^^^^^^^^^^^^^^^^^^^^^^^^
        self.scope, self.receive, self.send
        ^^^^^^^^^^^^^^^^^^^^^^^^^^^^^^^^^^^
    )
    ^
  File "/Users/hiralgandharva/Desktop/Hardik/OpsisTechnology/Nestora/backend/venv/lib/python3.14/site-packages/uvicorn/middleware/proxy_headers.py", line 84, in __call__
    return await self.app(scope, receive, send)
           ^^^^^^^^^^^^^^^^^^^^^^^^^^^^^^^^^^^^
  File "/Users/hiralgandharva/Desktop/Hardik/OpsisTechnology/Nestora/backend/venv/lib/python3.14/site-packages/fastapi/applications.py", line 1054, in __call__
    await super().__call__(scope, receive, send)
  File "/Users/hiralgandharva/Desktop/Hardik/OpsisTechnology/Nestora/backend/venv/lib/python3.14/site-packages/starlette/applications.py", line 123, in __call__
    await self.middleware_stack(scope, receive, send)
  File "/Users/hiralgandharva/Desktop/Hardik/OpsisTechnology/Nestora/backend/venv/lib/python3.14/site-packages/starlette/middleware/errors.py", line 186, in __call__
    raise exc
  File "/Users/hiralgandharva/Desktop/Hardik/OpsisTechnology/Nestora/backend/venv/lib/python3.14/site-packages/starlette/middleware/errors.py", line 164, in __call__
    await self.app(scope, receive, _send)
  File "/Users/hiralgandharva/Desktop/Hardik/OpsisTechnology/Nestora/backend/venv/lib/python3.14/site-packages/starlette/middleware/cors.py", line 93, in __call__
    await self.simple_response(scope, receive, send, request_headers=headers)
  File "/Users/hiralgandharva/Desktop/Hardik/OpsisTechnology/Nestora/backend/venv/lib/python3.14/site-packages/starlette/middleware/cors.py", line 148, in simple_response
    await self.app(scope, receive, send)
  File "/Users/hiralgandharva/Desktop/Hardik/OpsisTechnology/Nestora/backend/venv/lib/python3.14/site-packages/starlette/middleware/exceptions.py", line 65, in __call__
    await wrap_app_handling_exceptions(self.app, conn)(scope, receive, send)
  File "/Users/hiralgandharva/Desktop/Hardik/OpsisTechnology/Nestora/backend/venv/lib/python3.14/site-packages/starlette/_exception_handler.py", line 64, in wrapped_app
    raise exc
  File "/Users/hiralgandharva/Desktop/Hardik/OpsisTechnology/Nestora/backend/venv/lib/python3.14/site-packages/starlette/_exception_handler.py", line 53, in wrapped_app
    await app(scope, receive, sender)
  File "/Users/hiralgandharva/Desktop/Hardik/OpsisTechnology/Nestora/backend/venv/lib/python3.14/site-packages/starlette/routing.py", line 756, in __call__
    await self.middleware_stack(scope, receive, send)
  File "/Users/hiralgandharva/Desktop/Hardik/OpsisTechnology/Nestora/backend/venv/lib/python3.14/site-packages/starlette/routing.py", line 776, in app
    await route.handle(scope, receive, send)
  File "/Users/hiralgandharva/Desktop/Hardik/OpsisTechnology/Nestora/backend/venv/lib/python3.14/site-packages/starlette/routing.py", line 297, in handle
    await self.app(scope, receive, send)
  File "/Users/hiralgandharva/Desktop/Hardik/OpsisTechnology/Nestora/backend/venv/lib/python3.14/site-packages/starlette/routing.py", line 77, in app
    await wrap_app_handling_exceptions(app, request)(scope, receive, send)
  File "/Users/hiralgandharva/Desktop/Hardik/OpsisTechnology/Nestora/backend/venv/lib/python3.14/site-packages/starlette/_exception_handler.py", line 64, in wrapped_app
    raise exc
  File "/Users/hiralgandharva/Desktop/Hardik/OpsisTechnology/Nestora/backend/venv/lib/python3.14/site-packages/starlette/_exception_handler.py", line 53, in wrapped_app
    await app(scope, receive, sender)
  File "/Users/hiralgandharva/Desktop/Hardik/OpsisTechnology/Nestora/backend/venv/lib/python3.14/site-packages/starlette/routing.py", line 72, in app
    response = await func(request)
               ^^^^^^^^^^^^^^^^^^^
  File "/Users/hiralgandharva/Desktop/Hardik/OpsisTechnology/Nestora/backend/venv/lib/python3.14/site-packages/fastapi/routing.py", line 278, in app
    raw_response = await run_endpoint_function(
                   ^^^^^^^^^^^^^^^^^^^^^^^^^^^^
        dependant=dependant, values=values, is_coroutine=is_coroutine
        ^^^^^^^^^^^^^^^^^^^^^^^^^^^^^^^^^^^^^^^^^^^^^^^^^^^^^^^^^^^^^
    )
    ^
  File "/Users/hiralgandharva/Desktop/Hardik/OpsisTechnology/Nestora/backend/venv/lib/python3.14/site-packages/fastapi/routing.py", line 191, in run_endpoint_function
    return await dependant.call(**values)
           ^^^^^^^^^^^^^^^^^^^^^^^^^^^^^^
  File "/Users/hiralgandharva/Desktop/Hardik/OpsisTechnology/Nestora/backend/server.py", line 1053, in add_employee
    account_id = await db_execute(
                 ^^^^^^^^^^^^^^^^^
    ...<2 lines>...
    )
    ^
  File "/Users/hiralgandharva/Desktop/Hardik/OpsisTechnology/Nestora/backend/server.py", line 91, in db_execute
    await cur.execute(sql, params)
  File "/Users/hiralgandharva/Desktop/Hardik/OpsisTechnology/Nestora/backend/venv/lib/python3.14/site-packages/aiomysql/cursors.py", line 239, in execute
    await self._query(query)
  File "/Users/hiralgandharva/Desktop/Hardik/OpsisTechnology/Nestora/backend/venv/lib/python3.14/site-packages/aiomysql/cursors.py", line 457, in _query
    await conn.query(q)
  File "/Users/hiralgandharva/Desktop/Hardik/OpsisTechnology/Nestora/backend/venv/lib/python3.14/site-packages/aiomysql/connection.py", line 469, in query
    await self._read_query_result(unbuffered=unbuffered)
  File "/Users/hiralgandharva/Desktop/Hardik/OpsisTechnology/Nestora/backend/venv/lib/python3.14/site-packages/aiomysql/connection.py", line 683, in _read_query_result
    await result.read()
  File "/Users/hiralgandharva/Desktop/Hardik/OpsisTechnology/Nestora/backend/venv/lib/python3.14/site-packages/aiomysql/connection.py", line 1164, in read
    first_packet = await self.connection._read_packet()
                   ^^^^^^^^^^^^^^^^^^^^^^^^^^^^^^^^^^^^
  File "/Users/hiralgandharva/Desktop/Hardik/OpsisTechnology/Nestora/backend/venv/lib/python3.14/site-packages/aiomysql/connection.py", line 652, in _read_packet
    packet.raise_for_error()
    ~~~~~~~~~~~~~~~~~~~~~~^^
  File "/Users/hiralgandharva/Desktop/Hardik/OpsisTechnology/Nestora/backend/venv/lib/python3.14/site-packages/pymysql/protocol.py", line 219, in raise_for_error
    err.raise_mysql_exception(self._data)
    ~~~~~~~~~~~~~~~~~~~~~~~~~^^^^^^^^^^^^
  File "/Users/hiralgandharva/Desktop/Hardik/OpsisTechnology/Nestora/backend/venv/lib/python3.14/site-packages/pymysql/err.py", line 154, in raise_mysql_exception
    raise errorclass(errno, errval, sqlstate=sqlstate)
pymysql.err.OperationalError: (1054, "Unknown column 'raw_password' in 'field list'")
WARNING:  StatReload detected changes in 'server.py'. Reloading...
INFO:     Shutting down
INFO:     Waiting for application shutdown.
INFO:     Application shutdown complete.
INFO:     Finished server process [14457]
INFO:     Started server process [17209]
INFO:     Waiting for application startup.
/Users/hiralgandharva/Desktop/Hardik/OpsisTechnology/Nestora/backend/venv/lib/python3.14/site-packages/aiomysql/cursors.py:458: Warning: Table 'user_codes' already exists
  await self._do_get_result()
/Users/hiralgandharva/Desktop/Hardik/OpsisTechnology/Nestora/backend/venv/lib/python3.14/site-packages/aiomysql/cursors.py:458: Warning: Table 'user_details' already exists
  await self._do_get_result()
/Users/hiralgandharva/Desktop/Hardik/OpsisTechnology/Nestora/backend/venv/lib/python3.14/site-packages/aiomysql/cursors.py:458: Warning: Table 'entity_types' already exists
  await self._do_get_result()
/Users/hiralgandharva/Desktop/Hardik/OpsisTechnology/Nestora/backend/venv/lib/python3.14/site-packages/aiomysql/cursors.py:458: Warning: Table 'entities' already exists
  await self._do_get_result()
/Users/hiralgandharva/Desktop/Hardik/OpsisTechnology/Nestora/backend/venv/lib/python3.14/site-packages/aiomysql/cursors.py:458: Warning: Table 'roles' already exists
  await self._do_get_result()
/Users/hiralgandharva/Desktop/Hardik/OpsisTechnology/Nestora/backend/venv/lib/python3.14/site-packages/aiomysql/cursors.py:458: Warning: Table 'accounts' already exists
  await self._do_get_result()
/Users/hiralgandharva/Desktop/Hardik/OpsisTechnology/Nestora/backend/venv/lib/python3.14/site-packages/aiomysql/cursors.py:458: Warning: Table 'features' already exists
  await self._do_get_result()
/Users/hiralgandharva/Desktop/Hardik/OpsisTechnology/Nestora/backend/venv/lib/python3.14/site-packages/aiomysql/cursors.py:458: Warning: Integer display width is deprecated and will be removed in a future release.
  await self._do_get_result()
/Users/hiralgandharva/Desktop/Hardik/OpsisTechnology/Nestora/backend/venv/lib/python3.14/site-packages/aiomysql/cursors.py:458: Warning: Table 'role_feature_permissions' already exists
  await self._do_get_result()
/Users/hiralgandharva/Desktop/Hardik/OpsisTechnology/Nestora/backend/venv/lib/python3.14/site-packages/aiomysql/cursors.py:458: Warning: Table 'associations' already exists
  await self._do_get_result()
/Users/hiralgandharva/Desktop/Hardik/OpsisTechnology/Nestora/backend/venv/lib/python3.14/site-packages/aiomysql/cursors.py:458: Warning: Table 'admin_associations' already exists
  await self._do_get_result()
/Users/hiralgandharva/Desktop/Hardik/OpsisTechnology/Nestora/backend/venv/lib/python3.14/site-packages/aiomysql/cursors.py:458: Warning: Table 'code_requests' already exists
  await self._do_get_result()
/Users/hiralgandharva/Desktop/Hardik/OpsisTechnology/Nestora/backend/venv/lib/python3.14/site-packages/aiomysql/cursors.py:458: Warning: Table 'update_requests' already exists
  await self._do_get_result()
/Users/hiralgandharva/Desktop/Hardik/OpsisTechnology/Nestora/backend/venv/lib/python3.14/site-packages/aiomysql/cursors.py:458: Warning: Table 'email_log' already exists
  await self._do_get_result()
/Users/hiralgandharva/Desktop/Hardik/OpsisTechnology/Nestora/backend/venv/lib/python3.14/site-packages/aiomysql/cursors.py:458: Warning: Table 'announcements' already exists
  await self._do_get_result()
/Users/hiralgandharva/Desktop/Hardik/OpsisTechnology/Nestora/backend/venv/lib/python3.14/site-packages/aiomysql/cursors.py:458: Warning: Table 'events' already exists
  await self._do_get_result()
/Users/hiralgandharva/Desktop/Hardik/OpsisTechnology/Nestora/backend/venv/lib/python3.14/site-packages/aiomysql/cursors.py:458: Warning: Table 'event_rsvps' already exists
  await self._do_get_result()
/Users/hiralgandharva/Desktop/Hardik/OpsisTechnology/Nestora/backend/venv/lib/python3.14/site-packages/aiomysql/cursors.py:458: Warning: Field 'id' doesn't have a default value
  await self._do_get_result()
/Users/hiralgandharva/Desktop/Hardik/OpsisTechnology/Nestora/backend/venv/lib/python3.14/site-packages/aiomysql/cursors.py:458: Warning: Duplicate entry '' for key 'entity_types.PRIMARY'
  await self._do_get_result()
/Users/hiralgandharva/Desktop/Hardik/OpsisTechnology/Nestora/backend/venv/lib/python3.14/site-packages/aiomysql/cursors.py:458: Warning: Duplicate entry '' for key 'entities.PRIMARY'
  await self._do_get_result()
2026-07-22 22:47:57,873 - nestora - INFO - Nestora API started (MySQL connected).
INFO:     Application startup complete.
INFO:     127.0.0.1:62406 - "OPTIONS /api/auth/me HTTP/1.1" 200 OK
INFO:     127.0.0.1:62407 - "OPTIONS /api/auth/me HTTP/1.1" 200 OK
INFO:     127.0.0.1:62406 - "GET /api/auth/me HTTP/1.1" 200 OK
INFO:     127.0.0.1:62406 - "GET /api/auth/me HTTP/1.1" 200 OK
INFO:     127.0.0.1:62406 - "GET /api/admin/employees HTTP/1.1" 500 Internal Server Error
ERROR:    Exception in ASGI application
Traceback (most recent call last):
  File "/Users/hiralgandharva/Desktop/Hardik/OpsisTechnology/Nestora/backend/venv/lib/python3.14/site-packages/uvicorn/protocols/http/h11_impl.py", line 408, in run_asgi
    result = await app(  # type: ignore[func-returns-value]
             ^^^^^^^^^^^^^^^^^^^^^^^^^^^^^^^^^^^^^^^^^^^^^^
        self.scope, self.receive, self.send
        ^^^^^^^^^^^^^^^^^^^^^^^^^^^^^^^^^^^
    )
    ^
  File "/Users/hiralgandharva/Desktop/Hardik/OpsisTechnology/Nestora/backend/venv/lib/python3.14/site-packages/uvicorn/middleware/proxy_headers.py", line 84, in __call__
    return await self.app(scope, receive, send)
           ^^^^^^^^^^^^^^^^^^^^^^^^^^^^^^^^^^^^
  File "/Users/hiralgandharva/Desktop/Hardik/OpsisTechnology/Nestora/backend/venv/lib/python3.14/site-packages/fastapi/applications.py", line 1054, in __call__
    await super().__call__(scope, receive, send)
  File "/Users/hiralgandharva/Desktop/Hardik/OpsisTechnology/Nestora/backend/venv/lib/python3.14/site-packages/starlette/applications.py", line 123, in __call__
    await self.middleware_stack(scope, receive, send)
  File "/Users/hiralgandharva/Desktop/Hardik/OpsisTechnology/Nestora/backend/venv/lib/python3.14/site-packages/starlette/middleware/errors.py", line 186, in __call__
    raise exc
  File "/Users/hiralgandharva/Desktop/Hardik/OpsisTechnology/Nestora/backend/venv/lib/python3.14/site-packages/starlette/middleware/errors.py", line 164, in __call__
    await self.app(scope, receive, _send)
  File "/Users/hiralgandharva/Desktop/Hardik/OpsisTechnology/Nestora/backend/venv/lib/python3.14/site-packages/starlette/middleware/cors.py", line 93, in __call__
    await self.simple_response(scope, receive, send, request_headers=headers)
  File "/Users/hiralgandharva/Desktop/Hardik/OpsisTechnology/Nestora/backend/venv/lib/python3.14/site-packages/starlette/middleware/cors.py", line 148, in simple_response
    await self.app(scope, receive, send)
  File "/Users/hiralgandharva/Desktop/Hardik/OpsisTechnology/Nestora/backend/venv/lib/python3.14/site-packages/starlette/middleware/exceptions.py", line 65, in __call__
    await wrap_app_handling_exceptions(self.app, conn)(scope, receive, send)
  File "/Users/hiralgandharva/Desktop/Hardik/OpsisTechnology/Nestora/backend/venv/lib/python3.14/site-packages/starlette/_exception_handler.py", line 64, in wrapped_app
    raise exc
  File "/Users/hiralgandharva/Desktop/Hardik/OpsisTechnology/Nestora/backend/venv/lib/python3.14/site-packages/starlette/_exception_handler.py", line 53, in wrapped_app
    await app(scope, receive, sender)
  File "/Users/hiralgandharva/Desktop/Hardik/OpsisTechnology/Nestora/backend/venv/lib/python3.14/site-packages/starlette/routing.py", line 756, in __call__
    await self.middleware_stack(scope, receive, send)
  File "/Users/hiralgandharva/Desktop/Hardik/OpsisTechnology/Nestora/backend/venv/lib/python3.14/site-packages/starlette/routing.py", line 776, in app
    await route.handle(scope, receive, send)
  File "/Users/hiralgandharva/Desktop/Hardik/OpsisTechnology/Nestora/backend/venv/lib/python3.14/site-packages/starlette/routing.py", line 297, in handle
    await self.app(scope, receive, send)
  File "/Users/hiralgandharva/Desktop/Hardik/OpsisTechnology/Nestora/backend/venv/lib/python3.14/site-packages/starlette/routing.py", line 77, in app
    await wrap_app_handling_exceptions(app, request)(scope, receive, send)
  File "/Users/hiralgandharva/Desktop/Hardik/OpsisTechnology/Nestora/backend/venv/lib/python3.14/site-packages/starlette/_exception_handler.py", line 64, in wrapped_app
    raise exc
  File "/Users/hiralgandharva/Desktop/Hardik/OpsisTechnology/Nestora/backend/venv/lib/python3.14/site-packages/starlette/_exception_handler.py", line 53, in wrapped_app
    await app(scope, receive, sender)
  File "/Users/hiralgandharva/Desktop/Hardik/OpsisTechnology/Nestora/backend/venv/lib/python3.14/site-packages/starlette/routing.py", line 72, in app
    response = await func(request)
               ^^^^^^^^^^^^^^^^^^^
  File "/Users/hiralgandharva/Desktop/Hardik/OpsisTechnology/Nestora/backend/venv/lib/python3.14/site-packages/fastapi/routing.py", line 278, in app
    raw_response = await run_endpoint_function(
                   ^^^^^^^^^^^^^^^^^^^^^^^^^^^^
        dependant=dependant, values=values, is_coroutine=is_coroutine
        ^^^^^^^^^^^^^^^^^^^^^^^^^^^^^^^^^^^^^^^^^^^^^^^^^^^^^^^^^^^^^
    )
    ^
  File "/Users/hiralgandharva/Desktop/Hardik/OpsisTechnology/Nestora/backend/venv/lib/python3.14/site-packages/fastapi/routing.py", line 191, in run_endpoint_function
    return await dependant.call(**values)
           ^^^^^^^^^^^^^^^^^^^^^^^^^^^^^^
  File "/Users/hiralgandharva/Desktop/Hardik/OpsisTechnology/Nestora/backend/server.py", line 1084, in list_employees
    rows = await db_fetchall(
           ^^^^^^^^^^^^^^^^^^
    ...<7 lines>...
    )
    ^
  File "/Users/hiralgandharva/Desktop/Hardik/OpsisTechnology/Nestora/backend/server.py", line 114, in db_fetchall
    await cur.execute(sql, params)
  File "/Users/hiralgandharva/Desktop/Hardik/OpsisTechnology/Nestora/backend/venv/lib/python3.14/site-packages/aiomysql/cursors.py", line 239, in execute
    await self._query(query)
  File "/Users/hiralgandharva/Desktop/Hardik/OpsisTechnology/Nestora/backend/venv/lib/python3.14/site-packages/aiomysql/cursors.py", line 457, in _query
    await conn.query(q)
  File "/Users/hiralgandharva/Desktop/Hardik/OpsisTechnology/Nestora/backend/venv/lib/python3.14/site-packages/aiomysql/connection.py", line 469, in query
    await self._read_query_result(unbuffered=unbuffered)
  File "/Users/hiralgandharva/Desktop/Hardik/OpsisTechnology/Nestora/backend/venv/lib/python3.14/site-packages/aiomysql/connection.py", line 683, in _read_query_result
    await result.read()
  File "/Users/hiralgandharva/Desktop/Hardik/OpsisTechnology/Nestora/backend/venv/lib/python3.14/site-packages/aiomysql/connection.py", line 1164, in read
    first_packet = await self.connection._read_packet()
                   ^^^^^^^^^^^^^^^^^^^^^^^^^^^^^^^^^^^^
  File "/Users/hiralgandharva/Desktop/Hardik/OpsisTechnology/Nestora/backend/venv/lib/python3.14/site-packages/aiomysql/connection.py", line 652, in _read_packet
    packet.raise_for_error()
    ~~~~~~~~~~~~~~~~~~~~~~^^
  File "/Users/hiralgandharva/Desktop/Hardik/OpsisTechnology/Nestora/backend/venv/lib/python3.14/site-packages/pymysql/protocol.py", line 219, in raise_for_error
    err.raise_mysql_exception(self._data)
    ~~~~~~~~~~~~~~~~~~~~~~~~~^^^^^^^^^^^^
  File "/Users/hiralgandharva/Desktop/Hardik/OpsisTechnology/Nestora/backend/venv/lib/python3.14/site-packages/pymysql/err.py", line 154, in raise_mysql_exception
    raise errorclass(errno, errval, sqlstate=sqlstate)
pymysql.err.OperationalError: (1054, "Unknown column 'a.raw_password' in 'field list'")
INFO:     127.0.0.1:62407 - "GET /api/admin/roles HTTP/1.1" 200 OK
INFO:     127.0.0.1:62407 - "GET /api/admin/roles HTTP/1.1" 200 OK
INFO:     127.0.0.1:62409 - "GET /api/admin/entities HTTP/1.1" 200 OK
INFO:     127.0.0.1:62409 - "GET /api/admin/entities HTTP/1.1" 200 OK
INFO:     127.0.0.1:62446 - "POST /api/admin/employees HTTP/1.1" 500 Internal Server Error
ERROR:    Exception in ASGI application
Traceback (most recent call last):
  File "/Users/hiralgandharva/Desktop/Hardik/OpsisTechnology/Nestora/backend/venv/lib/python3.14/site-packages/uvicorn/protocols/http/h11_impl.py", line 408, in run_asgi
    result = await app(  # type: ignore[func-returns-value]
             ^^^^^^^^^^^^^^^^^^^^^^^^^^^^^^^^^^^^^^^^^^^^^^
        self.scope, self.receive, self.send
        ^^^^^^^^^^^^^^^^^^^^^^^^^^^^^^^^^^^
    )
    ^
  File "/Users/hiralgandharva/Desktop/Hardik/OpsisTechnology/Nestora/backend/venv/lib/python3.14/site-packages/uvicorn/middleware/proxy_headers.py", line 84, in __call__
    return await self.app(scope, receive, send)
           ^^^^^^^^^^^^^^^^^^^^^^^^^^^^^^^^^^^^
  File "/Users/hiralgandharva/Desktop/Hardik/OpsisTechnology/Nestora/backend/venv/lib/python3.14/site-packages/fastapi/applications.py", line 1054, in __call__
    await super().__call__(scope, receive, send)
  File "/Users/hiralgandharva/Desktop/Hardik/OpsisTechnology/Nestora/backend/venv/lib/python3.14/site-packages/starlette/applications.py", line 123, in __call__
    await self.middleware_stack(scope, receive, send)
  File "/Users/hiralgandharva/Desktop/Hardik/OpsisTechnology/Nestora/backend/venv/lib/python3.14/site-packages/starlette/middleware/errors.py", line 186, in __call__
    raise exc
  File "/Users/hiralgandharva/Desktop/Hardik/OpsisTechnology/Nestora/backend/venv/lib/python3.14/site-packages/starlette/middleware/errors.py", line 164, in __call__
    await self.app(scope, receive, _send)
  File "/Users/hiralgandharva/Desktop/Hardik/OpsisTechnology/Nestora/backend/venv/lib/python3.14/site-packages/starlette/middleware/cors.py", line 93, in __call__
    await self.simple_response(scope, receive, send, request_headers=headers)
  File "/Users/hiralgandharva/Desktop/Hardik/OpsisTechnology/Nestora/backend/venv/lib/python3.14/site-packages/starlette/middleware/cors.py", line 148, in simple_response
    await self.app(scope, receive, send)
  File "/Users/hiralgandharva/Desktop/Hardik/OpsisTechnology/Nestora/backend/venv/lib/python3.14/site-packages/starlette/middleware/exceptions.py", line 65, in __call__
    await wrap_app_handling_exceptions(self.app, conn)(scope, receive, send)
  File "/Users/hiralgandharva/Desktop/Hardik/OpsisTechnology/Nestora/backend/venv/lib/python3.14/site-packages/starlette/_exception_handler.py", line 64, in wrapped_app
    raise exc
  File "/Users/hiralgandharva/Desktop/Hardik/OpsisTechnology/Nestora/backend/venv/lib/python3.14/site-packages/starlette/_exception_handler.py", line 53, in wrapped_app
    await app(scope, receive, sender)
  File "/Users/hiralgandharva/Desktop/Hardik/OpsisTechnology/Nestora/backend/venv/lib/python3.14/site-packages/starlette/routing.py", line 756, in __call__
    await self.middleware_stack(scope, receive, send)
  File "/Users/hiralgandharva/Desktop/Hardik/OpsisTechnology/Nestora/backend/venv/lib/python3.14/site-packages/starlette/routing.py", line 776, in app
    await route.handle(scope, receive, send)
  File "/Users/hiralgandharva/Desktop/Hardik/OpsisTechnology/Nestora/backend/venv/lib/python3.14/site-packages/starlette/routing.py", line 297, in handle
    await self.app(scope, receive, send)
  File "/Users/hiralgandharva/Desktop/Hardik/OpsisTechnology/Nestora/backend/venv/lib/python3.14/site-packages/starlette/routing.py", line 77, in app
    await wrap_app_handling_exceptions(app, request)(scope, receive, send)
  File "/Users/hiralgandharva/Desktop/Hardik/OpsisTechnology/Nestora/backend/venv/lib/python3.14/site-packages/starlette/_exception_handler.py", line 64, in wrapped_app
    raise exc
  File "/Users/hiralgandharva/Desktop/Hardik/OpsisTechnology/Nestora/backend/venv/lib/python3.14/site-packages/starlette/_exception_handler.py", line 53, in wrapped_app
    await app(scope, receive, sender)
  File "/Users/hiralgandharva/Desktop/Hardik/OpsisTechnology/Nestora/backend/venv/lib/python3.14/site-packages/starlette/routing.py", line 72, in app
    response = await func(request)
               ^^^^^^^^^^^^^^^^^^^
  File "/Users/hiralgandharva/Desktop/Hardik/OpsisTechnology/Nestora/backend/venv/lib/python3.14/site-packages/fastapi/routing.py", line 278, in app
    raw_response = await run_endpoint_function(
                   ^^^^^^^^^^^^^^^^^^^^^^^^^^^^
        dependant=dependant, values=values, is_coroutine=is_coroutine
        ^^^^^^^^^^^^^^^^^^^^^^^^^^^^^^^^^^^^^^^^^^^^^^^^^^^^^^^^^^^^^
    )
    ^
  File "/Users/hiralgandharva/Desktop/Hardik/OpsisTechnology/Nestora/backend/venv/lib/python3.14/site-packages/fastapi/routing.py", line 191, in run_endpoint_function
    return await dependant.call(**values)
           ^^^^^^^^^^^^^^^^^^^^^^^^^^^^^^
  File "/Users/hiralgandharva/Desktop/Hardik/OpsisTechnology/Nestora/backend/server.py", line 1060, in add_employee
    account_id = await db_execute(
                 ^^^^^^^^^^^^^^^^^
    ...<2 lines>...
    )
    ^
  File "/Users/hiralgandharva/Desktop/Hardik/OpsisTechnology/Nestora/backend/server.py", line 98, in db_execute
    await cur.execute(sql, params)
  File "/Users/hiralgandharva/Desktop/Hardik/OpsisTechnology/Nestora/backend/venv/lib/python3.14/site-packages/aiomysql/cursors.py", line 239, in execute
    await self._query(query)
  File "/Users/hiralgandharva/Desktop/Hardik/OpsisTechnology/Nestora/backend/venv/lib/python3.14/site-packages/aiomysql/cursors.py", line 457, in _query
    await conn.query(q)
  File "/Users/hiralgandharva/Desktop/Hardik/OpsisTechnology/Nestora/backend/venv/lib/python3.14/site-packages/aiomysql/connection.py", line 469, in query
    await self._read_query_result(unbuffered=unbuffered)
  File "/Users/hiralgandharva/Desktop/Hardik/OpsisTechnology/Nestora/backend/venv/lib/python3.14/site-packages/aiomysql/connection.py", line 683, in _read_query_result
    await result.read()
  File "/Users/hiralgandharva/Desktop/Hardik/OpsisTechnology/Nestora/backend/venv/lib/python3.14/site-packages/aiomysql/connection.py", line 1164, in read
    first_packet = await self.connection._read_packet()
                   ^^^^^^^^^^^^^^^^^^^^^^^^^^^^^^^^^^^^
  File "/Users/hiralgandharva/Desktop/Hardik/OpsisTechnology/Nestora/backend/venv/lib/python3.14/site-packages/aiomysql/connection.py", line 652, in _read_packet
    packet.raise_for_error()
    ~~~~~~~~~~~~~~~~~~~~~~^^
  File "/Users/hiralgandharva/Desktop/Hardik/OpsisTechnology/Nestora/backend/venv/lib/python3.14/site-packages/pymysql/protocol.py", line 219, in raise_for_error
    err.raise_mysql_exception(self._data)
    ~~~~~~~~~~~~~~~~~~~~~~~~~^^^^^^^^^^^^
  File "/Users/hiralgandharva/Desktop/Hardik/OpsisTechnology/Nestora/backend/venv/lib/python3.14/site-packages/pymysql/err.py", line 154, in raise_mysql_exception
    raise errorclass(errno, errval, sqlstate=sqlstate)
pymysql.err.OperationalError: (1054, "Unknown column 'raw_password' in 'field list'")
INFO:     127.0.0.1:62462 - "OPTIONS /api/admin/associations HTTP/1.1" 200 OK
INFO:     127.0.0.1:62462 - "GET /api/admin/associations HTTP/1.1" 200 OK
INFO:     127.0.0.1:62480 - "OPTIONS /api/admin/employees HTTP/1.1" 200 OK
INFO:     127.0.0.1:62480 - "GET /api/admin/employees HTTP/1.1" 500 Internal Server Error
ERROR:    Exception in ASGI application
Traceback (most recent call last):
  File "/Users/hiralgandharva/Desktop/Hardik/OpsisTechnology/Nestora/backend/venv/lib/python3.14/site-packages/uvicorn/protocols/http/h11_impl.py", line 408, in run_asgi
    result = await app(  # type: ignore[func-returns-value]
             ^^^^^^^^^^^^^^^^^^^^^^^^^^^^^^^^^^^^^^^^^^^^^^
        self.scope, self.receive, self.send
        ^^^^^^^^^^^^^^^^^^^^^^^^^^^^^^^^^^^
    )
    ^
  File "/Users/hiralgandharva/Desktop/Hardik/OpsisTechnology/Nestora/backend/venv/lib/python3.14/site-packages/uvicorn/middleware/proxy_headers.py", line 84, in __call__
    return await self.app(scope, receive, send)
           ^^^^^^^^^^^^^^^^^^^^^^^^^^^^^^^^^^^^
  File "/Users/hiralgandharva/Desktop/Hardik/OpsisTechnology/Nestora/backend/venv/lib/python3.14/site-packages/fastapi/applications.py", line 1054, in __call__
    await super().__call__(scope, receive, send)
  File "/Users/hiralgandharva/Desktop/Hardik/OpsisTechnology/Nestora/backend/venv/lib/python3.14/site-packages/starlette/applications.py", line 123, in __call__
    await self.middleware_stack(scope, receive, send)
  File "/Users/hiralgandharva/Desktop/Hardik/OpsisTechnology/Nestora/backend/venv/lib/python3.14/site-packages/starlette/middleware/errors.py", line 186, in __call__
    raise exc
  File "/Users/hiralgandharva/Desktop/Hardik/OpsisTechnology/Nestora/backend/venv/lib/python3.14/site-packages/starlette/middleware/errors.py", line 164, in __call__
    await self.app(scope, receive, _send)
  File "/Users/hiralgandharva/Desktop/Hardik/OpsisTechnology/Nestora/backend/venv/lib/python3.14/site-packages/starlette/middleware/cors.py", line 93, in __call__
    await self.simple_response(scope, receive, send, request_headers=headers)
  File "/Users/hiralgandharva/Desktop/Hardik/OpsisTechnology/Nestora/backend/venv/lib/python3.14/site-packages/starlette/middleware/cors.py", line 148, in simple_response
    await self.app(scope, receive, send)
  File "/Users/hiralgandharva/Desktop/Hardik/OpsisTechnology/Nestora/backend/venv/lib/python3.14/site-packages/starlette/middleware/exceptions.py", line 65, in __call__
    await wrap_app_handling_exceptions(self.app, conn)(scope, receive, send)
  File "/Users/hiralgandharva/Desktop/Hardik/OpsisTechnology/Nestora/backend/venv/lib/python3.14/site-packages/starlette/_exception_handler.py", line 64, in wrapped_app
    raise exc
  File "/Users/hiralgandharva/Desktop/Hardik/OpsisTechnology/Nestora/backend/venv/lib/python3.14/site-packages/starlette/_exception_handler.py", line 53, in wrapped_app
    await app(scope, receive, sender)
  File "/Users/hiralgandharva/Desktop/Hardik/OpsisTechnology/Nestora/backend/venv/lib/python3.14/site-packages/starlette/routing.py", line 756, in __call__
    await self.middleware_stack(scope, receive, send)
  File "/Users/hiralgandharva/Desktop/Hardik/OpsisTechnology/Nestora/backend/venv/lib/python3.14/site-packages/starlette/routing.py", line 776, in app
    await route.handle(scope, receive, send)
  File "/Users/hiralgandharva/Desktop/Hardik/OpsisTechnology/Nestora/backend/venv/lib/python3.14/site-packages/starlette/routing.py", line 297, in handle
    await self.app(scope, receive, send)
  File "/Users/hiralgandharva/Desktop/Hardik/OpsisTechnology/Nestora/backend/venv/lib/python3.14/site-packages/starlette/routing.py", line 77, in app
    await wrap_app_handling_exceptions(app, request)(scope, receive, send)
  File "/Users/hiralgandharva/Desktop/Hardik/OpsisTechnology/Nestora/backend/venv/lib/python3.14/site-packages/starlette/_exception_handler.py", line 64, in wrapped_app
    raise exc
  File "/Users/hiralgandharva/Desktop/Hardik/OpsisTechnology/Nestora/backend/venv/lib/python3.14/site-packages/starlette/_exception_handler.py", line 53, in wrapped_app
    await app(scope, receive, sender)
  File "/Users/hiralgandharva/Desktop/Hardik/OpsisTechnology/Nestora/backend/venv/lib/python3.14/site-packages/starlette/routing.py", line 72, in app
    response = await func(request)
               ^^^^^^^^^^^^^^^^^^^
  File "/Users/hiralgandharva/Desktop/Hardik/OpsisTechnology/Nestora/backend/venv/lib/python3.14/site-packages/fastapi/routing.py", line 278, in app
    raw_response = await run_endpoint_function(
                   ^^^^^^^^^^^^^^^^^^^^^^^^^^^^
        dependant=dependant, values=values, is_coroutine=is_coroutine
        ^^^^^^^^^^^^^^^^^^^^^^^^^^^^^^^^^^^^^^^^^^^^^^^^^^^^^^^^^^^^^
    )
    ^
  File "/Users/hiralgandharva/Desktop/Hardik/OpsisTechnology/Nestora/backend/venv/lib/python3.14/site-packages/fastapi/routing.py", line 191, in run_endpoint_function
    return await dependant.call(**values)
           ^^^^^^^^^^^^^^^^^^^^^^^^^^^^^^
  File "/Users/hiralgandharva/Desktop/Hardik/OpsisTechnology/Nestora/backend/server.py", line 1084, in list_employees
    rows = await db_fetchall(
           ^^^^^^^^^^^^^^^^^^
    ...<7 lines>...
    )
    ^
  File "/Users/hiralgandharva/Desktop/Hardik/OpsisTechnology/Nestora/backend/server.py", line 114, in db_fetchall
    await cur.execute(sql, params)
  File "/Users/hiralgandharva/Desktop/Hardik/OpsisTechnology/Nestora/backend/venv/lib/python3.14/site-packages/aiomysql/cursors.py", line 239, in execute
    await self._query(query)
  File "/Users/hiralgandharva/Desktop/Hardik/OpsisTechnology/Nestora/backend/venv/lib/python3.14/site-packages/aiomysql/cursors.py", line 457, in _query
    await conn.query(q)
  File "/Users/hiralgandharva/Desktop/Hardik/OpsisTechnology/Nestora/backend/venv/lib/python3.14/site-packages/aiomysql/connection.py", line 469, in query
    await self._read_query_result(unbuffered=unbuffered)
  File "/Users/hiralgandharva/Desktop/Hardik/OpsisTechnology/Nestora/backend/venv/lib/python3.14/site-packages/aiomysql/connection.py", line 683, in _read_query_result
    await result.read()
  File "/Users/hiralgandharva/Desktop/Hardik/OpsisTechnology/Nestora/backend/venv/lib/python3.14/site-packages/aiomysql/connection.py", line 1164, in read
    first_packet = await self.connection._read_packet()
                   ^^^^^^^^^^^^^^^^^^^^^^^^^^^^^^^^^^^^
  File "/Users/hiralgandharva/Desktop/Hardik/OpsisTechnology/Nestora/backend/venv/lib/python3.14/site-packages/aiomysql/connection.py", line 652, in _read_packet
    packet.raise_for_error()
    ~~~~~~~~~~~~~~~~~~~~~~^^
  File "/Users/hiralgandharva/Desktop/Hardik/OpsisTechnology/Nestora/backend/venv/lib/python3.14/site-packages/pymysql/protocol.py", line 219, in raise_for_error
    err.raise_mysql_exception(self._data)
    ~~~~~~~~~~~~~~~~~~~~~~~~~^^^^^^^^^^^^
  File "/Users/hiralgandharva/Desktop/Hardik/OpsisTechnology/Nestora/backend/venv/lib/python3.14/site-packages/pymysql/err.py", line 154, in raise_mysql_exception
    raise errorclass(errno, errval, sqlstate=sqlstate)
pymysql.err.OperationalError: (1054, "Unknown column 'a.raw_password' in 'field list'")
WARNING:  StatReload detected changes in 'server.py'. Reloading...
INFO:     Shutting down
INFO:     Waiting for application shutdown.
INFO:     Application shutdown complete.
INFO:     Finished server process [17209]
INFO:     Started server process [17452]
INFO:     Waiting for application startup.
/Users/hiralgandharva/Desktop/Hardik/OpsisTechnology/Nestora/backend/venv/lib/python3.14/site-packages/aiomysql/cursors.py:458: Warning: Table 'user_codes' already exists
  await self._do_get_result()
/Users/hiralgandharva/Desktop/Hardik/OpsisTechnology/Nestora/backend/venv/lib/python3.14/site-packages/aiomysql/cursors.py:458: Warning: Table 'user_details' already exists
  await self._do_get_result()
/Users/hiralgandharva/Desktop/Hardik/OpsisTechnology/Nestora/backend/venv/lib/python3.14/site-packages/aiomysql/cursors.py:458: Warning: Table 'entity_types' already exists
  await self._do_get_result()
/Users/hiralgandharva/Desktop/Hardik/OpsisTechnology/Nestora/backend/venv/lib/python3.14/site-packages/aiomysql/cursors.py:458: Warning: Table 'entities' already exists
  await self._do_get_result()
/Users/hiralgandharva/Desktop/Hardik/OpsisTechnology/Nestora/backend/venv/lib/python3.14/site-packages/aiomysql/cursors.py:458: Warning: Table 'roles' already exists
  await self._do_get_result()
/Users/hiralgandharva/Desktop/Hardik/OpsisTechnology/Nestora/backend/venv/lib/python3.14/site-packages/aiomysql/cursors.py:458: Warning: Table 'accounts' already exists
  await self._do_get_result()
/Users/hiralgandharva/Desktop/Hardik/OpsisTechnology/Nestora/backend/venv/lib/python3.14/site-packages/aiomysql/cursors.py:458: Warning: Table 'features' already exists
  await self._do_get_result()
/Users/hiralgandharva/Desktop/Hardik/OpsisTechnology/Nestora/backend/venv/lib/python3.14/site-packages/aiomysql/cursors.py:458: Warning: Integer display width is deprecated and will be removed in a future release.
  await self._do_get_result()
/Users/hiralgandharva/Desktop/Hardik/OpsisTechnology/Nestora/backend/venv/lib/python3.14/site-packages/aiomysql/cursors.py:458: Warning: Table 'role_feature_permissions' already exists
  await self._do_get_result()
/Users/hiralgandharva/Desktop/Hardik/OpsisTechnology/Nestora/backend/venv/lib/python3.14/site-packages/aiomysql/cursors.py:458: Warning: Table 'associations' already exists
  await self._do_get_result()
/Users/hiralgandharva/Desktop/Hardik/OpsisTechnology/Nestora/backend/venv/lib/python3.14/site-packages/aiomysql/cursors.py:458: Warning: Table 'admin_associations' already exists
  await self._do_get_result()
/Users/hiralgandharva/Desktop/Hardik/OpsisTechnology/Nestora/backend/venv/lib/python3.14/site-packages/aiomysql/cursors.py:458: Warning: Table 'code_requests' already exists
  await self._do_get_result()
/Users/hiralgandharva/Desktop/Hardik/OpsisTechnology/Nestora/backend/venv/lib/python3.14/site-packages/aiomysql/cursors.py:458: Warning: Table 'update_requests' already exists
  await self._do_get_result()
/Users/hiralgandharva/Desktop/Hardik/OpsisTechnology/Nestora/backend/venv/lib/python3.14/site-packages/aiomysql/cursors.py:458: Warning: Table 'email_log' already exists
  await self._do_get_result()
/Users/hiralgandharva/Desktop/Hardik/OpsisTechnology/Nestora/backend/venv/lib/python3.14/site-packages/aiomysql/cursors.py:458: Warning: Table 'announcements' already exists
  await self._do_get_result()
/Users/hiralgandharva/Desktop/Hardik/OpsisTechnology/Nestora/backend/venv/lib/python3.14/site-packages/aiomysql/cursors.py:458: Warning: Table 'events' already exists
  await self._do_get_result()
/Users/hiralgandharva/Desktop/Hardik/OpsisTechnology/Nestora/backend/venv/lib/python3.14/site-packages/aiomysql/cursors.py:458: Warning: Table 'event_rsvps' already exists
  await self._do_get_result()
/Users/hiralgandharva/Desktop/Hardik/OpsisTechnology/Nestora/backend/venv/lib/python3.14/site-packages/aiomysql/cursors.py:458: Warning: Field 'id' doesn't have a default value
  await self._do_get_result()
/Users/hiralgandharva/Desktop/Hardik/OpsisTechnology/Nestora/backend/venv/lib/python3.14/site-packages/aiomysql/cursors.py:458: Warning: Duplicate entry '' for key 'entity_types.PRIMARY'
  await self._do_get_result()
/Users/hiralgandharva/Desktop/Hardik/OpsisTechnology/Nestora/backend/venv/lib/python3.14/site-packages/aiomysql/cursors.py:458: Warning: Duplicate entry '' for key 'entities.PRIMARY'
  await self._do_get_result()
2026-07-22 22:55:32,416 - nestora - INFO - Nestora API started (MySQL connected).
INFO:     Application startup complete.
INFO:     127.0.0.1:62561 - "GET /api/admin/associations HTTP/1.1" 200 OK
INFO:     127.0.0.1:62561 - "GET /api/admin/employees HTTP/1.1" 200 OK
INFO:     127.0.0.1:62566 - "OPTIONS /api/admin/roles HTTP/1.1" 200 OK
INFO:     127.0.0.1:62567 - "OPTIONS /api/admin/roles HTTP/1.1" 200 OK
INFO:     127.0.0.1:62566 - "GET /api/admin/roles HTTP/1.1" 200 OK
INFO:     127.0.0.1:62567 - "OPTIONS /api/admin/entities HTTP/1.1" 200 OK
INFO:     127.0.0.1:62566 - "GET /api/admin/roles HTTP/1.1" 200 OK
INFO:     127.0.0.1:62569 - "GET /api/admin/entities HTTP/1.1" 200 OK
INFO:     127.0.0.1:62569 - "GET /api/admin/entities HTTP/1.1" 200 OK
INFO:     127.0.0.1:62572 - "GET /api/admin/roles HTTP/1.1" 200 OK
INFO:     127.0.0.1:62572 - "GET /api/admin/roles HTTP/1.1" 200 OK
INFO:     127.0.0.1:62574 - "GET /api/admin/entities HTTP/1.1" 200 OK
INFO:     127.0.0.1:62574 - "GET /api/admin/entities HTTP/1.1" 200 OK
INFO:     127.0.0.1:62621 - "GET /api/admin/roles HTTP/1.1" 200 OK
INFO:     127.0.0.1:62621 - "GET /api/admin/roles HTTP/1.1" 200 OK
INFO:     127.0.0.1:62623 - "GET /api/admin/entities HTTP/1.1" 200 OK
INFO:     127.0.0.1:62623 - "GET /api/admin/entities HTTP/1.1" 200 OK
INFO:     127.0.0.1:62631 - "OPTIONS /api/admin/employees HTTP/1.1" 200 OK
INFO:     127.0.0.1:62631 - "POST /api/admin/employees HTTP/1.1" 500 Internal Server Error
ERROR:    Exception in ASGI application
Traceback (most recent call last):
  File "/Users/hiralgandharva/Desktop/Hardik/OpsisTechnology/Nestora/backend/venv/lib/python3.14/site-packages/uvicorn/protocols/http/h11_impl.py", line 408, in run_asgi
    result = await app(  # type: ignore[func-returns-value]
             ^^^^^^^^^^^^^^^^^^^^^^^^^^^^^^^^^^^^^^^^^^^^^^
        self.scope, self.receive, self.send
        ^^^^^^^^^^^^^^^^^^^^^^^^^^^^^^^^^^^
    )
    ^
  File "/Users/hiralgandharva/Desktop/Hardik/OpsisTechnology/Nestora/backend/venv/lib/python3.14/site-packages/uvicorn/middleware/proxy_headers.py", line 84, in __call__
    return await self.app(scope, receive, send)
           ^^^^^^^^^^^^^^^^^^^^^^^^^^^^^^^^^^^^
  File "/Users/hiralgandharva/Desktop/Hardik/OpsisTechnology/Nestora/backend/venv/lib/python3.14/site-packages/fastapi/applications.py", line 1054, in __call__
    await super().__call__(scope, receive, send)
  File "/Users/hiralgandharva/Desktop/Hardik/OpsisTechnology/Nestora/backend/venv/lib/python3.14/site-packages/starlette/applications.py", line 123, in __call__
    await self.middleware_stack(scope, receive, send)
  File "/Users/hiralgandharva/Desktop/Hardik/OpsisTechnology/Nestora/backend/venv/lib/python3.14/site-packages/starlette/middleware/errors.py", line 186, in __call__
    raise exc
  File "/Users/hiralgandharva/Desktop/Hardik/OpsisTechnology/Nestora/backend/venv/lib/python3.14/site-packages/starlette/middleware/errors.py", line 164, in __call__
    await self.app(scope, receive, _send)
  File "/Users/hiralgandharva/Desktop/Hardik/OpsisTechnology/Nestora/backend/venv/lib/python3.14/site-packages/starlette/middleware/cors.py", line 93, in __call__
    await self.simple_response(scope, receive, send, request_headers=headers)
  File "/Users/hiralgandharva/Desktop/Hardik/OpsisTechnology/Nestora/backend/venv/lib/python3.14/site-packages/starlette/middleware/cors.py", line 148, in simple_response
    await self.app(scope, receive, send)
  File "/Users/hiralgandharva/Desktop/Hardik/OpsisTechnology/Nestora/backend/venv/lib/python3.14/site-packages/starlette/middleware/exceptions.py", line 65, in __call__
    await wrap_app_handling_exceptions(self.app, conn)(scope, receive, send)
  File "/Users/hiralgandharva/Desktop/Hardik/OpsisTechnology/Nestora/backend/venv/lib/python3.14/site-packages/starlette/_exception_handler.py", line 64, in wrapped_app
    raise exc
  File "/Users/hiralgandharva/Desktop/Hardik/OpsisTechnology/Nestora/backend/venv/lib/python3.14/site-packages/starlette/_exception_handler.py", line 53, in wrapped_app
    await app(scope, receive, sender)
  File "/Users/hiralgandharva/Desktop/Hardik/OpsisTechnology/Nestora/backend/venv/lib/python3.14/site-packages/starlette/routing.py", line 756, in __call__
    await self.middleware_stack(scope, receive, send)
  File "/Users/hiralgandharva/Desktop/Hardik/OpsisTechnology/Nestora/backend/venv/lib/python3.14/site-packages/starlette/routing.py", line 776, in app
    await route.handle(scope, receive, send)
  File "/Users/hiralgandharva/Desktop/Hardik/OpsisTechnology/Nestora/backend/venv/lib/python3.14/site-packages/starlette/routing.py", line 297, in handle
    await self.app(scope, receive, send)
  File "/Users/hiralgandharva/Desktop/Hardik/OpsisTechnology/Nestora/backend/venv/lib/python3.14/site-packages/starlette/routing.py", line 77, in app
    await wrap_app_handling_exceptions(app, request)(scope, receive, send)
  File "/Users/hiralgandharva/Desktop/Hardik/OpsisTechnology/Nestora/backend/venv/lib/python3.14/site-packages/starlette/_exception_handler.py", line 64, in wrapped_app
    raise exc
  File "/Users/hiralgandharva/Desktop/Hardik/OpsisTechnology/Nestora/backend/venv/lib/python3.14/site-packages/starlette/_exception_handler.py", line 53, in wrapped_app
    await app(scope, receive, sender)
  File "/Users/hiralgandharva/Desktop/Hardik/OpsisTechnology/Nestora/backend/venv/lib/python3.14/site-packages/starlette/routing.py", line 72, in app
    response = await func(request)
               ^^^^^^^^^^^^^^^^^^^
  File "/Users/hiralgandharva/Desktop/Hardik/OpsisTechnology/Nestora/backend/venv/lib/python3.14/site-packages/fastapi/routing.py", line 278, in app
    raw_response = await run_endpoint_function(
                   ^^^^^^^^^^^^^^^^^^^^^^^^^^^^
        dependant=dependant, values=values, is_coroutine=is_coroutine
        ^^^^^^^^^^^^^^^^^^^^^^^^^^^^^^^^^^^^^^^^^^^^^^^^^^^^^^^^^^^^^
    )
    ^
  File "/Users/hiralgandharva/Desktop/Hardik/OpsisTechnology/Nestora/backend/venv/lib/python3.14/site-packages/fastapi/routing.py", line 191, in run_endpoint_function
    return await dependant.call(**values)
           ^^^^^^^^^^^^^^^^^^^^^^^^^^^^^^
  File "/Users/hiralgandharva/Desktop/Hardik/OpsisTechnology/Nestora/backend/server.py", line 1069, in add_employee
    await db_execute(
    ...<2 lines>...
    )
  File "/Users/hiralgandharva/Desktop/Hardik/OpsisTechnology/Nestora/backend/server.py", line 98, in db_execute
    await cur.execute(sql, params)
  File "/Users/hiralgandharva/Desktop/Hardik/OpsisTechnology/Nestora/backend/venv/lib/python3.14/site-packages/aiomysql/cursors.py", line 239, in execute
    await self._query(query)
  File "/Users/hiralgandharva/Desktop/Hardik/OpsisTechnology/Nestora/backend/venv/lib/python3.14/site-packages/aiomysql/cursors.py", line 457, in _query
    await conn.query(q)
  File "/Users/hiralgandharva/Desktop/Hardik/OpsisTechnology/Nestora/backend/venv/lib/python3.14/site-packages/aiomysql/connection.py", line 469, in query
    await self._read_query_result(unbuffered=unbuffered)
  File "/Users/hiralgandharva/Desktop/Hardik/OpsisTechnology/Nestora/backend/venv/lib/python3.14/site-packages/aiomysql/connection.py", line 683, in _read_query_result
    await result.read()
  File "/Users/hiralgandharva/Desktop/Hardik/OpsisTechnology/Nestora/backend/venv/lib/python3.14/site-packages/aiomysql/connection.py", line 1164, in read
    first_packet = await self.connection._read_packet()
                   ^^^^^^^^^^^^^^^^^^^^^^^^^^^^^^^^^^^^
  File "/Users/hiralgandharva/Desktop/Hardik/OpsisTechnology/Nestora/backend/venv/lib/python3.14/site-packages/aiomysql/connection.py", line 652, in _read_packet
    packet.raise_for_error()
    ~~~~~~~~~~~~~~~~~~~~~~^^
  File "/Users/hiralgandharva/Desktop/Hardik/OpsisTechnology/Nestora/backend/venv/lib/python3.14/site-packages/pymysql/protocol.py", line 219, in raise_for_error
    err.raise_mysql_exception(self._data)
    ~~~~~~~~~~~~~~~~~~~~~~~~~^^^^^^^^^^^^
  File "/Users/hiralgandharva/Desktop/Hardik/OpsisTechnology/Nestora/backend/venv/lib/python3.14/site-packages/pymysql/err.py", line 154, in raise_mysql_exception
    raise errorclass(errno, errval, sqlstate=sqlstate)
pymysql.err.IntegrityError: (1452, 'Cannot add or update a child row: a foreign key constraint fails (`nestora`.`admin_associations`, CONSTRAINT `admin_associations_ibfk_2` FOREIGN KEY (`association_id`) REFERENCES `associations` (`id`) ON DELETE CASCADE)')
